datetime,open,high,low,close,volume
2026-07-21 09:35:00+00:00,4063.19,4063.43,4062.81,4062.86,0.0
2026-07-21 09:36:00+00:00,4062.89,4062.9,4062.55,4062.62,0.0
2026-07-21 09:37:00+00:00,4062.62,4063.97,4062.13,4063.92,0.0
2026-07-21 09:38:00+00:00,4064.0,4064.13,4063.53,4063.53,0.0
2026-07-21 09:39:00+00:00,4063.54,4063.54,4061.94,4062.54,0.0
2026-07-21 09:40:00+00:00,4062.59,4062.94,4062.12,4062.37,0.0
2026-07-21 09:41:00+00:00,4062.45,4062.52,4061.87,4061.94,0.0
2026-07-21 09:42:00+00:00,4061.78,4061.94,4061.24,4061.46,0.0
2026-07-21 09:43:00+00:00,4061.47,4062.28,4061.28,4062.23,0.0
2026-07-21 09:44:00+00:00,4062.27,4062.91,4062.1,4062.59,0.0
2026-07-21 09:45:00+00:00,4062.55,4063.48,4062.31,4063.38,0.0
2026-07-21 09:46:00+00:00,4063.38,4065.34,4063.11,4064.47,0.0
2026-07-21 09:47:00+00:00,4064.79,4064.89,4064.18,4064.89,0.0
2026-07-21 09:48:00+00:00,4064.91,4066.02,4064.48,4066.02,0.0
2026-07-21 09:49:00+00:00,4066.32,4067.07,4066.21,4066.57,0.0
2026-07-21 09:50:00+00:00,4066.5,4066.5,4064.74,4064.85,0.0
2026-07-21 09:51:00+00:00,4064.87,4068.08,4064.69,4067.76,0.0
2026-07-21 09:52:00+00:00,4067.8,4068.24,4067.27,4068.12,0.0
2026-07-21 09:53:00+00:00,4068.12,4069.35,4068.01,4069.25,0.0
2026-07-21 09:54:00+00:00,4069.25,4069.63,4069.09,4069.09,0.0
2026-07-21 09:55:00+00:00,4069.18,4069.21,4068.11,4068.51,0.0
2026-07-21 09:56:00+00:00,4068.51,4069.24,4068.34,4068.89,0.0
2026-07-21 09:57:00+00:00,4068.93,4069.02,4067.13,4067.55,0.0
2026-07-21 09:58:00+00:00,4067.54,4068.17,4067.22,4068.12,0.0
2026-07-21 09:59:00+00:00,4068.17,4068.17,4065.9,4066.03,0.0
2026-07-21 10:00:00+00:00,4066.0,4067.23,4065.82,4066.05,0.0
2026-07-21 10:01:00+00:00,4066.05,4066.78,4066.05,4066.78,0.0
2026-07-21 10:02:00+00:00,4067.0,4068.02,4066.82,4067.89,0.0
2026-07-21 10:03:00+00:00,4067.86,4067.94,4066.2,4066.2,0.0
2026-07-21 10:04:00+00:00,4066.2,4066.2,4063.78,4064.08,0.0
2026-07-21 10:05:00+00:00,4064.09,4064.24,4063.68,4063.71,0.0
2026-07-21 10:06:00+00:00,4063.67,4063.84,4063.36,4063.48,0.0
2026-07-21 10:07:00+00:00,4063.47,4063.52,4062.97,4063.3,0.0
2026-07-21 10:08:00+00:00,4063.3,4063.39,4062.81,4062.87,0.0
2026-07-21 10:09:00+00:00,4062.86,4063.21,4061.74,4061.74,0.0
2026-07-21 10:10:00+00:00,4061.73,4064.74,4061.12,4064.71,0.0
2026-07-21 10:11:00+00:00,4064.73,4068.31,4064.46,4068.03,0.0
2026-07-21 10:12:00+00:00,4068.36,4068.36,4066.27,4066.55,0.0
2026-07-21 10:13:00+00:00,4066.48,4067.54,4066.41,4067.01,0.0
2026-07-21 10:14:00+00:00,4066.89,4067.4,4066.24,4066.33,0.0
2026-07-21 10:15:00+00:00,4066.39,4066.73,4065.18,4065.58,0.0
2026-07-21 10:16:00+00:00,4065.61,4067.27,4065.61,4066.68,0.0
2026-07-21 10:17:00+00:00,4066.7,4067.05,4066.25,4067.01,0.0
2026-07-21 10:18:00+00:00,4067.01,4068.27,4066.98,4067.82,0.0
2026-07-21 10:19:00+00:00,4067.81,4068.06,4067.52,4067.52,0.0
2026-07-21 10:20:00+00:00,4067.55,4067.79,4067.26,4067.69,0.0
2026-07-21 10:21:00+00:00,4067.75,4068.22,4067.17,4068.03,0.0
2026-07-21 10:22:00+00:00,4068.0,4068.39,4067.6,4068.06,0.0
2026-07-21 10:23:00+00:00,4067.74,4068.52,4067.55,4068.27,0.0
2026-07-21 10:24:00+00:00,4068.33,4068.73,4067.41,4067.53,0.0
2026-07-21 10:25:00+00:00,4067.54,4069.12,4067.35,4068.93,0.0
2026-07-21 10:26:00+00:00,4068.89,4069.35,4068.31,4068.95,0.0
2026-07-21 10:27:00+00:00,4068.97,4069.23,4067.9,4067.9,0.0
2026-07-21 10:28:00+00:00,4067.87,4068.22,4067.43,4067.73,0.0
2026-07-21 10:29:00+00:00,4067.67,4067.82,4066.41,4066.65,0.0
2026-07-21 10:30:00+00:00,4066.82,4067.72,4066.82,4067.42,0.0
2026-07-21 10:31:00+00:00,4067.44,4068.21,4067.43,4067.95,0.0
2026-07-21 10:32:00+00:00,4067.88,4067.9,4066.76,4067.88,0.0
2026-07-21 10:33:00+00:00,4067.94,4068.32,4067.24,4067.35,0.0
2026-07-21 10:34:00+00:00,4067.36,4068.47,4067.32,4068.42,0.0
2026-07-21 10:35:00+00:00,4068.33,4069.09,4068.15,4068.18,0.0
2026-07-21 10:36:00+00:00,4068.2,4069.96,4068.17,4069.53,0.0
2026-07-21 10:37:00+00:00,4069.54,4070.13,4068.85,4070.13,0.0
2026-07-21 10:38:00+00:00,4070.16,4070.19,4069.2,4069.2,0.0
2026-07-21 10:39:00+00:00,4069.2,4069.88,4068.71,4068.98,0.0
2026-07-21 10:40:00+00:00,4068.99,4068.99,4067.12,4067.74,0.0
2026-07-21 10:41:00+00:00,4067.77,4068.33,4067.54,4068.27,0.0
2026-07-21 10:42:00+00:00,4068.27,4068.48,4067.44,4067.46,0.0
2026-07-21 10:43:00+00:00,4067.48,4067.99,4067.47,4067.77,0.0
2026-07-21 10:44:00+00:00,4067.8,4067.93,4067.0,4067.2,0.0
2026-07-21 10:45:00+00:00,4067.2,4068.61,4067.06,4068.24,0.0
2026-07-21 10:46:00+00:00,4068.25,4068.52,4066.83,4066.83,0.0
2026-07-21 10:47:00+00:00,4066.81,4066.81,4064.12,4064.12,0.0
2026-07-21 10:48:00+00:00,4064.28,4064.38,4063.07,4063.83,0.0
2026-07-21 10:49:00+00:00,4063.82,4064.35,4063.12,4063.14,0.0
2026-07-21 10:50:00+00:00,4063.13,4064.36,4063.13,4063.36,0.0
2026-07-21 10:51:00+00:00,4063.41,4063.85,4063.07,4063.84,0.0
2026-07-21 10:52:00+00:00,4063.88,4065.67,4063.72,4065.54,0.0
2026-07-21 10:53:00+00:00,4065.27,4066.38,4065.27,4065.77,0.0
2026-07-21 10:54:00+00:00,4065.77,4066.04,4064.92,4064.92,0.0
2026-07-21 10:55:00+00:00,4064.94,4065.11,4064.22,4064.35,0.0
2026-07-21 10:56:00+00:00,4064.47,4064.96,4064.25,4064.95,0.0
2026-07-21 10:57:00+00:00,4064.96,4065.0,4062.81,4062.81,0.0
2026-07-21 10:58:00+00:00,4062.78,4063.95,4062.73,4062.83,0.0
2026-07-21 10:59:00+00:00,4062.95,4063.21,4062.78,4062.98,0.0
2026-07-21 11:00:00+00:00,4063.02,4063.72,4061.37,4061.37,0.0
2026-07-21 11:01:00+00:00,4061.23,4061.3,4060.25,4061.15,0.0
2026-07-21 11:02:00+00:00,4061.18,4061.98,4060.96,4061.06,0.0
2026-07-21 11:03:00+00:00,4061.04,4061.05,4059.61,4060.03,0.0
2026-07-21 11:04:00+00:00,4060.08,4060.13,4056.31,4056.7,0.0
2026-07-21 11:05:00+00:00,4056.84,4058.76,4056.79,4058.44,0.0
2026-07-21 11:06:00+00:00,4058.43,4059.02,4057.45,4057.45,0.0
2026-07-21 11:07:00+00:00,4057.43,4057.43,4055.69,4056.15,0.0
2026-07-21 11:08:00+00:00,4056.18,4057.16,4056.18,4056.89,0.0
2026-07-21 11:09:00+00:00,4056.91,4056.91,4055.69,4056.42,0.0
2026-07-21 11:10:00+00:00,4056.24,4057.36,4056.1,4056.77,0.0
2026-07-21 11:11:00+00:00,4056.85,4058.28,4056.85,4058.28,0.0
2026-07-21 11:12:00+00:00,4058.31,4059.14,4057.82,4058.57,0.0
2026-07-21 11:13:00+00:00,4058.52,4058.87,4057.94,4057.98,0.0
2026-07-21 11:14:00+00:00,4057.97,4058.73,4057.97,4058.65,0.0
2026-07-21 11:15:00+00:00,4058.65,4059.78,4058.61,4059.43,0.0
2026-07-21 11:16:00+00:00,4059.4,4059.5,4058.89,4058.89,0.0
2026-07-21 11:17:00+00:00,4058.82,4059.22,4058.6,4058.66,0.0
2026-07-21 11:18:00+00:00,4058.61,4059.72,4058.59,4058.95,0.0
2026-07-21 11:19:00+00:00,4058.94,4059.18,4058.24,4058.24,0.0
2026-07-21 11:20:00+00:00,4058.23,4058.28,4056.79,4057.16,0.0
2026-07-21 11:21:00+00:00,4057.2,4057.22,4056.38,4056.75,0.0
2026-07-21 11:22:00+00:00,4056.74,4057.93,4056.57,4057.93,0.0
2026-07-21 11:23:00+00:00,4057.9,4058.57,4057.9,4058.38,0.0
2026-07-21 11:24:00+00:00,4058.48,4059.5,4058.48,4059.5,0.0
2026-07-21 11:25:00+00:00,4059.49,4059.62,4057.37,4057.8,0.0
2026-07-21 11:26:00+00:00,4057.73,4058.46,4057.73,4058.38,0.0
2026-07-21 11:27:00+00:00,4058.37,4059.49,4058.0,4059.49,0.0
2026-07-21 11:28:00+00:00,4059.4,4059.75,4059.4,4059.58,0.0
2026-07-21 11:29:00+00:00,4059.59,4059.85,4058.18,4058.18,0.0
2026-07-21 11:30:00+00:00,4058.14,4059.73,4057.99,4059.46,0.0
2026-07-21 11:31:00+00:00,4059.47,4059.48,4058.23,4058.76,0.0
2026-07-21 11:32:00+00:00,4058.64,4059.13,4058.26,4058.26,0.0
2026-07-21 11:33:00+00:00,4058.23,4059.02,4058.14,4058.9,0.0
2026-07-21 11:34:00+00:00,4058.88,4059.23,4058.85,4058.94,0.0
2026-07-21 11:35:00+00:00,4058.97,4059.76,4058.83,4059.74,0.0
2026-07-21 11:36:00+00:00,4059.78,4060.91,4059.63,4060.62,0.0
2026-07-21 11:37:00+00:00,4060.54,4060.54,4059.93,4060.32,0.0
2026-07-21 11:38:00+00:00,4060.31,4060.65,4059.98,4060.02,0.0
2026-07-21 11:39:00+00:00,4060.26,4061.03,4059.89,4060.1,0.0
2026-07-21 11:40:00+00:00,4060.02,4060.09,4058.27,4058.27,0.0
2026-07-21 11:41:00+00:00,4058.24,4058.9,4057.4,4057.4,0.0
2026-07-21 11:42:00+00:00,4057.33,4057.53,4055.81,4055.92,0.0
2026-07-21 11:43:00+00:00,4055.89,4056.62,4055.67,4056.58,0.0
2026-07-21 11:44:00+00:00,4056.6,4056.7,4055.92,4056.19,0.0
2026-07-21 11:45:00+00:00,4056.15,4056.8,4054.64,4054.64,0.0
2026-07-21 11:46:00+00:00,4054.54,4055.27,4054.54,4055.2,0.0
2026-07-21 11:47:00+00:00,4055.2,4057.49,4055.2,4057.13,0.0
2026-07-21 11:48:00+00:00,4057.15,4057.3,4056.55,4056.79,0.0
2026-07-21 11:49:00+00:00,4056.44,4057.86,4056.41,4057.83,0.0
2026-07-21 11:50:00+00:00,4057.99,4058.53,4057.78,4058.42,0.0
2026-07-21 11:51:00+00:00,4058.41,4058.41,4057.32,4057.4,0.0
2026-07-21 11:52:00+00:00,4057.36,4057.5,4055.93,4055.93,0.0
2026-07-21 11:53:00+00:00,4056.03,4056.63,4056.03,4056.58,0.0
2026-07-21 11:54:00+00:00,4056.57,4056.88,4056.18,4056.45,0.0
2026-07-21 11:55:00+00:00,4056.58,4056.6,4056.2,4056.54,0.0
2026-07-21 11:56:00+00:00,4056.75,4057.1,4056.42,4056.64,0.0
2026-07-21 11:57:00+00:00,4056.62,4056.63,4055.17,4055.31,0.0
2026-07-21 11:58:00+00:00,4055.31,4056.26,4055.18,4056.11,0.0
2026-07-21 11:59:00+00:00,4056.15,4056.46,4055.77,4056.07,0.0
2026-07-21 12:00:00+00:00,4056.14,4058.86,4056.09,4057.91,0.0
2026-07-21 12:01:00+00:00,4057.89,4057.96,4056.4,4056.49,0.0
2026-07-21 12:02:00+00:00,4056.53,4057.86,4056.1,4057.68,0.0
2026-07-21 12:03:00+00:00,4057.79,4058.77,4057.75,4058.74,0.0
2026-07-21 12:04:00+00:00,4058.56,4058.73,4058.03,4058.47,0.0
2026-07-21 12:05:00+00:00,4058.43,4059.06,4058.3,4058.95,0.0
2026-07-21 12:06:00+00:00,4059.07,4060.33,4058.34,4060.32,0.0
2026-07-21 12:07:00+00:00,4060.34,4061.06,4060.3,4060.47,0.0
2026-07-21 12:08:00+00:00,4060.19,4060.53,4059.45,4059.45,0.0
2026-07-21 12:09:00+00:00,4059.43,4059.47,4058.44,4058.78,0.0
2026-07-21 12:10:00+00:00,4058.76,4058.76,4056.6,4057.1,0.0
2026-07-21 12:11:00+00:00,4057.12,4057.86,4057.05,4057.45,0.0
2026-07-21 12:12:00+00:00,4057.45,4059.04,4057.44,4058.98,0.0
2026-07-21 12:13:00+00:00,4058.98,4059.56,4058.62,4059.1,0.0
2026-07-21 12:14:00+00:00,4059.08,4059.5,4058.64,4059.5,0.0
2026-07-21 12:15:00+00:00,4059.49,4059.8,4057.02,4057.15,0.0
2026-07-21 12:16:00+00:00,4056.91,4057.7,4056.24,4057.57,0.0
2026-07-21 12:17:00+00:00,4057.57,4060.29,4057.34,4059.75,0.0
2026-07-21 12:18:00+00:00,4059.81,4060.22,4058.97,4059.06,0.0
2026-07-21 12:19:00+00:00,4059.02,4059.58,4058.57,4059.2,0.0
2026-07-21 12:20:00+00:00,4059.18,4061.17,4058.36,4058.46,0.0
2026-07-21 12:21:00+00:00,4058.53,4060.68,4057.97,4060.63,0.0
2026-07-21 12:22:00+00:00,4060.66,4060.84,4059.31,4059.53,0.0
2026-07-21 12:23:00+00:00,4059.27,4061.23,4058.86,4061.23,0.0
2026-07-21 12:24:00+00:00,4062.43,4065.51,4061.86,4065.19,0.0
2026-07-21 12:25:00+00:00,4065.23,4065.24,4061.27,4061.27,0.0
2026-07-21 12:26:00+00:00,4061.17,4063.38,4061.17,4062.84,0.0
2026-07-21 12:27:00+00:00,4063.29,4063.29,4061.72,4061.84,0.0
2026-07-21 12:28:00+00:00,4061.84,4062.19,4060.88,4061.26,0.0
2026-07-21 12:29:00+00:00,4061.26,4062.37,4061.17,4061.61,0.0
2026-07-21 12:30:00+00:00,4061.65,4063.59,4061.22,4062.28,0.0
2026-07-21 12:31:00+00:00,4062.25,4062.46,4060.98,4062.24,0.0
2026-07-21 12:32:00+00:00,4062.25,4062.34,4061.44,4062.15,0.0
2026-07-21 12:33:00+00:00,4062.16,4063.79,4061.17,4061.17,0.0
2026-07-21 12:34:00+00:00,4061.26,4061.73,4059.29,4059.62,0.0
2026-07-21 12:35:00+00:00,4059.54,4059.6,4055.95,4056.27,0.0
2026-07-21 12:36:00+00:00,4056.34,4057.19,4055.68,4055.68,0.0
2026-07-21 12:37:00+00:00,4055.61,4055.9,4053.94,4055.41,0.0
2026-07-21 12:38:00+00:00,4055.49,4055.74,4054.2,4054.84,0.0
2026-07-21 12:39:00+00:00,4054.82,4055.86,4054.55,4055.17,0.0
2026-07-21 12:40:00+00:00,4055.22,4056.16,4054.36,4055.28,0.0
2026-07-21 12:41:00+00:00,4055.27,4055.44,4053.33,4054.93,0.0
2026-07-21 12:42:00+00:00,4054.78,4055.33,4054.47,4054.89,0.0
2026-07-21 12:43:00+00:00,4054.94,4055.83,4052.33,4053.43,0.0
2026-07-21 12:44:00+00:00,4052.32,4054.4,4051.44,4054.05,0.0
2026-07-21 12:45:00+00:00,4054.08,4056.03,4054.08,4055.27,0.0
2026-07-21 12:46:00+00:00,4055.56,4056.05,4053.77,4054.14,0.0
2026-07-21 12:47:00+00:00,4054.39,4057.71,4054.39,4057.69,0.0
2026-07-21 12:48:00+00:00,4057.68,4060.84,4057.63,4060.38,0.0
2026-07-21 12:49:00+00:00,4060.42,4062.17,4060.2,4060.21,0.0
2026-07-21 12:50:00+00:00,4060.17,4060.19,4057.78,4058.19,0.0
2026-07-21 12:51:00+00:00,4058.3,4059.13,4057.53,4057.6,0.0
2026-07-21 12:52:00+00:00,4057.64,4057.93,4056.43,4056.55,0.0
2026-07-21 12:53:00+00:00,4056.73,4056.73,4055.52,4056.59,0.0
2026-07-21 12:54:00+00:00,4056.4,4056.64,4055.65,4055.77,0.0
2026-07-21 12:55:00+00:00,4055.78,4055.78,4053.37,4053.62,0.0
2026-07-21 12:56:00+00:00,4053.62,4054.04,4052.97,4053.83,0.0
2026-07-21 12:57:00+00:00,4053.88,4055.27,4053.19,4054.81,0.0
2026-07-21 12:58:00+00:00,4054.75,4055.36,4053.97,4054.22,0.0
2026-07-21 12:59:00+00:00,4054.13,4055.86,4053.52,4054.16,0.0
2026-07-21 13:00:00+00:00,4054.1,4058.73,4054.1,4058.06,0.0
2026-07-21 13:01:00+00:00,4058.22,4060.05,4058.22,4059.27,0.0
2026-07-21 13:02:00+00:00,4059.39,4060.28,4058.94,4059.23,0.0
2026-07-21 13:03:00+00:00,4059.23,4060.47,4057.44,4057.77,0.0
2026-07-21 13:04:00+00:00,4058.15,4058.15,4056.15,4057.0,0.0
2026-07-21 13:05:00+00:00,4057.06,4059.98,4057.06,4059.02,0.0
2026-07-21 13:06:00+00:00,4059.17,4059.83,4058.49,4059.26,0.0
2026-07-21 13:07:00+00:00,4059.35,4060.46,4058.52,4059.8,0.0
2026-07-21 13:08:00+00:00,4059.52,4060.17,4058.74,4059.66,0.0
2026-07-21 13:09:00+00:00,4059.66,4059.96,4057.43,4057.72,0.0
2026-07-21 13:10:00+00:00,4057.74,4058.77,4057.44,4058.05,0.0
2026-07-21 13:11:00+00:00,4058.05,4058.92,4058.0,4058.26,0.0
2026-07-21 13:12:00+00:00,4058.19,4058.63,4057.75,4057.93,0.0
2026-07-21 13:13:00+00:00,4057.92,4058.21,4056.94,4057.79,0.0
2026-07-21 13:14:00+00:00,4057.72,4060.44,4057.72,4059.95,0.0
2026-07-21 13:15:00+00:00,4059.89,4061.75,4059.28,4060.5,0.0
2026-07-21 13:16:00+00:00,4060.45,4060.45,4057.06,4057.06,0.0
2026-07-21 13:17:00+00:00,4056.98,4057.33,4055.79,4055.89,0.0
2026-07-21 13:18:00+00:00,4055.89,4056.35,4054.96,4055.96,0.0
2026-07-21 13:19:00+00:00,4055.88,4056.51,4055.19,4056.1,0.0
2026-07-21 13:20:00+00:00,4055.93,4057.18,4055.49,4055.64,0.0
2026-07-21 13:21:00+00:00,4055.68,4056.65,4053.81,4056.29,0.0
2026-07-21 13:22:00+00:00,4056.24,4057.43,4056.18,4056.39,0.0
2026-07-21 13:23:00+00:00,4056.42,4056.82,4053.97,4054.32,0.0
2026-07-21 13:24:00+00:00,4054.31,4054.45,4052.06,4052.68,0.0
2026-07-21 13:25:00+00:00,4052.69,4054.76,4052.69,4053.96,0.0
2026-07-21 13:26:00+00:00,4053.78,4054.2,4052.9,4053.61,0.0
2026-07-21 13:27:00+00:00,4053.26,4053.53,4051.88,4053.33,0.0
2026-07-21 13:28:00+00:00,4053.37,4053.53,4051.05,4051.5,0.0
2026-07-21 13:29:00+00:00,4051.38,4051.82,4050.52,4050.91,0.0
2026-07-21 13:30:00+00:00,4051.09,4052.66,4051.04,4051.45,0.0
2026-07-21 13:31:00+00:00,4051.42,4051.89,4047.91,4048.12,0.0
2026-07-21 13:32:00+00:00,4048.02,4053.8,4048.02,4053.8,0.0
2026-07-21 13:33:00+00:00,4053.84,4055.92,4053.1,4054.06,0.0
2026-07-21 13:34:00+00:00,4054.06,4057.41,4054.06,4056.08,0.0
2026-07-21 13:35:00+00:00,4056.08,4057.3,4055.84,4056.43,0.0
2026-07-21 13:36:00+00:00,4056.66,4057.3,4055.0,4055.0,0.0
2026-07-21 13:37:00+00:00,4054.95,4055.01,4051.26,4051.64,0.0
2026-07-21 13:38:00+00:00,4051.77,4053.39,4051.63,4053.0,0.0
2026-07-21 13:39:00+00:00,4052.99,4053.79,4052.21,4052.95,0.0
2026-07-21 13:40:00+00:00,4052.95,4053.77,4050.56,4051.85,0.0
2026-07-21 13:41:00+00:00,4051.97,4051.97,4049.71,4050.26,0.0
2026-07-21 13:42:00+00:00,4050.22,4050.73,4047.85,4048.35,0.0
2026-07-21 13:43:00+00:00,4048.3,4049.13,4047.11,4047.11,0.0
2026-07-21 13:44:00+00:00,4046.53,4047.21,4045.25,4046.31,0.0
2026-07-21 13:45:00+00:00,4046.61,4046.94,4044.87,4045.41,0.0
2026-07-21 13:46:00+00:00,4045.96,4047.26,4045.74,4047.23,0.0
2026-07-21 13:47:00+00:00,4047.1,4047.74,4045.48,4045.97,0.0
2026-07-21 13:48:00+00:00,4045.94,4048.9,4044.98,4048.9,0.0
2026-07-21 13:49:00+00:00,4048.84,4050.53,4048.8,4050.52,0.0
2026-07-21 13:50:00+00:00,4050.51,4051.76,4049.49,4049.54,0.0
2026-07-21 13:51:00+00:00,4049.5,4050.55,4046.91,4046.91,0.0
2026-07-21 13:52:00+00:00,4046.9,4049.67,4046.65,4049.63,0.0
2026-07-21 13:53:00+00:00,4049.68,4051.16,4048.6,4051.15,0.0
2026-07-21 13:54:00+00:00,4051.68,4052.78,4051.47,4052.36,0.0
2026-07-21 13:55:00+00:00,4052.35,4052.94,4051.27,4051.39,0.0
2026-07-21 13:56:00+00:00,4051.48,4051.68,4050.04,4050.77,0.0
2026-07-21 13:57:00+00:00,4050.82,4051.75,4050.42,4051.31,0.0
2026-07-21 13:58:00+00:00,4051.52,4052.84,4050.93,4052.84,0.0
2026-07-21 13:59:00+00:00,4052.99,4053.59,4052.03,4053.11,0.0
2026-07-21 14:00:00+00:00,4053.19,4054.67,4052.44,4053.45,0.0
2026-07-21 14:01:00+00:00,4053.36,4053.89,4051.95,4053.25,0.0
2026-07-21 14:02:00+00:00,4053.77,4054.39,4052.3,4053.14,0.0
2026-07-21 14:03:00+00:00,4053.2,4055.96,4053.09,4055.42,0.0
2026-07-21 14:04:00+00:00,4055.66,4056.69,4055.11,4056.57,0.0
2026-07-21 14:05:00+00:00,4056.52,4057.56,4056.09,4057.56,0.0
2026-07-21 14:06:00+00:00,4057.59,4059.47,4057.59,4058.77,0.0
2026-07-21 14:07:00+00:00,4058.67,4058.72,4055.26,4056.17,0.0
2026-07-21 14:08:00+00:00,4056.08,4056.47,4054.85,4055.0,0.0
2026-07-21 14:09:00+00:00,4055.06,4056.57,4054.79,4055.37,0.0
2026-07-21 14:10:00+00:00,4055.04,4059.9,4055.04,4059.9,0.0
2026-07-21 14:11:00+00:00,4059.92,4060.88,4059.11,4059.93,0.0
2026-07-21 14:12:00+00:00,4059.99,4064.97,4059.99,4062.77,0.0
2026-07-21 14:13:00+00:00,4062.58,4065.93,4062.46,4065.82,0.0
2026-07-21 14:14:00+00:00,4065.87,4066.0,4063.97,4066.0,0.0
2026-07-21 14:15:00+00:00,4066.03,4066.03,4062.8,4063.79,0.0
2026-07-21 14:16:00+00:00,4063.88,4063.96,4061.97,4062.03,0.0
2026-07-21 14:17:00+00:00,4062.02,4064.19,4061.22,4064.19,0.0
2026-07-21 14:18:00+00:00,4064.17,4067.62,4063.82,4067.36,0.0
2026-07-21 14:19:00+00:00,4067.17,4067.32,4063.71,4063.8,0.0
2026-07-21 14:20:00+00:00,4064.08,4064.08,4062.83,4063.04,0.0
2026-07-21 14:21:00+00:00,4063.05,4065.19,4062.78,4063.27,0.0
2026-07-21 14:22:00+00:00,4063.28,4063.79,4061.47,4062.34,0.0
2026-07-21 14:23:00+00:00,4062.75,4064.99,4062.75,4064.89,0.0
2026-07-21 14:24:00+00:00,4064.78,4065.08,4063.49,4064.98,0.0
2026-07-21 14:25:00+00:00,4064.95,4068.14,4064.31,4066.82,0.0
2026-07-21 14:26:00+00:00,4066.91,4067.47,4066.3,4067.21,0.0
2026-07-21 14:27:00+00:00,4067.2,4067.71,4065.71,4066.71,0.0
2026-07-21 14:28:00+00:00,4066.71,4067.94,4066.71,4067.78,0.0
2026-07-21 14:29:00+00:00,4067.78,4069.25,4067.58,4069.11,0.0
2026-07-21 14:30:00+00:00,4069.5,4073.76,4069.4,4072.95,0.0
2026-07-21 14:31:00+00:00,4072.63,4072.85,4070.66,4071.92,0.0
2026-07-21 14:32:00+00:00,4071.83,4072.38,4069.62,4069.67,0.0
2026-07-21 14:33:00+00:00,4070.11,4070.85,4069.22,4069.22,0.0
2026-07-21 14:34:00+00:00,4069.02,4069.16,4067.1,4067.11,0.0
2026-07-21 14:35:00+00:00,4066.9,4067.34,4065.05,4065.8,0.0
2026-07-21 14:36:00+00:00,4065.71,4066.43,4064.93,4065.14,0.0
2026-07-21 14:37:00+00:00,4065.26,4065.26,4063.83,4064.49,0.0
2026-07-21 14:38:00+00:00,4064.38,4064.39,4062.46,4063.77,0.0
2026-07-21 14:39:00+00:00,4063.69,4064.76,4062.89,4064.56,0.0
2026-07-21 14:40:00+00:00,4064.6,4065.36,4064.06,4065.36,0.0
2026-07-21 14:41:00+00:00,4065.23,4065.23,4063.02,4063.19,0.0
2026-07-21 14:42:00+00:00,4063.21,4065.52,4063.21,4064.7,0.0
2026-07-21 14:43:00+00:00,4064.73,4067.14,4064.73,4066.88,0.0
2026-07-21 14:44:00+00:00,4066.74,4068.0,4066.2,4067.74,0.0
2026-07-21 14:45:00+00:00,4067.6,4068.11,4067.15,4067.35,0.0
2026-07-21 14:46:00+00:00,4067.34,4068.23,4067.21,4067.57,0.0
2026-07-21 14:47:00+00:00,4067.42,4067.53,4066.43,4066.87,0.0
2026-07-21 14:48:00+00:00,4067.26,4070.28,4067.15,4068.72,0.0
2026-07-21 14:49:00+00:00,4068.74,4069.76,4068.43,4069.76,0.0
2026-07-21 14:50:00+00:00,4069.72,4070.42,4068.6,4069.34,0.0
2026-07-21 14:51:00+00:00,4069.32,4069.53,4067.9,4068.32,0.0
2026-07-21 14:52:00+00:00,4068.3,4070.76,4067.82,4070.06,0.0
2026-07-21 14:53:00+00:00,4070.08,4070.16,4066.8,4067.02,0.0
2026-07-21 14:54:00+00:00,4067.03,4069.21,4067.03,4069.13,0.0
2026-07-21 14:55:00+00:00,4069.2,4070.42,4068.9,4069.8,0.0
2026-07-21 14:56:00+00:00,4069.79,4070.15,4069.36,4069.74,0.0
2026-07-21 14:57:00+00:00,4069.54,4070.45,4068.8,4069.98,0.0
2026-07-21 14:58:00+00:00,4069.92,4070.47,4067.82,4067.98,0.0
2026-07-21 14:59:00+00:00,4067.86,4068.84,4067.59,4068.72,0.0
2026-07-21 15:00:00+00:00,4068.62,4071.06,4068.45,4070.2,0.0
2026-07-21 15:01:00+00:00,4070.14,4070.4,4068.27,4068.7,0.0
2026-07-21 15:02:00+00:00,4068.74,4070.08,4068.14,4069.43,0.0
2026-07-21 15:03:00+00:00,4069.32,4069.53,4068.04,4069.53,0.0
2026-07-21 15:04:00+00:00,4069.54,4069.54,4068.35,4068.44,0.0
2026-07-21 15:05:00+00:00,4068.41,4068.41,4065.94,4067.28,0.0
2026-07-21 15:06:00+00:00,4067.32,4067.74,4066.55,4067.11,0.0
2026-07-21 15:07:00+00:00,4067.09,4069.03,4066.8,4067.57,0.0
2026-07-21 15:08:00+00:00,4067.57,4068.09,4066.79,4068.01,0.0
2026-07-21 15:09:00+00:00,4068.02,4070.46,4067.83,4069.16,0.0
2026-07-21 15:10:00+00:00,4069.33,4073.86,4069.28,4073.39,0.0
2026-07-21 15:11:00+00:00,4073.42,4073.82,4070.73,4071.74,0.0
2026-07-21 15:12:00+00:00,4071.79,4072.53,4071.1,4072.13,0.0
2026-07-21 15:13:00+00:00,4072.21,4072.86,4071.51,4071.51,0.0
2026-07-21 15:14:00+00:00,4071.56,4073.65,4071.55,4073.58,0.0
2026-07-21 15:15:00+00:00,4073.39,4076.37,4073.38,4075.87,0.0
2026-07-21 15:16:00+00:00,4076.05,4076.31,4075.34,4075.82,0.0
2026-07-21 15:17:00+00:00,4075.88,4078.66,4075.84,4078.24,0.0
2026-07-21 15:18:00+00:00,4078.14,4078.14,4076.82,4077.25,0.0
2026-07-21 15:19:00+00:00,4076.9,4077.39,4076.2,4077.01,0.0
2026-07-21 15:20:00+00:00,4077.1,4078.37,4075.62,4078.37,0.0
2026-07-21 15:21:00+00:00,4078.16,4079.02,4076.68,4077.03,0.0
2026-07-21 15:22:00+00:00,4077.05,4077.05,4076.04,4076.71,0.0
2026-07-21 15:23:00+00:00,4076.68,4077.45,4076.24,4076.35,0.0
2026-07-21 15:24:00+00:00,4076.23,4078.34,4076.23,4078.34,0.0
2026-07-21 15:25:00+00:00,4078.29,4078.34,4076.72,4077.25,0.0
2026-07-21 15:26:00+00:00,4077.2,4077.63,4075.89,4076.69,0.0
2026-07-21 15:27:00+00:00,4076.79,4077.18,4076.53,4076.82,0.0
2026-07-21 15:28:00+00:00,4076.85,4078.18,4076.85,4077.72,0.0
2026-07-21 15:29:00+00:00,4077.63,4077.63,4076.67,4076.88,0.0
2026-07-21 15:30:00+00:00,4076.92,4077.54,4076.2,4077.54,0.0
2026-07-21 15:31:00+00:00,4077.4,4078.93,4077.18,4078.19,0.0
2026-07-21 15:32:00+00:00,4078.32,4081.52,4078.08,4081.47,0.0
2026-07-21 15:33:00+00:00,4081.43,4082.6,4077.76,4077.82,0.0
2026-07-21 15:34:00+00:00,4078.14,4081.24,4078.03,4081.24,0.0
2026-07-21 15:35:00+00:00,4081.25,4081.25,4078.93,4079.67,0.0
2026-07-21 15:36:00+00:00,4079.83,4082.81,4079.25,4082.69,0.0
2026-07-21 15:37:00+00:00,4082.67,4083.32,4081.25,4081.94,0.0
2026-07-21 15:38:00+00:00,4082.01,4082.14,4081.41,4081.81,0.0
2026-07-21 15:39:00+00:00,4081.93,4082.35,4080.26,4080.31,0.0
2026-07-21 15:40:00+00:00,4080.42,4080.9,4078.8,4079.64,0.0
2026-07-21 15:41:00+00:00,4079.69,4080.39,4077.95,4078.1,0.0
2026-07-21 15:42:00+00:00,4078.13,4078.47,4077.93,4078.38,0.0
2026-07-21 15:43:00+00:00,4078.41,4078.41,4077.77,4077.93,0.0
2026-07-21 15:44:00+00:00,4078.0,4078.13,4075.57,4075.6,0.0
2026-07-21 15:45:00+00:00,4075.87,4075.95,4074.78,4074.78,0.0
2026-07-21 15:46:00+00:00,4074.64,4075.88,4074.64,4075.76,0.0
2026-07-21 15:47:00+00:00,4075.76,4075.76,4074.38,4074.6,0.0
2026-07-21 15:48:00+00:00,4074.66,4074.99,4073.83,4074.36,0.0
2026-07-21 15:49:00+00:00,4074.0,4075.25,4072.44,4073.54,0.0
2026-07-21 15:50:00+00:00,4073.29,4075.7,4073.29,4075.47,0.0
2026-07-21 15:51:00+00:00,4075.38,4075.6,4074.51,4075.29,0.0
2026-07-21 15:52:00+00:00,4075.35,4077.67,4075.23,4076.37,0.0
2026-07-21 15:53:00+00:00,4076.52,4078.22,4076.52,4077.72,0.0
2026-07-21 15:54:00+00:00,4077.72,4078.01,4076.64,4076.65,0.0
2026-07-21 15:55:00+00:00,4076.78,4076.78,4075.47,4075.73,0.0
2026-07-21 15:56:00+00:00,4075.69,4076.35,4075.69,4075.98,0.0
2026-07-21 15:57:00+00:00,4075.96,4076.05,4075.37,4075.41,0.0
2026-07-21 15:58:00+00:00,4075.43,4075.45,4074.34,4074.85,0.0
2026-07-21 15:59:00+00:00,4074.9,4074.94,4073.97,4074.35,0.0
2026-07-21 16:00:00+00:00,4074.27,4076.03,4073.72,4075.75,0.0
2026-07-21 16:01:00+00:00,4075.69,4075.95,4075.41,4075.6,0.0
2026-07-21 16:02:00+00:00,4075.74,4076.11,4075.36,4075.41,0.0
2026-07-21 16:03:00+00:00,4075.41,4076.47,4075.03,4076.47,0.0
2026-07-21 16:04:00+00:00,4076.72,4077.88,4076.72,4077.88,0.0
2026-07-21 16:05:00+00:00,4077.96,4077.98,4076.74,4076.74,0.0
2026-07-21 16:06:00+00:00,4076.89,4077.83,4076.8,4077.47,0.0
2026-07-21 16:07:00+00:00,4077.47,4077.78,4076.63,4077.66,0.0
2026-07-21 16:08:00+00:00,4077.64,4077.9,4077.2,4077.33,0.0
2026-07-21 16:09:00+00:00,4077.34,4078.11,4077.0,4077.16,0.0
2026-07-21 16:10:00+00:00,4077.18,4077.81,4076.62,4076.83,0.0
2026-07-21 16:11:00+00:00,4076.87,4077.61,4076.7,4077.41,0.0
2026-07-21 16:12:00+00:00,4077.42,4077.62,4077.11,4077.39,0.0
2026-07-21 16:13:00+00:00,4077.37,4079.16,4077.37,4078.67,0.0
2026-07-21 16:14:00+00:00,4078.66,4079.23,4077.97,4078.5,0.0
2026-07-21 16:15:00+00:00,4078.52,4078.59,4078.17,4078.26,0.0
2026-07-21 16:16:00+00:00,4078.23,4078.53,4077.92,4078.04,0.0
2026-07-21 16:17:00+00:00,4077.91,4078.53,4077.66,4078.35,0.0
2026-07-21 16:18:00+00:00,4078.27,4078.36,4077.62,4077.73,0.0
2026-07-21 16:19:00+00:00,4077.67,4078.23,4076.88,4077.28,0.0
2026-07-21 16:20:00+00:00,4077.42,4077.75,4076.35,4076.58,0.0
2026-07-21 16:21:00+00:00,4076.46,4077.53,4076.33,4077.52,0.0
2026-07-21 16:22:00+00:00,4077.56,4077.72,4077.02,4077.31,0.0
2026-07-21 16:23:00+00:00,4077.31,4077.38,4076.42,4076.81,0.0
2026-07-21 16:24:00+00:00,4076.8,4078.21,4076.8,4077.85,0.0
2026-07-21 16:25:00+00:00,4078.05,4078.14,4076.97,4076.97,0.0
2026-07-21 16:26:00+00:00,4076.95,4076.95,4075.34,4075.76,0.0
2026-07-21 16:27:00+00:00,4075.2,4075.56,4074.13,4074.93,0.0
2026-07-21 16:28:00+00:00,4074.97,4075.39,4074.73,4075.07,0.0
2026-07-21 16:29:00+00:00,4075.14,4075.9,4074.95,4075.72,0.0
2026-07-21 16:30:00+00:00,4075.72,4075.98,4075.02,4075.73,0.0
2026-07-21 16:31:00+00:00,4075.73,4076.39,4075.12,4075.44,0.0
2026-07-21 16:32:00+00:00,4075.38,4076.01,4074.9,4075.7,0.0
2026-07-21 16:33:00+00:00,4075.74,4076.35,4075.51,4076.0,0.0
2026-07-21 16:34:00+00:00,4075.98,4076.28,4075.78,4075.89,0.0
2026-07-21 16:35:00+00:00,4075.88,4075.99,4074.9,4075.45,0.0
2026-07-21 16:36:00+00:00,4075.42,4075.82,4072.81,4073.14,0.0
2026-07-21 16:37:00+00:00,4073.08,4073.17,4071.37,4072.91,0.0
2026-07-21 16:38:00+00:00,4072.9,4073.78,4072.87,4073.78,0.0
2026-07-21 16:39:00+00:00,4073.84,4074.4,4073.55,4074.39,0.0
2026-07-21 16:40:00+00:00,4074.39,4075.18,4074.16,4074.81,0.0
2026-07-21 16:41:00+00:00,4074.8,4075.13,4073.48,4073.62,0.0
2026-07-21 16:42:00+00:00,4073.46,4074.03,4072.84,4072.86,0.0
2026-07-21 16:43:00+00:00,4072.8,4073.11,4072.03,4072.03,0.0
2026-07-21 16:44:00+00:00,4072.03,4072.21,4071.62,4072.12,0.0
2026-07-21 16:45:00+00:00,4072.07,4072.72,4071.28,4072.22,0.0
2026-07-21 16:46:00+00:00,4072.18,4072.23,4071.28,4071.38,0.0
2026-07-21 16:47:00+00:00,4071.38,4071.46,4070.01,4071.2,0.0
2026-07-21 16:48:00+00:00,4071.14,4072.02,4070.42,4071.72,0.0
2026-07-21 16:49:00+00:00,4071.75,4072.59,4071.75,4072.46,0.0
2026-07-21 16:50:00+00:00,4072.38,4073.03,4072.19,4072.49,0.0
2026-07-21 16:51:00+00:00,4072.5,4072.84,4071.92,4072.84,0.0
2026-07-21 16:52:00+00:00,4073.02,4073.43,4072.89,4073.04,0.0
2026-07-21 16:53:00+00:00,4073.04,4073.26,4072.41,4072.81,0.0
2026-07-21 16:54:00+00:00,4072.78,4073.07,4072.25,4072.95,0.0
2026-07-21 16:55:00+00:00,4072.94,4073.14,4071.72,4071.77,0.0
2026-07-21 16:56:00+00:00,4071.85,4071.98,4071.28,4071.7,0.0
2026-07-21 16:57:00+00:00,4071.8,4072.33,4071.61,4071.69,0.0
2026-07-21 16:58:00+00:00,4071.69,4071.83,4071.25,4071.57,0.0
2026-07-21 16:59:00+00:00,4071.57,4072.11,4071.16,4071.62,0.0
2026-07-21 17:00:00+00:00,4071.62,4072.26,4070.89,4070.89,0.0
2026-07-21 17:01:00+00:00,4070.96,4071.56,4070.86,4071.2,0.0
2026-07-21 17:02:00+00:00,4071.2,4071.31,4070.09,4070.17,0.0
2026-07-21 17:03:00+00:00,4070.16,4070.29,4069.48,4069.98,0.0
2026-07-21 17:04:00+00:00,4069.98,4070.71,4069.75,4070.45,0.0
2026-07-21 17:05:00+00:00,4070.38,4071.87,4069.97,4071.87,0.0
2026-07-21 17:06:00+00:00,4071.68,4071.81,4071.02,4071.13,0.0
2026-07-21 17:07:00+00:00,4071.14,4071.19,4070.42,4070.78,0.0
2026-07-21 17:08:00+00:00,4070.76,4072.57,4070.75,4071.7,0.0
2026-07-21 17:09:00+00:00,4071.74,4071.94,4071.45,4071.6,0.0
2026-07-21 17:10:00+00:00,4071.6,4071.89,4071.1,4071.2,0.0
2026-07-21 17:11:00+00:00,4071.25,4071.4,4070.05,4071.32,0.0
2026-07-21 17:12:00+00:00,4071.32,4071.56,4070.86,4071.2,0.0
2026-07-21 17:13:00+00:00,4071.24,4071.94,4071.24,4071.56,0.0
2026-07-21 17:14:00+00:00,4071.57,4072.41,4070.62,4070.64,0.0
2026-07-21 17:15:00+00:00,4070.58,4071.01,4070.36,4070.59,0.0
2026-07-21 17:16:00+00:00,4070.55,4070.55,4069.32,4069.57,0.0
2026-07-21 17:17:00+00:00,4069.55,4070.07,4069.39,4069.53,0.0
2026-07-21 17:18:00+00:00,4069.55,4070.04,4069.47,4069.8,0.0
2026-07-21 17:19:00+00:00,4069.75,4069.88,4069.14,4069.33,0.0
2026-07-21 17:20:00+00:00,4069.14,4070.77,4069.08,4070.77,0.0
2026-07-21 17:21:00+00:00,4070.81,4070.98,4070.4,4070.9,0.0
2026-07-21 17:22:00+00:00,4071.02,4071.26,4070.66,4070.78,0.0
2026-07-21 17:23:00+00:00,4070.79,4071.12,4070.72,4071.02,0.0
2026-07-21 17:24:00+00:00,4071.03,4071.92,4071.03,4071.45,0.0
2026-07-21 17:25:00+00:00,4071.45,4072.4,4071.4,4071.91,0.0
2026-07-21 17:26:00+00:00,4071.95,4071.95,4071.34,4071.41,0.0
2026-07-21 17:27:00+00:00,4071.41,4071.56,4071.06,4071.41,0.0
2026-07-21 17:28:00+00:00,4071.44,4071.57,4071.02,4071.57,0.0
2026-07-21 17:29:00+00:00,4071.57,4072.72,4071.57,4072.19,0.0
2026-07-21 17:30:00+00:00,4072.3,4072.3,4071.13,4071.55,0.0
2026-07-21 17:31:00+00:00,4071.52,4071.52,4070.77,4071.43,0.0
2026-07-21 17:32:00+00:00,4071.43,4071.93,4070.92,4070.98,0.0
2026-07-21 17:33:00+00:00,4070.97,4070.97,4069.77,4070.13,0.0
2026-07-21 17:34:00+00:00,4070.11,4070.43,4069.85,4070.43,0.0
2026-07-21 17:35:00+00:00,4070.4,4070.41,4069.36,4069.77,0.0
2026-07-21 17:36:00+00:00,4069.79,4069.79,4069.17,4069.5,0.0
2026-07-21 17:37:00+00:00,4069.51,4070.09,4069.32,4070.09,0.0
2026-07-21 17:38:00+00:00,4070.07,4070.07,4069.56,4070.04,0.0
2026-07-21 17:39:00+00:00,4070.06,4070.12,4069.44,4069.44,0.0
2026-07-21 17:40:00+00:00,4069.44,4069.58,4067.81,4067.9,0.0
2026-07-21 17:41:00+00:00,4067.85,4067.87,4067.1,4067.43,0.0
2026-07-21 17:42:00+00:00,4067.39,4067.57,4066.94,4067.08,0.0
2026-07-21 17:43:00+00:00,4067.09,4068.2,4067.01,4068.12,0.0
2026-07-21 17:44:00+00:00,4068.14,4068.33,4067.72,4068.3,0.0
2026-07-21 17:45:00+00:00,4068.2,4068.21,4066.91,4066.94,0.0
2026-07-21 17:46:00+00:00,4066.96,4067.45,4066.9,4067.22,0.0
2026-07-21 17:47:00+00:00,4067.25,4067.43,4067.08,4067.39,0.0
2026-07-21 17:48:00+00:00,4067.37,4067.94,4067.32,4067.91,0.0
2026-07-21 17:49:00+00:00,4067.92,4068.08,4067.14,4067.15,0.0
2026-07-21 17:50:00+00:00,4067.16,4067.61,4066.94,4066.94,0.0
2026-07-21 17:51:00+00:00,4067.02,4067.37,4067.02,4067.3,0.0
2026-07-21 17:52:00+00:00,4067.29,4067.72,4067.24,4067.7,0.0
2026-07-21 17:53:00+00:00,4067.72,4068.11,4067.63,4067.93,0.0
2026-07-21 17:54:00+00:00,4067.9,4067.99,4067.71,4067.91,0.0
2026-07-21 17:55:00+00:00,4067.94,4068.24,4067.73,4068.19,0.0
2026-07-21 17:56:00+00:00,4068.2,4068.33,4067.41,4067.54,0.0
2026-07-21 17:57:00+00:00,4067.5,4067.55,4066.96,4067.46,0.0
2026-07-21 17:58:00+00:00,4067.55,4067.74,4067.19,4067.72,0.0
2026-07-21 17:59:00+00:00,4067.72,4068.54,4067.72,4068.54,0.0
2026-07-21 18:00:00+00:00,4068.74,4069.01,4068.35,4068.61,0.0
2026-07-21 18:01:00+00:00,4068.63,4068.7,4068.15,4068.35,0.0
2026-07-21 18:02:00+00:00,4068.33,4069.63,4068.31,4069.5,0.0
2026-07-21 18:03:00+00:00,4069.48,4069.48,4068.25,4069.02,0.0
2026-07-21 18:04:00+00:00,4069.02,4069.27,4068.16,4068.18,0.0
2026-07-21 18:05:00+00:00,4067.97,4068.97,4067.97,4068.48,0.0
2026-07-21 18:06:00+00:00,4068.51,4069.03,4067.88,4069.03,0.0
2026-07-21 18:07:00+00:00,4069.13,4070.43,4069.07,4070.22,0.0
2026-07-21 18:08:00+00:00,4070.22,4071.15,4070.22,4070.79,0.0
2026-07-21 18:09:00+00:00,4070.79,4072.11,4070.77,4071.87,0.0
2026-07-21 18:10:00+00:00,4071.86,4072.02,4071.4,4071.48,0.0
2026-07-21 18:11:00+00:00,4071.49,4072.25,4071.45,4072.19,0.0
2026-07-21 18:12:00+00:00,4072.22,4072.35,4071.83,4071.84,0.0
2026-07-21 18:13:00+00:00,4071.84,4072.09,4071.6,4071.69,0.0
2026-07-21 18:14:00+00:00,4071.67,4072.2,4071.54,4071.8,0.0
2026-07-21 18:15:00+00:00,4071.57,4072.15,4071.3,4072.15,0.0
2026-07-21 18:16:00+00:00,4072.22,4072.26,4071.71,4072.0,0.0
2026-07-21 18:17:00+00:00,4072.01,4073.82,4071.94,4073.82,0.0
2026-07-21 18:18:00+00:00,4073.82,4073.84,4073.31,4073.52,0.0
2026-07-21 18:19:00+00:00,4073.49,4073.75,4073.24,4073.41,0.0
2026-07-21 18:20:00+00:00,4073.39,4073.82,4072.73,4073.82,0.0
2026-07-21 18:21:00+00:00,4073.9,4074.18,4073.48,4073.56,0.0
2026-07-21 18:22:00+00:00,4073.57,4075.39,4073.57,4075.39,0.0
2026-07-21 18:23:00+00:00,4075.35,4078.59,4075.35,4078.46,0.0
2026-07-21 18:24:00+00:00,4078.44,4081.62,4078.44,4081.57,0.0
2026-07-21 18:25:00+00:00,4081.35,4086.17,4081.35,4086.17,0.0
2026-07-21 18:26:00+00:00,4086.16,4086.29,4085.27,4085.76,0.0
2026-07-21 18:27:00+00:00,4085.81,4086.52,4084.11,4084.63,0.0
2026-07-21 18:28:00+00:00,4084.66,4085.32,4084.28,4084.59,0.0
2026-07-21 18:29:00+00:00,4084.48,4084.95,4083.48,4083.74,0.0
2026-07-21 18:30:00+00:00,4083.9,4084.64,4083.07,4083.16,0.0
2026-07-21 18:31:00+00:00,4083.13,4083.13,4081.35,4082.62,0.0
2026-07-21 18:32:00+00:00,4082.57,4084.12,4081.91,4084.12,0.0
2026-07-21 18:33:00+00:00,4084.45,4085.36,4084.01,4085.24,0.0
2026-07-21 18:34:00+00:00,4085.24,4085.71,4084.48,4084.64,0.0
2026-07-21 18:35:00+00:00,4084.63,4085.38,4083.55,4083.55,0.0
2026-07-21 18:36:00+00:00,4083.64,4083.64,4082.84,4082.88,0.0
2026-07-21 18:37:00+00:00,4082.83,4082.86,4081.73,4081.85,0.0
2026-07-21 18:38:00+00:00,4081.9,4082.57,4081.9,4082.39,0.0
2026-07-21 18:39:00+00:00,4082.43,4082.89,4082.29,4082.78,0.0
2026-07-21 18:40:00+00:00,4082.78,4083.03,4081.84,4082.49,0.0
2026-07-21 18:41:00+00:00,4082.52,4083.12,4082.25,4082.81,0.0
2026-07-21 18:42:00+00:00,4082.6,4083.06,4082.06,4083.03,0.0
2026-07-21 18:43:00+00:00,4082.98,4083.88,4082.62,4083.7,0.0
2026-07-21 18:44:00+00:00,4083.79,4083.79,4082.46,4082.59,0.0
2026-07-21 18:45:00+00:00,4082.43,4082.66,4082.14,4082.14,0.0
2026-07-21 18:46:00+00:00,4082.15,4082.2,4081.63,4082.11,0.0
2026-07-21 18:47:00+00:00,4082.14,4082.14,4080.64,4080.64,0.0
2026-07-21 18:48:00+00:00,4080.76,4081.08,4080.45,4081.08,0.0
2026-07-21 18:49:00+00:00,4080.89,4081.12,4080.74,4080.76,0.0
2026-07-21 18:50:00+00:00,4080.76,4080.89,4080.08,4080.27,0.0
2026-07-21 18:51:00+00:00,4080.29,4080.36,4079.4,4079.4,0.0
2026-07-21 18:52:00+00:00,4079.4,4081.38,4079.4,4081.32,0.0
2026-07-21 18:53:00+00:00,4081.33,4081.33,4080.47,4081.01,0.0
2026-07-21 18:54:00+00:00,4081.0,4081.51,4081.0,4081.12,0.0
2026-07-21 18:55:00+00:00,4081.12,4083.13,4081.12,4083.07,0.0
2026-07-21 18:56:00+00:00,4083.19,4083.42,4082.56,4082.94,0.0
2026-07-21 18:57:00+00:00,4083.05,4083.08,4082.26,4082.26,0.0
2026-07-21 18:58:00+00:00,4082.27,4082.3,4082.02,4082.1,0.0
2026-07-21 18:59:00+00:00,4082.1,4082.47,4081.9,4082.33,0.0
2026-07-21 19:00:00+00:00,4082.35,4083.72,4082.35,4083.31,0.0
2026-07-21 19:01:00+00:00,4083.26,4083.63,4082.66,4083.62,0.0
2026-07-21 19:02:00+00:00,4083.63,4085.21,4083.46,4085.02,0.0
2026-07-21 19:03:00+00:00,4084.86,4085.17,4084.57,4085.07,0.0
2026-07-21 19:04:00+00:00,4085.2,4085.3,4084.55,4084.61,0.0
2026-07-21 19:05:00+00:00,4084.47,4084.8,4083.46,4083.46,0.0
2026-07-21 19:06:00+00:00,4083.47,4085.6,4083.47,4085.11,0.0
2026-07-21 19:07:00+00:00,4085.04,4085.04,4082.82,4083.01,0.0
2026-07-21 19:08:00+00:00,4082.94,4082.94,4081.99,4082.49,0.0
2026-07-21 19:09:00+00:00,4082.49,4083.06,4081.47,4081.47,0.0
2026-07-21 19:10:00+00:00,4081.48,4081.55,4080.2,4080.85,0.0
2026-07-21 19:11:00+00:00,4080.87,4081.51,4080.22,4080.25,0.0
2026-07-21 19:12:00+00:00,4080.19,4081.83,4080.19,4081.62,0.0
2026-07-21 19:13:00+00:00,4081.62,4081.62,4080.48,4080.98,0.0
2026-07-21 19:14:00+00:00,4080.88,4081.01,4080.63,4080.94,0.0
2026-07-21 19:15:00+00:00,4080.92,4082.23,4080.92,4082.07,0.0
2026-07-21 19:16:00+00:00,4082.09,4082.11,4081.59,4082.06,0.0
2026-07-21 19:17:00+00:00,4082.31,4082.39,4081.71,4082.14,0.0
2026-07-21 19:18:00+00:00,4082.13,4084.17,4082.13,4083.98,0.0
2026-07-21 19:19:00+00:00,4083.97,4083.97,4083.42,4083.68,0.0
2026-07-21 19:20:00+00:00,4083.7,4084.13,4083.55,4083.95,0.0
2026-07-21 19:21:00+00:00,4083.9,4083.9,4083.1,4083.34,0.0
2026-07-21 19:22:00+00:00,4083.36,4083.9,4083.32,4083.81,0.0
2026-07-21 19:23:00+00:00,4083.8,4083.8,4082.51,4083.18,0.0
2026-07-21 19:24:00+00:00,4083.24,4084.64,4083.24,4083.85,0.0
2026-07-21 19:25:00+00:00,4083.89,4084.51,4083.78,4084.47,0.0
2026-07-21 19:26:00+00:00,4084.46,4084.51,4083.74,4084.51,0.0
2026-07-21 19:27:00+00:00,4084.47,4085.24,4084.44,4084.46,0.0
2026-07-21 19:28:00+00:00,4084.44,4085.31,4083.99,4085.13,0.0
2026-07-21 19:29:00+00:00,4085.11,4085.11,4083.94,4084.13,0.0
2026-07-21 19:30:00+00:00,4084.15,4085.14,4084.15,4084.42,0.0
2026-07-21 19:31:00+00:00,4084.42,4084.88,4083.58,4084.02,0.0
2026-07-21 19:32:00+00:00,4084.02,4084.33,4083.57,4083.6,0.0
2026-07-21 19:33:00+00:00,4083.66,4084.1,4083.31,4083.93,0.0
2026-07-21 19:34:00+00:00,4083.96,4084.12,4083.59,4083.59,0.0
2026-07-21 19:35:00+00:00,4083.61,4083.63,4082.29,4082.68,0.0
2026-07-21 19:36:00+00:00,4082.69,4083.17,4082.05,4082.81,0.0
2026-07-21 19:37:00+00:00,4082.87,4083.31,4082.68,4082.89,0.0
2026-07-21 19:38:00+00:00,4082.72,4082.72,4082.16,4082.3,0.0
2026-07-21 19:39:00+00:00,4082.29,4083.28,4082.29,4082.8,0.0
2026-07-21 19:40:00+00:00,4082.76,4083.37,4082.54,4083.37,0.0
2026-07-21 19:41:00+00:00,4083.38,4084.52,4083.38,4084.46,0.0
2026-07-21 19:42:00+00:00,4084.46,4084.52,4083.37,4083.38,0.0
2026-07-21 19:43:00+00:00,4083.41,4084.08,4083.21,4083.54,0.0
2026-07-21 19:44:00+00:00,4083.54,4083.99,4083.32,4083.44,0.0
2026-07-21 19:45:00+00:00,4083.45,4083.58,4083.29,4083.29,0.0
2026-07-21 19:46:00+00:00,4083.02,4083.63,4082.97,4083.53,0.0
2026-07-21 19:47:00+00:00,4083.53,4085.33,4083.45,4085.21,0.0
2026-07-21 19:48:00+00:00,4085.23,4085.23,4083.84,4084.47,0.0
2026-07-21 19:49:00+00:00,4084.45,4084.87,4084.38,4084.69,0.0
2026-07-21 19:50:00+00:00,4084.71,4084.88,4084.42,4084.68,0.0
2026-07-21 19:51:00+00:00,4084.89,4085.29,4084.41,4084.68,0.0
2026-07-21 19:52:00+00:00,4084.7,4085.01,4084.17,4084.17,0.0
2026-07-21 19:53:00+00:00,4084.18,4084.58,4083.74,4083.84,0.0
2026-07-21 19:54:00+00:00,4083.84,4084.21,4083.71,4084.21,0.0
2026-07-21 19:55:00+00:00,4084.27,4084.29,4083.66,4084.25,0.0
2026-07-21 19:56:00+00:00,4084.25,4084.27,4083.83,4084.07,0.0
2026-07-21 19:57:00+00:00,4084.05,4085.2,4084.02,4085.09,0.0
2026-07-21 19:58:00+00:00,4085.13,4085.19,4084.44,4084.67,0.0
2026-07-21 19:59:00+00:00,4084.9,4084.9,4084.9,4084.9,0.0
2026-07-21 20:00:00+00:00,4085.15,4085.4,4083.82,4084.53,0.0
2026-07-21 20:01:00+00:00,4084.55,4085.3,4084.14,4084.87,0.0
2026-07-21 20:02:00+00:00,4084.87,4086.26,4084.47,4084.47,0.0
2026-07-21 20:03:00+00:00,4084.56,4084.81,4083.55,4084.78,0.0
2026-07-21 20:04:00+00:00,4084.78,4085.23,4084.66,4084.69,0.0
2026-07-21 20:05:00+00:00,4084.69,4084.89,4084.48,4084.62,0.0
2026-07-21 20:06:00+00:00,4084.2,4086.09,4084.1,4086.09,0.0
2026-07-21 20:07:00+00:00,4086.1,4086.1,4085.32,4085.6,0.0
2026-07-21 20:08:00+00:00,4085.65,4085.7,4085.47,4085.58,0.0
2026-07-21 20:09:00+00:00,4085.58,4085.65,4085.17,4085.17,0.0
2026-07-21 20:10:00+00:00,4085.17,4085.17,4084.75,4085.07,0.0
2026-07-21 20:11:00+00:00,4085.08,4085.24,4084.65,4084.65,0.0
2026-07-21 20:12:00+00:00,4084.65,4084.72,4083.84,4084.2,0.0
2026-07-21 20:13:00+00:00,4084.2,4084.35,4083.84,4084.21,0.0
2026-07-21 20:14:00+00:00,4084.21,4084.5,4084.2,4084.45,0.0
2026-07-21 20:15:00+00:00,4084.47,4084.47,4083.15,4083.72,0.0
2026-07-21 20:16:00+00:00,4083.72,4084.14,4083.61,4084.12,0.0
2026-07-21 20:17:00+00:00,4084.12,4084.22,4083.33,4084.17,0.0
2026-07-21 20:18:00+00:00,4084.18,4084.64,4084.18,4084.37,0.0
2026-07-21 20:19:00+00:00,4084.38,4084.38,4083.9,4084.11,0.0
2026-07-21 20:20:00+00:00,4084.11,4084.11,4081.67,4082.31,0.0
2026-07-21 20:21:00+00:00,4082.29,4083.04,4082.29,4082.99,0.0
2026-07-21 20:22:00+00:00,4082.99,4083.1,4082.77,4082.77,0.0
2026-07-21 20:23:00+00:00,4082.49,4083.04,4082.49,4082.98,0.0
2026-07-21 20:24:00+00:00,4082.98,4083.15,4082.98,4083.07,0.0
2026-07-21 20:25:00+00:00,4083.07,4083.23,4082.91,4083.0,0.0
2026-07-21 20:26:00+00:00,4082.99,4083.17,4082.6,4082.89,0.0
2026-07-21 20:27:00+00:00,4082.89,4082.97,4082.82,4082.95,0.0
2026-07-21 20:28:00+00:00,4082.95,4082.96,4082.59,4082.63,0.0
2026-07-21 20:29:00+00:00,4082.64,4082.93,4082.44,4082.89,0.0
2026-07-21 20:30:00+00:00,4082.9,4084.62,4082.9,4084.62,0.0
2026-07-21 20:31:00+00:00,4084.63,4084.63,4083.68,4083.96,0.0
2026-07-21 20:32:00+00:00,4083.96,4085.41,4083.96,4085.41,0.0
2026-07-21 20:33:00+00:00,4085.41,4085.41,4083.96,4083.96,0.0
2026-07-21 20:34:00+00:00,4083.94,4084.1,4083.07,4083.26,0.0
2026-07-21 20:35:00+00:00,4083.27,4083.5,4082.79,4083.23,0.0
2026-07-21 20:36:00+00:00,4083.21,4083.35,4082.95,4083.35,0.0
2026-07-21 20:37:00+00:00,4083.34,4083.34,4082.65,4082.8,0.0
2026-07-21 20:38:00+00:00,4082.82,4083.28,4082.49,4082.71,0.0
2026-07-21 20:39:00+00:00,4082.71,4082.95,4082.07,4082.09,0.0
2026-07-21 20:40:00+00:00,4082.09,4082.16,4081.13,4081.71,0.0
2026-07-21 20:41:00+00:00,4081.69,4081.76,4081.17,4081.29,0.0
2026-07-21 20:42:00+00:00,4081.29,4081.43,4080.57,4081.18,0.0
2026-07-21 20:43:00+00:00,4081.18,4081.48,4080.68,4081.12,0.0
2026-07-21 20:44:00+00:00,4081.12,4081.28,4080.98,4081.13,0.0
2026-07-21 20:45:00+00:00,4081.11,4081.11,4079.55,4079.6,0.0
2026-07-21 20:46:00+00:00,4079.45,4079.92,4078.98,4079.58,0.0
2026-07-21 20:47:00+00:00,4079.6,4079.73,4078.98,4079.34,0.0
2026-07-21 20:48:00+00:00,4079.34,4079.59,4078.97,4079.13,0.0
2026-07-21 20:49:00+00:00,4079.13,4079.39,4078.2,4078.6,0.0
2026-07-21 20:50:00+00:00,4078.63,4078.63,4077.55,4077.56,0.0
2026-07-21 20:51:00+00:00,4077.56,4079.05,4077.56,4078.08,0.0
2026-07-21 20:52:00+00:00,4078.08,4078.72,4078.08,4078.55,0.0
2026-07-21 20:53:00+00:00,4078.55,4078.56,4078.08,4078.38,0.0
2026-07-21 20:54:00+00:00,4078.39,4078.39,4077.5,4077.64,0.0
2026-07-21 20:55:00+00:00,4077.77,4077.77,4076.9,4077.22,0.0
2026-07-21 20:56:00+00:00,4077.21,4077.71,4076.75,4077.7,0.0
2026-07-21 20:57:00+00:00,4077.7,4078.16,4077.7,4077.92,0.0
2026-07-21 20:58:00+00:00,4077.92,4078.11,4077.61,4077.79,0.0
2026-07-21 20:59:00+00:00,4077.81,4077.94,4076.76,4077.8,0.0
2026-07-21 22:00:00+00:00,4079.95,4081.03,4078.27,4080.46,0.0
2026-07-21 22:01:00+00:00,4080.28,4080.28,4078.96,4079.36,0.0
2026-07-21 22:02:00+00:00,4079.36,4079.87,4079.36,4079.69,0.0
2026-07-21 22:03:00+00:00,4079.55,4079.82,4078.4,4079.34,0.0
2026-07-21 22:04:00+00:00,4079.3,4079.36,4078.59,4078.63,0.0
2026-07-21 22:05:00+00:00,4078.66,4079.86,4078.66,4079.01,0.0
2026-07-21 22:06:00+00:00,4079.01,4079.1,4078.09,4078.62,0.0
2026-07-21 22:07:00+00:00,4078.59,4078.63,4077.75,4077.75,0.0
2026-07-21 22:08:00+00:00,4077.77,4078.33,4077.18,4078.23,0.0
2026-07-21 22:09:00+00:00,4078.22,4078.93,4077.85,4078.16,0.0
2026-07-21 22:10:00+00:00,4078.03,4078.3,4077.74,4077.97,0.0
2026-07-21 22:11:00+00:00,4077.97,4078.97,4077.79,4078.95,0.0
2026-07-21 22:12:00+00:00,4078.94,4079.0,4078.56,4078.62,0.0
2026-07-21 22:13:00+00:00,4078.62,4078.84,4077.76,4078.13,0.0
2026-07-21 22:14:00+00:00,4078.11,4079.29,4078.04,4079.12,0.0
2026-07-21 22:15:00+00:00,4079.11,4080.36,4078.35,4080.02,0.0
2026-07-21 22:16:00+00:00,4080.02,4080.27,4079.56,4079.92,0.0
2026-07-21 22:17:00+00:00,4079.96,4081.03,4079.75,4081.03,0.0
2026-07-21 22:18:00+00:00,4080.68,4080.75,4079.85,4080.57,0.0
2026-07-21 22:19:00+00:00,4080.61,4080.78,4079.95,4080.3,0.0
2026-07-21 22:20:00+00:00,4080.3,4081.09,4080.3,4081.09,0.0
2026-07-21 22:21:00+00:00,4081.19,4082.26,4081.18,4082.21,0.0
2026-07-21 22:22:00+00:00,4082.21,4082.21,4081.55,4081.77,0.0
2026-07-21 22:23:00+00:00,4081.6,4081.96,4081.59,4081.94,0.0
2026-07-21 22:24:00+00:00,4081.96,4081.96,4080.81,4080.84,0.0
2026-07-21 22:25:00+00:00,4080.84,4081.76,4080.81,4081.74,0.0
2026-07-21 22:26:00+00:00,4081.71,4082.23,4081.7,4082.09,0.0
2026-07-21 22:27:00+00:00,4082.1,4082.45,4081.97,4081.98,0.0
2026-07-21 22:28:00+00:00,4081.98,4082.95,4081.69,4082.08,0.0
2026-07-21 22:29:00+00:00,4082.21,4083.12,4082.12,4082.83,0.0
2026-07-21 22:30:00+00:00,4082.83,4084.64,4082.76,4083.76,0.0
2026-07-21 22:31:00+00:00,4083.7,4085.09,4083.57,4083.72,0.0
2026-07-21 22:32:00+00:00,4084.0,4084.53,4083.28,4084.12,0.0
2026-07-21 22:33:00+00:00,4084.11,4084.67,4084.11,4084.4,0.0
2026-07-21 22:34:00+00:00,4084.47,4084.55,4083.5,4084.02,0.0
2026-07-21 22:35:00+00:00,4084.0,4084.21,4083.0,4083.27,0.0
2026-07-21 22:36:00+00:00,4083.26,4084.19,4083.17,4084.19,0.0
2026-07-21 22:37:00+00:00,4084.17,4084.55,4083.81,4084.31,0.0
2026-07-21 22:38:00+00:00,4084.55,4085.1,4084.55,4084.69,0.0
2026-07-21 22:39:00+00:00,4084.81,4084.92,4084.13,4084.68,0.0
2026-07-21 22:40:00+00:00,4084.69,4084.85,4084.31,4084.54,0.0
2026-07-21 22:41:00+00:00,4084.57,4084.58,4084.18,4084.42,0.0
2026-07-21 22:42:00+00:00,4084.43,4085.08,4084.36,4084.98,0.0
2026-07-21 22:43:00+00:00,4084.97,4084.97,4084.25,4084.45,0.0
2026-07-21 22:44:00+00:00,4084.45,4084.47,4084.05,4084.14,0.0
2026-07-21 22:45:00+00:00,4084.14,4084.48,4083.11,4083.55,0.0
2026-07-21 22:46:00+00:00,4083.54,4083.92,4082.94,4083.11,0.0
2026-07-21 22:47:00+00:00,4083.06,4083.06,4081.82,4082.93,0.0
2026-07-21 22:48:00+00:00,4082.69,4082.8,4081.92,4082.41,0.0
2026-07-21 22:49:00+00:00,4082.39,4082.45,4081.43,4081.46,0.0
2026-07-21 22:50:00+00:00,4081.29,4082.13,4080.9,4080.9,0.0
2026-07-21 22:51:00+00:00,4080.94,4081.13,4080.15,4080.6,0.0
2026-07-21 22:52:00+00:00,4080.56,4080.56,4079.28,4079.33,0.0
2026-07-21 22:53:00+00:00,4079.31,4079.48,4078.32,4079.16,0.0
2026-07-21 22:54:00+00:00,4079.6,4080.09,4078.87,4079.77,0.0
2026-07-21 22:55:00+00:00,4079.8,4080.98,4079.74,4080.83,0.0
2026-07-21 22:56:00+00:00,4080.83,4081.21,4080.77,4081.02,0.0
2026-07-21 22:57:00+00:00,4081.05,4081.08,4080.42,4080.74,0.0
2026-07-21 22:58:00+00:00,4080.7,4081.31,4080.57,4080.62,0.0
2026-07-21 22:59:00+00:00,4080.62,4081.18,4080.6,4080.6,0.0
2026-07-21 23:00:00+00:00,4080.57,4081.02,4079.71,4080.07,0.0
2026-07-21 23:01:00+00:00,4080.07,4080.68,4079.78,4080.27,0.0
2026-07-21 23:02:00+00:00,4080.53,4081.47,4080.29,4080.35,0.0
2026-07-21 23:03:00+00:00,4080.37,4081.32,4080.3,4081.23,0.0
2026-07-21 23:04:00+00:00,4081.3,4081.45,4080.52,4080.67,0.0
2026-07-21 23:05:00+00:00,4080.69,4081.57,4080.51,4081.57,0.0
2026-07-21 23:06:00+00:00,4081.57,4081.81,4080.36,4081.03,0.0
2026-07-21 23:07:00+00:00,4080.98,4081.13,4080.59,4081.07,0.0
2026-07-21 23:08:00+00:00,4080.7,4081.34,4080.7,4080.97,0.0
2026-07-21 23:09:00+00:00,4080.95,4081.35,4080.95,4081.28,0.0
2026-07-21 23:10:00+00:00,4081.26,4081.3,4080.82,4081.12,0.0
2026-07-21 23:11:00+00:00,4081.12,4081.17,4080.48,4081.15,0.0
2026-07-21 23:12:00+00:00,4081.13,4081.83,4081.13,4081.65,0.0
2026-07-21 23:13:00+00:00,4081.64,4082.03,4081.25,4081.4,0.0
2026-07-21 23:14:00+00:00,4081.4,4081.45,4081.38,4081.45,0.0
2026-07-21 23:15:00+00:00,4081.45,4082.11,4081.15,4081.47,0.0
2026-07-21 23:16:00+00:00,4081.38,4081.77,4081.38,4081.65,0.0
2026-07-21 23:17:00+00:00,4081.65,4081.67,4081.54,4081.59,0.0
2026-07-21 23:18:00+00:00,4081.59,4082.44,4081.51,4082.37,0.0
2026-07-21 23:19:00+00:00,4082.37,4082.58,4082.31,4082.5,0.0
2026-07-21 23:20:00+00:00,4082.5,4082.51,4081.83,4081.83,0.0
2026-07-21 23:21:00+00:00,4081.83,4081.83,4081.57,4081.62,0.0
2026-07-21 23:22:00+00:00,4081.62,4081.68,4081.48,4081.68,0.0
2026-07-21 23:23:00+00:00,4081.7,4082.32,4081.69,4082.27,0.0
2026-07-21 23:24:00+00:00,4082.28,4082.41,4082.23,4082.23,0.0
2026-07-21 23:25:00+00:00,4082.26,4082.38,4081.91,4081.91,0.0
2026-07-21 23:26:00+00:00,4081.9,4082.1,4081.66,4082.1,0.0
2026-07-21 23:27:00+00:00,4082.1,4082.53,4081.72,4081.83,0.0
2026-07-21 23:28:00+00:00,4081.83,4082.12,4081.83,4082.08,0.0
2026-07-21 23:29:00+00:00,4082.08,4082.2,4081.24,4081.31,0.0
2026-07-21 23:30:00+00:00,4081.27,4081.36,4080.7,4080.9,0.0
2026-07-21 23:31:00+00:00,4080.9,4081.57,4080.9,4081.55,0.0
2026-07-21 23:32:00+00:00,4081.55,4081.77,4081.39,4081.44,0.0
2026-07-21 23:33:00+00:00,4081.43,4081.44,4081.13,4081.16,0.0
2026-07-21 23:34:00+00:00,4081.16,4081.16,4080.68,4080.76,0.0
2026-07-21 23:35:00+00:00,4080.75,4080.77,4080.57,4080.63,0.0
2026-07-21 23:36:00+00:00,4080.64,4081.51,4080.64,4081.5,0.0
2026-07-21 23:37:00+00:00,4081.49,4081.53,4081.02,4081.4,0.0
2026-07-21 23:38:00+00:00,4081.4,4081.95,4081.4,4081.83,0.0
2026-07-21 23:39:00+00:00,4081.88,4082.1,4081.75,4081.97,0.0
2026-07-21 23:40:00+00:00,4081.98,4082.35,4081.9,4081.9,0.0
2026-07-21 23:41:00+00:00,4081.94,4082.09,4081.12,4081.12,0.0
2026-07-21 23:42:00+00:00,4081.11,4081.11,4080.1,4080.1,0.0
2026-07-21 23:43:00+00:00,4080.14,4080.26,4079.68,4079.82,0.0
2026-07-21 23:44:00+00:00,4079.84,4080.53,4079.41,4080.53,0.0
2026-07-21 23:45:00+00:00,4080.53,4082.85,4079.73,4082.74,0.0
2026-07-21 23:46:00+00:00,4082.66,4082.92,4079.97,4080.32,0.0
2026-07-21 23:47:00+00:00,4080.34,4081.63,4080.34,4081.62,0.0
2026-07-21 23:48:00+00:00,4081.59,4081.59,4080.82,4080.84,0.0
2026-07-21 23:49:00+00:00,4080.88,4081.19,4080.88,4081.09,0.0
2026-07-21 23:50:00+00:00,4081.12,4081.45,4080.57,4081.15,0.0
2026-07-21 23:51:00+00:00,4081.15,4081.28,4080.39,4080.39,0.0
2026-07-21 23:52:00+00:00,4080.44,4081.18,4080.37,4081.03,0.0
2026-07-21 23:53:00+00:00,4080.77,4080.77,4080.49,4080.66,0.0
2026-07-21 23:54:00+00:00,4080.83,4080.83,4080.38,4080.53,0.0
2026-07-21 23:55:00+00:00,4080.52,4081.13,4080.52,4080.79,0.0
2026-07-21 23:56:00+00:00,4080.68,4080.78,4080.35,4080.37,0.0
2026-07-21 23:57:00+00:00,4080.36,4080.62,4079.36,4079.87,0.0
2026-07-21 23:58:00+00:00,4079.82,4080.37,4079.8,4080.37,0.0
2026-07-21 23:59:00+00:00,4080.43,4080.98,4080.43,4080.98,0.0
2026-07-22 00:00:00+00:00,4080.76,4081.76,4076.98,4077.38,0.0
2026-07-22 00:01:00+00:00,4077.27,4077.8,4076.94,4077.62,0.0
2026-07-22 00:02:00+00:00,4077.95,4079.75,4077.64,4079.75,0.0
2026-07-22 00:03:00+00:00,4079.82,4080.55,4079.05,4080.03,0.0
2026-07-22 00:04:00+00:00,4079.96,4082.75,4079.96,4082.6,0.0
2026-07-22 00:05:00+00:00,4082.74,4083.39,4081.46,4081.84,0.0
2026-07-22 00:06:00+00:00,4081.98,4086.19,4081.89,4086.03,0.0
2026-07-22 00:07:00+00:00,4086.06,4090.23,4085.58,4088.86,0.0
2026-07-22 00:08:00+00:00,4088.99,4088.99,4086.98,4087.26,0.0
2026-07-22 00:09:00+00:00,4087.27,4089.1,4086.42,4088.22,0.0
2026-07-22 00:10:00+00:00,4088.23,4090.62,4087.67,4089.45,0.0
2026-07-22 00:11:00+00:00,4089.31,4090.97,4089.11,4090.88,0.0
2026-07-22 00:12:00+00:00,4090.83,4092.3,4090.25,4091.83,0.0
2026-07-22 00:13:00+00:00,4091.76,4092.39,4090.84,4091.8,0.0
2026-07-22 00:14:00+00:00,4091.79,4092.81,4091.53,4092.23,0.0
2026-07-22 00:15:00+00:00,4092.36,4093.62,4092.36,4093.36,0.0
2026-07-22 00:16:00+00:00,4093.29,4094.57,4092.99,4094.57,0.0
2026-07-22 00:17:00+00:00,4094.49,4098.06,4094.48,4096.9,0.0
2026-07-22 00:18:00+00:00,4096.72,4096.88,4094.58,4094.88,0.0
2026-07-22 00:19:00+00:00,4094.89,4095.83,4094.81,4095.58,0.0
2026-07-22 00:20:00+00:00,4095.59,4096.83,4095.59,4096.7,0.0
2026-07-22 00:21:00+00:00,4097.09,4097.56,4095.12,4095.12,0.0
2026-07-22 00:22:00+00:00,4095.1,4095.91,4093.04,4095.08,0.0
2026-07-22 00:23:00+00:00,4095.08,4097.72,4095.08,4097.05,0.0
2026-07-22 00:24:00+00:00,4097.07,4097.67,4096.88,4097.23,0.0
2026-07-22 00:25:00+00:00,4097.24,4098.04,4096.87,4097.37,0.0
2026-07-22 00:26:00+00:00,4097.27,4098.7,4097.27,4097.71,0.0
2026-07-22 00:27:00+00:00,4097.69,4097.89,4096.9,4097.5,0.0
2026-07-22 00:28:00+00:00,4097.59,4098.55,4097.32,4097.32,0.0
2026-07-22 00:29:00+00:00,4097.47,4098.34,4096.96,4098.18,0.0
2026-07-22 00:30:00+00:00,4098.2,4101.45,4097.91,4098.23,0.0
2026-07-22 00:31:00+00:00,4097.14,4097.14,4093.27,4095.54,0.0
2026-07-22 00:32:00+00:00,4095.48,4095.48,4092.04,4092.28,0.0
2026-07-22 00:33:00+00:00,4092.32,4093.56,4091.34,4091.34,0.0
2026-07-22 00:34:00+00:00,4091.33,4091.89,4090.73,4091.63,0.0
2026-07-22 00:35:00+00:00,4091.58,4091.86,4089.86,4091.86,0.0
2026-07-22 00:36:00+00:00,4091.86,4093.38,4091.65,4093.07,0.0
2026-07-22 00:37:00+00:00,4093.07,4095.63,4092.93,4094.11,0.0
2026-07-22 00:38:00+00:00,4094.06,4097.36,4094.06,4096.59,0.0
2026-07-22 00:39:00+00:00,4096.81,4096.89,4095.07,4095.08,0.0
2026-07-22 00:40:00+00:00,4094.91,4094.91,4092.87,4094.65,0.0
2026-07-22 00:41:00+00:00,4094.31,4094.81,4093.91,4094.2,0.0
2026-07-22 00:42:00+00:00,4094.26,4095.33,4094.03,4095.33,0.0
2026-07-22 00:43:00+00:00,4094.92,4095.02,4092.07,4092.4,0.0
2026-07-22 00:44:00+00:00,4092.39,4093.35,4091.99,4092.86,0.0
2026-07-22 00:45:00+00:00,4092.85,4093.71,4092.83,4092.89,0.0
2026-07-22 00:46:00+00:00,4092.88,4093.34,4091.73,4092.82,0.0
2026-07-22 00:47:00+00:00,4092.91,4093.93,4092.73,4093.92,0.0
2026-07-22 00:48:00+00:00,4094.01,4097.21,4093.9,4097.0,0.0
2026-07-22 00:49:00+00:00,4096.85,4099.04,4096.31,4096.79,0.0
2026-07-22 00:50:00+00:00,4096.81,4097.3,4094.84,4094.95,0.0
2026-07-22 00:51:00+00:00,4095.06,4096.03,4094.79,4095.51,0.0
2026-07-22 00:52:00+00:00,4095.43,4095.69,4093.97,4094.24,0.0
2026-07-22 00:53:00+00:00,4094.2,4094.97,4093.86,4094.64,0.0
2026-07-22 00:54:00+00:00,4094.64,4094.64,4093.69,4094.03,0.0
2026-07-22 00:55:00+00:00,4094.13,4094.65,4093.47,4094.53,0.0
2026-07-22 00:56:00+00:00,4094.63,4095.03,4093.87,4094.07,0.0
2026-07-22 00:57:00+00:00,4093.99,4095.19,4093.3,4095.19,0.0
2026-07-22 00:58:00+00:00,4095.25,4096.81,4094.5,4096.71,0.0
2026-07-22 00:59:00+00:00,4096.72,4097.62,4096.63,4096.83,0.0
2026-07-22 01:00:00+00:00,4097.58,4108.85,4096.97,4107.99,0.0
2026-07-22 01:01:00+00:00,4108.0,4108.57,4105.86,4105.86,0.0
2026-07-22 01:02:00+00:00,4105.32,4107.28,4103.94,4105.95,0.0
2026-07-22 01:03:00+00:00,4106.18,4108.31,4104.2,4108.0,0.0
2026-07-22 01:04:00+00:00,4108.16,4113.67,4107.2,4110.68,0.0
2026-07-22 01:05:00+00:00,4110.84,4113.65,4110.45,4113.57,0.0
2026-07-22 01:06:00+00:00,4113.35,4115.6,4113.35,4114.18,0.0
2026-07-22 01:07:00+00:00,4115.1,4115.84,4114.3,4114.93,0.0
2026-07-22 01:08:00+00:00,4114.74,4117.04,4114.31,4116.16,0.0
2026-07-22 01:09:00+00:00,4115.87,4116.33,4113.0,4115.83,0.0
2026-07-22 01:10:00+00:00,4116.17,4117.82,4115.53,4116.12,0.0
2026-07-22 01:11:00+00:00,4115.99,4116.22,4113.77,4113.77,0.0
2026-07-22 01:12:00+00:00,4114.19,4118.06,4114.16,4117.55,0.0
2026-07-22 01:13:00+00:00,4117.46,4118.22,4116.81,4117.6,0.0
2026-07-22 01:14:00+00:00,4117.28,4121.29,4117.28,4121.29,0.0
2026-07-22 01:15:00+00:00,4121.42,4121.62,4117.3,4117.78,0.0
2026-07-22 01:16:00+00:00,4118.04,4118.92,4115.53,4115.64,0.0
2026-07-22 01:17:00+00:00,4115.79,4115.9,4113.2,4113.61,0.0
2026-07-22 01:18:00+00:00,4113.55,4113.56,4112.12,4112.8,0.0
2026-07-22 01:19:00+00:00,4112.81,4114.2,4112.45,4112.91,0.0
2026-07-22 01:20:00+00:00,4112.89,4115.36,4112.62,4115.25,0.0
2026-07-22 01:21:00+00:00,4115.5,4115.8,4114.82,4115.09,0.0
2026-07-22 01:22:00+00:00,4115.01,4115.01,4113.15,4114.05,0.0
2026-07-22 01:23:00+00:00,4113.97,4114.39,4112.16,4112.16,0.0
2026-07-22 01:24:00+00:00,4112.28,4113.15,4112.12,4112.55,0.0
2026-07-22 01:25:00+00:00,4112.51,4114.33,4112.35,4114.33,0.0
2026-07-22 01:26:00+00:00,4114.38,4115.16,4113.54,4115.03,0.0
2026-07-22 01:27:00+00:00,4115.18,4115.83,4114.61,4115.64,0.0
2026-07-22 01:28:00+00:00,4115.98,4116.77,4115.11,4115.93,0.0
2026-07-22 01:29:00+00:00,4115.94,4116.67,4115.69,4116.03,0.0
2026-07-22 01:30:00+00:00,4115.63,4115.63,4114.12,4114.89,0.0
2026-07-22 01:31:00+00:00,4114.9,4115.53,4113.26,4113.93,0.0
2026-07-22 01:32:00+00:00,4113.97,4114.42,4113.13,4114.12,0.0
2026-07-22 01:33:00+00:00,4114.18,4115.92,4114.04,4115.44,0.0
2026-07-22 01:34:00+00:00,4115.38,4117.16,4114.83,4116.88,0.0
2026-07-22 01:35:00+00:00,4116.85,4118.59,4116.18,4118.02,0.0
2026-07-22 01:36:00+00:00,4117.77,4118.14,4115.93,4115.97,0.0
2026-07-22 01:37:00+00:00,4115.92,4117.62,4115.92,4116.63,0.0
2026-07-22 01:38:00+00:00,4116.57,4117.27,4114.96,4117.27,0.0
2026-07-22 01:39:00+00:00,4117.89,4121.54,4117.6,4120.36,0.0
2026-07-22 01:40:00+00:00,4119.78,4119.79,4118.95,4119.04,0.0
2026-07-22 01:41:00+00:00,4119.05,4119.51,4118.29,4119.48,0.0
2026-07-22 01:42:00+00:00,4119.36,4122.15,4119.31,4121.86,0.0
2026-07-22 01:43:00+00:00,4121.87,4122.85,4121.54,4122.11,0.0
2026-07-22 01:44:00+00:00,4122.2,4122.54,4121.44,4121.8,0.0
2026-07-22 01:45:00+00:00,4121.78,4123.36,4121.78,4122.54,0.0
2026-07-22 01:46:00+00:00,4122.53,4123.51,4122.44,4122.72,0.0
2026-07-22 01:47:00+00:00,4122.72,4123.33,4122.25,4123.29,0.0
2026-07-22 01:48:00+00:00,4123.46,4123.46,4121.63,4121.68,0.0
2026-07-22 01:49:00+00:00,4121.64,4121.72,4119.03,4119.79,0.0
2026-07-22 01:50:00+00:00,4119.86,4120.0,4118.63,4118.86,0.0
2026-07-22 01:51:00+00:00,4118.95,4119.91,4118.59,4119.66,0.0
2026-07-22 01:52:00+00:00,4119.69,4120.03,4118.78,4120.03,0.0
2026-07-22 01:53:00+00:00,4120.74,4121.13,4118.87,4119.13,0.0
2026-07-22 01:54:00+00:00,4119.16,4120.96,4119.16,4119.64,0.0
2026-07-22 01:55:00+00:00,4119.64,4119.64,4117.81,4117.81,0.0
2026-07-22 01:56:00+00:00,4117.7,4119.71,4117.58,4119.71,0.0
2026-07-22 01:57:00+00:00,4119.68,4120.94,4119.14,4120.37,0.0
2026-07-22 01:58:00+00:00,4120.85,4122.66,4120.69,4120.86,0.0
2026-07-22 01:59:00+00:00,4120.83,4122.27,4120.83,4122.09,0.0
2026-07-22 02:00:00+00:00,4122.3,4122.83,4121.29,4121.8,0.0
2026-07-22 02:01:00+00:00,4121.71,4122.61,4121.23,4122.09,0.0
2026-07-22 02:02:00+00:00,4121.93,4122.72,4121.63,4121.94,0.0
2026-07-22 02:03:00+00:00,4122.02,4122.14,4119.73,4119.75,0.0
2026-07-22 02:04:00+00:00,4119.75,4122.37,4119.75,4122.0,0.0
2026-07-22 02:05:00+00:00,4121.96,4122.16,4119.61,4119.93,0.0
2026-07-22 02:06:00+00:00,4119.81,4120.83,4119.81,4120.08,0.0
2026-07-22 02:07:00+00:00,4119.98,4120.73,4119.18,4120.68,0.0
2026-07-22 02:08:00+00:00,4120.71,4121.58,4120.3,4120.33,0.0
2026-07-22 02:09:00+00:00,4120.22,4121.63,4119.97,4121.63,0.0
2026-07-22 02:10:00+00:00,4121.62,4123.17,4121.49,4122.18,0.0
2026-07-22 02:11:00+00:00,4122.23,4122.68,4122.01,4122.54,0.0
2026-07-22 02:12:00+00:00,4122.55,4122.55,4120.65,4121.2,0.0
2026-07-22 02:13:00+00:00,4121.17,4122.24,4120.81,4122.07,0.0
2026-07-22 02:14:00+00:00,4122.07,4122.58,4122.04,4122.07,0.0
2026-07-22 02:15:00+00:00,4122.04,4122.87,4121.94,4122.72,0.0
2026-07-22 02:16:00+00:00,4122.44,4123.17,4122.04,4123.11,0.0
2026-07-22 02:17:00+00:00,4123.15,4125.08,4121.26,4121.32,0.0
2026-07-22 02:18:00+00:00,4121.39,4122.0,4120.72,4120.89,0.0
2026-07-22 02:19:00+00:00,4120.99,4120.99,4120.06,4120.54,0.0
2026-07-22 02:20:00+00:00,4120.54,4123.03,4120.44,4122.11,0.0
2026-07-22 02:21:00+00:00,4122.08,4123.73,4121.6,4123.69,0.0
2026-07-22 02:22:00+00:00,4123.74,4125.09,4123.67,4124.69,0.0
2026-07-22 02:23:00+00:00,4125.16,4125.52,4124.77,4124.98,0.0
2026-07-22 02:24:00+00:00,4125.03,4125.04,4124.01,4124.75,0.0
2026-07-22 02:25:00+00:00,4124.83,4125.35,4124.06,4124.72,0.0
2026-07-22 02:26:00+00:00,4124.8,4125.1,4124.14,4124.99,0.0
2026-07-22 02:27:00+00:00,4124.99,4125.59,4124.51,4125.35,0.0
2026-07-22 02:28:00+00:00,4125.34,4125.97,4124.99,4125.82,0.0
2026-07-22 02:29:00+00:00,4125.82,4125.83,4124.23,4124.35,0.0
2026-07-22 02:30:00+00:00,4124.34,4125.23,4122.39,4124.42,0.0
2026-07-22 02:31:00+00:00,4124.5,4126.24,4123.83,4125.89,0.0
2026-07-22 02:32:00+00:00,4125.63,4129.43,4125.55,4129.34,0.0
2026-07-22 02:33:00+00:00,4129.36,4129.97,4128.89,4129.04,0.0
2026-07-22 02:34:00+00:00,4129.01,4130.47,4128.34,4130.47,0.0
2026-07-22 02:35:00+00:00,4130.39,4130.39,4127.22,4127.46,0.0
2026-07-22 02:36:00+00:00,4127.43,4128.82,4126.98,4127.64,0.0
2026-07-22 02:37:00+00:00,4127.75,4128.9,4126.22,4126.22,0.0
2026-07-22 02:38:00+00:00,4126.34,4126.39,4124.7,4125.22,0.0
2026-07-22 02:39:00+00:00,4125.12,4125.92,4124.7,4124.85,0.0
2026-07-22 02:40:00+00:00,4124.69,4127.93,4124.62,4127.41,0.0
2026-07-22 02:41:00+00:00,4127.4,4129.31,4127.23,4127.26,0.0
2026-07-22 02:42:00+00:00,4127.46,4127.57,4126.56,4126.62,0.0
2026-07-22 02:43:00+00:00,4126.6,4126.6,4125.48,4126.3,0.0
2026-07-22 02:44:00+00:00,4126.35,4128.5,4126.35,4128.4,0.0
2026-07-22 02:45:00+00:00,4128.33,4128.75,4127.65,4128.38,0.0
2026-07-22 02:46:00+00:00,4128.48,4130.6,4128.39,4129.16,0.0
2026-07-22 02:47:00+00:00,4129.3,4129.33,4127.95,4128.14,0.0
2026-07-22 02:48:00+00:00,4128.04,4129.27,4127.82,4128.59,0.0
2026-07-22 02:49:00+00:00,4128.67,4128.84,4128.13,4128.28,0.0
2026-07-22 02:50:00+00:00,4128.43,4128.52,4127.47,4127.54,0.0
2026-07-22 02:51:00+00:00,4127.55,4127.86,4126.5,4127.01,0.0
2026-07-22 02:52:00+00:00,4127.05,4127.51,4126.67,4127.5,0.0
2026-07-22 02:53:00+00:00,4127.5,4128.05,4126.62,4128.05,0.0
2026-07-22 02:54:00+00:00,4128.32,4129.22,4128.26,4128.69,0.0
2026-07-22 02:55:00+00:00,4128.43,4128.81,4128.01,4128.1,0.0
2026-07-22 02:56:00+00:00,4128.02,4128.16,4127.25,4127.25,0.0
2026-07-22 02:57:00+00:00,4127.29,4127.89,4126.91,4127.58,0.0
2026-07-22 02:58:00+00:00,4127.6,4129.31,4127.58,4129.31,0.0
2026-07-22 02:59:00+00:00,4129.46,4130.93,4128.97,4130.85,0.0
2026-07-22 03:00:00+00:00,4130.67,4131.26,4129.58,4130.64,0.0
2026-07-22 03:01:00+00:00,4130.69,4131.17,4130.15,4130.5,0.0
2026-07-22 03:02:00+00:00,4130.61,4132.06,4130.61,4132.05,0.0
2026-07-22 03:03:00+00:00,4132.05,4132.78,4132.03,4132.71,0.0
2026-07-22 03:04:00+00:00,4132.66,4133.56,4132.14,4133.48,0.0
2026-07-22 03:05:00+00:00,4133.53,4134.62,4132.64,4134.47,0.0
2026-07-22 03:06:00+00:00,4134.53,4137.5,4134.53,4137.48,0.0
2026-07-22 03:07:00+00:00,4137.23,4140.38,4137.11,4140.23,0.0
2026-07-22 03:08:00+00:00,4140.2,4140.68,4138.01,4138.49,0.0
2026-07-22 03:09:00+00:00,4138.38,4138.45,4137.15,4137.47,0.0
2026-07-22 03:10:00+00:00,4137.48,4138.45,4137.44,4137.77,0.0
2026-07-22 03:11:00+00:00,4137.85,4138.08,4136.78,4136.78,0.0
2026-07-22 03:12:00+00:00,4136.7,4136.7,4135.29,4136.12,0.0
2026-07-22 03:13:00+00:00,4136.1,4137.95,4136.1,4137.7,0.0
2026-07-22 03:14:00+00:00,4137.68,4137.77,4136.92,4137.36,0.0
2026-07-22 03:15:00+00:00,4137.38,4139.22,4136.9,4139.21,0.0
2026-07-22 03:16:00+00:00,4139.37,4139.73,4138.66,4138.71,0.0
2026-07-22 03:17:00+00:00,4138.71,4138.9,4138.27,4138.9,0.0
2026-07-22 03:18:00+00:00,4139.12,4139.91,4138.44,4138.44,0.0
2026-07-22 03:19:00+00:00,4138.42,4139.25,4138.42,4139.1,0.0
2026-07-22 03:20:00+00:00,4139.11,4140.3,4138.37,4140.21,0.0
2026-07-22 03:21:00+00:00,4140.26,4140.4,4139.23,4140.35,0.0
2026-07-22 03:22:00+00:00,4140.33,4140.74,4139.85,4140.61,0.0
2026-07-22 03:23:00+00:00,4140.46,4141.67,4139.44,4141.03,0.0
2026-07-22 03:24:00+00:00,4140.96,4141.15,4138.88,4138.93,0.0
2026-07-22 03:25:00+00:00,4139.01,4139.21,4138.62,4139.07,0.0
2026-07-22 03:26:00+00:00,4139.14,4139.35,4138.45,4139.35,0.0
2026-07-22 03:27:00+00:00,4139.35,4139.87,4138.89,4138.91,0.0
2026-07-22 03:28:00+00:00,4138.91,4139.1,4137.28,4137.29,0.0
2026-07-22 03:29:00+00:00,4137.25,4138.51,4137.25,4138.51,0.0
2026-07-22 03:30:00+00:00,4138.35,4138.4,4137.41,4137.59,0.0
2026-07-22 03:31:00+00:00,4137.41,4137.77,4136.59,4136.59,0.0
2026-07-22 03:32:00+00:00,4136.56,4136.82,4135.0,4135.24,0.0
2026-07-22 03:33:00+00:00,4135.26,4135.5,4134.9,4135.06,0.0
2026-07-22 03:34:00+00:00,4135.06,4135.67,4134.89,4135.15,0.0
2026-07-22 03:35:00+00:00,4135.23,4135.44,4133.58,4133.84,0.0
2026-07-22 03:36:00+00:00,4133.84,4134.06,4133.59,4133.59,0.0
2026-07-22 03:37:00+00:00,4133.45,4134.33,4132.8,4134.33,0.0
2026-07-22 03:38:00+00:00,4134.35,4135.74,4134.13,4135.47,0.0
2026-07-22 03:39:00+00:00,4135.5,4135.52,4133.47,4133.75,0.0
2026-07-22 03:40:00+00:00,4133.76,4133.76,4133.08,4133.3,0.0
2026-07-22 03:41:00+00:00,4133.31,4133.56,4132.72,4133.48,0.0
2026-07-22 03:42:00+00:00,4133.49,4134.37,4133.08,4133.46,0.0
2026-07-22 03:43:00+00:00,4133.56,4134.06,4132.65,4133.92,0.0
2026-07-22 03:44:00+00:00,4133.84,4134.12,4133.55,4133.62,0.0
2026-07-22 03:45:00+00:00,4133.62,4134.25,4133.22,4133.25,0.0
2026-07-22 03:46:00+00:00,4133.23,4133.66,4132.65,4133.12,0.0
2026-07-22 03:47:00+00:00,4132.98,4134.15,4132.98,4134.07,0.0
2026-07-22 03:48:00+00:00,4134.08,4134.24,4132.99,4132.99,0.0
2026-07-22 03:49:00+00:00,4132.99,4132.99,4132.38,4132.8,0.0
2026-07-22 03:50:00+00:00,4132.76,4132.81,4132.19,4132.37,0.0
2026-07-22 03:51:00+00:00,4132.36,4132.67,4131.97,4131.98,0.0
2026-07-22 03:52:00+00:00,4131.97,4132.21,4131.38,4131.59,0.0
2026-07-22 03:53:00+00:00,4131.41,4131.68,4130.94,4131.06,0.0
2026-07-22 03:54:00+00:00,4131.06,4131.32,4130.85,4131.22,0.0
2026-07-22 03:55:00+00:00,4131.21,4131.59,4131.05,4131.18,0.0
2026-07-22 03:56:00+00:00,4131.21,4131.28,4130.74,4130.75,0.0
2026-07-22 03:57:00+00:00,4130.72,4131.79,4130.21,4131.15,0.0
2026-07-22 03:58:00+00:00,4131.24,4131.63,4131.01,4131.31,0.0
2026-07-22 03:59:00+00:00,4131.35,4131.4,4130.88,4130.95,0.0
2026-07-22 04:00:00+00:00,4130.95,4131.23,4130.04,4130.12,0.0
2026-07-22 04:01:00+00:00,4130.14,4131.12,4130.14,4130.63,0.0
2026-07-22 04:02:00+00:00,4130.66,4130.67,4128.41,4128.97,0.0
2026-07-22 04:03:00+00:00,4128.96,4128.96,4127.27,4127.42,0.0
2026-07-22 04:04:00+00:00,4127.41,4128.63,4126.79,4128.4,0.0
2026-07-22 04:05:00+00:00,4128.42,4129.89,4128.42,4129.71,0.0
2026-07-22 04:06:00+00:00,4129.72,4130.51,4129.33,4130.47,0.0
2026-07-22 04:07:00+00:00,4130.42,4130.44,4129.13,4129.33,0.0
2026-07-22 04:08:00+00:00,4129.32,4129.64,4128.54,4128.55,0.0
2026-07-22 04:09:00+00:00,4128.56,4128.57,4127.83,4127.99,0.0
2026-07-22 04:10:00+00:00,4128.12,4128.47,4127.7,4127.9,0.0
2026-07-22 04:11:00+00:00,4127.84,4127.98,4127.06,4127.1,0.0
2026-07-22 04:12:00+00:00,4127.1,4127.45,4126.63,4126.63,0.0
2026-07-22 04:13:00+00:00,4126.62,4127.93,4126.43,4127.74,0.0
2026-07-22 04:14:00+00:00,4127.72,4127.73,4126.59,4126.87,0.0
2026-07-22 04:15:00+00:00,4127.01,4128.39,4127.01,4128.3,0.0
2026-07-22 04:16:00+00:00,4128.27,4129.7,4128.2,4128.78,0.0
2026-07-22 04:17:00+00:00,4128.77,4128.84,4128.4,4128.42,0.0
2026-07-22 04:18:00+00:00,4128.44,4128.78,4128.31,4128.78,0.0
2026-07-22 04:19:00+00:00,4128.76,4128.76,4128.16,4128.16,0.0
2026-07-22 04:20:00+00:00,4128.16,4128.51,4128.02,4128.5,0.0
2026-07-22 04:21:00+00:00,4128.5,4128.79,4127.75,4128.78,0.0
2026-07-22 04:22:00+00:00,4128.78,4129.13,4128.34,4129.05,0.0
2026-07-22 04:23:00+00:00,4129.03,4129.49,4128.96,4129.3,0.0
2026-07-22 04:24:00+00:00,4129.33,4129.33,4128.78,4128.85,0.0
2026-07-22 04:25:00+00:00,4128.85,4128.92,4128.39,4128.4,0.0
2026-07-22 04:26:00+00:00,4128.4,4128.85,4128.06,4128.32,0.0
2026-07-22 04:27:00+00:00,4128.32,4128.59,4127.68,4127.95,0.0
2026-07-22 04:28:00+00:00,4127.95,4128.46,4127.95,4128.36,0.0
2026-07-22 04:29:00+00:00,4128.36,4128.87,4128.02,4128.85,0.0
2026-07-22 04:30:00+00:00,4128.85,4128.92,4128.27,4128.32,0.0
2026-07-22 04:31:00+00:00,4128.36,4129.07,4128.35,4128.74,0.0
2026-07-22 04:32:00+00:00,4128.74,4128.74,4127.07,4127.07,0.0
2026-07-22 04:33:00+00:00,4127.09,4127.09,4126.19,4126.6,0.0
2026-07-22 04:34:00+00:00,4126.55,4126.79,4125.21,4126.64,0.0
2026-07-22 04:35:00+00:00,4126.77,4126.77,4126.1,4126.33,0.0
2026-07-22 04:36:00+00:00,4126.32,4126.52,4125.96,4126.48,0.0
2026-07-22 04:37:00+00:00,4126.5,4126.55,4125.6,4125.6,0.0
2026-07-22 04:38:00+00:00,4125.49,4126.52,4124.96,4126.52,0.0
2026-07-22 04:39:00+00:00,4126.53,4126.89,4126.2,4126.35,0.0
2026-07-22 04:40:00+00:00,4126.35,4126.92,4126.35,4126.62,0.0
2026-07-22 04:41:00+00:00,4126.6,4127.38,4126.58,4127.22,0.0
2026-07-22 04:42:00+00:00,4127.06,4127.54,4126.61,4127.15,0.0
2026-07-22 04:43:00+00:00,4127.15,4127.26,4126.79,4126.83,0.0
2026-07-22 04:44:00+00:00,4126.81,4127.71,4126.81,4127.47,0.0
2026-07-22 04:45:00+00:00,4127.43,4127.61,4126.99,4127.61,0.0
2026-07-22 04:46:00+00:00,4127.6,4127.67,4126.44,4126.63,0.0
2026-07-22 04:47:00+00:00,4126.6,4126.6,4125.63,4125.78,0.0
2026-07-22 04:48:00+00:00,4125.78,4126.26,4125.78,4126.08,0.0
2026-07-22 04:49:00+00:00,4126.08,4126.33,4125.81,4126.28,0.0
2026-07-22 04:50:00+00:00,4126.29,4126.75,4126.0,4126.5,0.0
2026-07-22 04:51:00+00:00,4126.48,4127.01,4125.72,4125.75,0.0
2026-07-22 04:52:00+00:00,4125.75,4125.76,4125.38,4125.75,0.0
2026-07-22 04:53:00+00:00,4125.76,4125.77,4125.28,4125.51,0.0
2026-07-22 04:54:00+00:00,4125.53,4126.05,4125.53,4126.0,0.0
2026-07-22 04:55:00+00:00,4126.0,4126.3,4125.71,4126.19,0.0
2026-07-22 04:56:00+00:00,4126.17,4126.4,4125.66,4126.4,0.0
2026-07-22 04:57:00+00:00,4126.37,4127.23,4126.19,4126.9,0.0
2026-07-22 04:58:00+00:00,4126.93,4127.01,4126.61,4126.94,0.0
2026-07-22 04:59:00+00:00,4126.94,4127.22,4126.52,4127.01,0.0
2026-07-22 05:00:00+00:00,4127.03,4127.03,4126.03,4126.35,0.0
2026-07-22 05:01:00+00:00,4126.35,4127.82,4126.16,4127.67,0.0
2026-07-22 05:02:00+00:00,4127.67,4128.23,4127.58,4127.96,0.0
2026-07-22 05:03:00+00:00,4127.91,4129.06,4127.48,4128.68,0.0
2026-07-22 05:04:00+00:00,4128.32,4128.77,4128.0,4128.67,0.0
2026-07-22 05:05:00+00:00,4128.45,4128.51,4128.01,4128.24,0.0
2026-07-22 05:06:00+00:00,4128.24,4128.43,4128.02,4128.38,0.0
2026-07-22 05:07:00+00:00,4128.48,4129.05,4128.08,4128.99,0.0
2026-07-22 05:08:00+00:00,4128.96,4128.96,4128.11,4128.12,0.0
2026-07-22 05:09:00+00:00,4128.12,4128.12,4126.66,4127.25,0.0
2026-07-22 05:10:00+00:00,4127.26,4128.98,4127.21,4128.98,0.0
2026-07-22 05:11:00+00:00,4129.0,4129.95,4128.87,4128.87,0.0
2026-07-22 05:12:00+00:00,4128.88,4128.88,4128.29,4128.29,0.0
2026-07-22 05:13:00+00:00,4128.27,4128.65,4128.01,4128.03,0.0
2026-07-22 05:14:00+00:00,4128.03,4128.57,4127.95,4128.5,0.0
2026-07-22 05:15:00+00:00,4128.57,4128.71,4127.34,4127.46,0.0
2026-07-22 05:16:00+00:00,4127.52,4127.52,4123.79,4123.79,0.0
2026-07-22 05:17:00+00:00,4124.05,4124.66,4123.48,4124.41,0.0
2026-07-22 05:18:00+00:00,4124.4,4125.31,4123.79,4123.99,0.0
2026-07-22 05:19:00+00:00,4123.97,4124.56,4123.86,4124.19,0.0
2026-07-22 05:20:00+00:00,4124.17,4124.36,4123.3,4123.89,0.0
2026-07-22 05:21:00+00:00,4123.77,4124.67,4123.77,4124.23,0.0
2026-07-22 05:22:00+00:00,4124.19,4124.67,4123.83,4124.67,0.0
2026-07-22 05:23:00+00:00,4124.63,4124.81,4124.21,4124.48,0.0
2026-07-22 05:24:00+00:00,4124.48,4124.52,4124.23,4124.44,0.0
2026-07-22 05:25:00+00:00,4124.48,4124.79,4123.62,4124.67,0.0
2026-07-22 05:26:00+00:00,4124.76,4126.38,4124.51,4125.6,0.0
2026-07-22 05:27:00+00:00,4125.77,4125.77,4124.88,4125.07,0.0
2026-07-22 05:28:00+00:00,4124.99,4124.99,4123.81,4123.99,0.0
2026-07-22 05:29:00+00:00,4123.96,4124.76,4123.76,4123.76,0.0
2026-07-22 05:30:00+00:00,4123.81,4128.5,4123.45,4127.71,0.0
2026-07-22 05:31:00+00:00,4127.39,4128.74,4126.44,4128.03,0.0
2026-07-22 05:32:00+00:00,4128.24,4128.69,4127.46,4127.89,0.0
2026-07-22 05:33:00+00:00,4127.89,4128.45,4126.54,4126.89,0.0
2026-07-22 05:34:00+00:00,4126.92,4127.7,4126.16,4127.56,0.0
2026-07-22 05:35:00+00:00,4127.66,4130.32,4127.4,4128.79,0.0
2026-07-22 05:36:00+00:00,4128.8,4129.92,4128.52,4129.71,0.0
2026-07-22 05:37:00+00:00,4129.71,4131.93,4129.65,4131.74,0.0
2026-07-22 05:38:00+00:00,4131.74,4134.1,4131.46,4132.66,0.0
2026-07-22 05:39:00+00:00,4132.53,4133.0,4131.91,4132.68,0.0
2026-07-22 05:40:00+00:00,4132.67,4133.21,4130.91,4131.86,0.0
2026-07-22 05:41:00+00:00,4131.86,4133.02,4131.35,4131.58,0.0
2026-07-22 05:42:00+00:00,4131.6,4132.38,4130.57,4132.25,0.0
2026-07-22 05:43:00+00:00,4132.31,4132.32,4131.2,4132.2,0.0
2026-07-22 05:44:00+00:00,4132.21,4133.29,4132.1,4132.48,0.0
2026-07-22 05:45:00+00:00,4132.57,4132.57,4130.41,4131.76,0.0
2026-07-22 05:46:00+00:00,4131.72,4132.42,4131.15,4132.28,0.0
2026-07-22 05:47:00+00:00,4132.27,4133.15,4132.08,4132.39,0.0
2026-07-22 05:48:00+00:00,4132.27,4132.35,4131.31,4132.28,0.0
2026-07-22 05:49:00+00:00,4132.32,4132.57,4131.5,4132.17,0.0
2026-07-22 05:50:00+00:00,4132.09,4132.55,4131.38,4132.55,0.0
2026-07-22 05:51:00+00:00,4132.48,4132.93,4132.04,4132.04,0.0
2026-07-22 05:52:00+00:00,4132.02,4132.88,4131.3,4132.68,0.0
2026-07-22 05:53:00+00:00,4132.72,4132.72,4131.55,4131.87,0.0
2026-07-22 05:54:00+00:00,4131.87,4131.93,4129.39,4129.66,0.0
2026-07-22 05:55:00+00:00,4129.68,4130.41,4129.46,4129.51,0.0
2026-07-22 05:56:00+00:00,4129.31,4129.73,4128.77,4129.15,0.0
2026-07-22 05:57:00+00:00,4129.1,4129.55,4128.98,4129.12,0.0
2026-07-22 05:58:00+00:00,4129.0,4130.48,4128.2,4130.48,0.0
2026-07-22 05:59:00+00:00,4130.47,4131.55,4130.47,4131.09,0.0
2026-07-22 06:00:00+00:00,4131.14,4134.71,4131.14,4134.01,0.0
2026-07-22 06:01:00+00:00,4134.01,4134.21,4132.49,4133.19,0.0
2026-07-22 06:02:00+00:00,4133.05,4133.79,4132.93,4133.2,0.0
2026-07-22 06:03:00+00:00,4133.17,4135.2,4133.17,4134.65,0.0
2026-07-22 06:04:00+00:00,4134.47,4135.06,4134.32,4134.33,0.0
2026-07-22 06:05:00+00:00,4134.32,4134.32,4132.32,4132.92,0.0
2026-07-22 06:06:00+00:00,4132.95,4133.13,4131.1,4131.72,0.0
2026-07-22 06:07:00+00:00,4131.61,4132.69,4131.59,4132.12,0.0
2026-07-22 06:08:00+00:00,4132.27,4132.29,4130.99,4131.41,0.0
2026-07-22 06:09:00+00:00,4131.52,4131.55,4130.66,4131.01,0.0
2026-07-22 06:10:00+00:00,4130.85,4131.67,4130.84,4131.24,0.0
2026-07-22 06:11:00+00:00,4131.29,4132.39,4131.29,4131.64,0.0
2026-07-22 06:12:00+00:00,4131.65,4131.82,4131.23,4131.69,0.0
2026-07-22 06:13:00+00:00,4131.69,4132.1,4130.06,4130.16,0.0
2026-07-22 06:14:00+00:00,4130.11,4130.56,4129.6,4129.9,0.0
2026-07-22 06:15:00+00:00,4129.93,4129.93,4129.41,4129.89,0.0
2026-07-22 06:16:00+00:00,4129.89,4132.0,4129.88,4130.13,0.0
2026-07-22 06:17:00+00:00,4130.11,4131.78,4130.02,4131.18,0.0
2026-07-22 06:18:00+00:00,4131.18,4131.71,4131.15,4131.65,0.0
2026-07-22 06:19:00+00:00,4131.65,4131.65,4129.58,4130.54,0.0
2026-07-22 06:20:00+00:00,4130.55,4130.78,4129.71,4130.04,0.0
2026-07-22 06:21:00+00:00,4129.99,4129.99,4128.97,4129.46,0.0
2026-07-22 06:22:00+00:00,4129.48,4130.78,4129.48,4130.24,0.0
2026-07-22 06:23:00+00:00,4130.02,4130.02,4126.16,4126.16,0.0
2026-07-22 06:24:00+00:00,4126.18,4126.65,4124.57,4125.3,0.0
2026-07-22 06:25:00+00:00,4125.3,4125.3,4121.48,4121.65,0.0
2026-07-22 06:26:00+00:00,4122.05,4122.43,4117.25,4117.41,0.0
2026-07-22 06:27:00+00:00,4117.14,4117.8,4116.17,4116.68,0.0
2026-07-22 06:28:00+00:00,4116.78,4118.21,4114.43,4116.87,0.0
2026-07-22 06:29:00+00:00,4116.79,4117.41,4116.63,4117.33,0.0
2026-07-22 06:30:00+00:00,4117.5,4119.31,4115.84,4115.99,0.0
2026-07-22 06:31:00+00:00,4115.95,4116.46,4115.05,4116.46,0.0
2026-07-22 06:32:00+00:00,4116.51,4117.33,4115.6,4116.67,0.0
2026-07-22 06:33:00+00:00,4116.71,4117.52,4116.25,4117.19,0.0
2026-07-22 06:34:00+00:00,4117.17,4119.39,4117.17,4119.39,0.0
2026-07-22 06:35:00+00:00,4119.41,4120.12,4119.3,4119.6,0.0
2026-07-22 06:36:00+00:00,4119.62,4120.02,4118.4,4119.63,0.0
2026-07-22 06:37:00+00:00,4120.04,4120.39,4116.9,4117.29,0.0
2026-07-22 06:38:00+00:00,4117.42,4119.01,4116.91,4117.09,0.0
2026-07-22 06:39:00+00:00,4117.03,4118.06,4116.94,4117.41,0.0
2026-07-22 06:40:00+00:00,4117.5,4118.82,4117.35,4118.4,0.0
2026-07-22 06:41:00+00:00,4118.41,4118.82,4117.77,4118.79,0.0
2026-07-22 06:42:00+00:00,4118.77,4118.78,4117.31,4118.06,0.0
2026-07-22 06:43:00+00:00,4118.0,4120.22,4118.0,4120.17,0.0
2026-07-22 06:44:00+00:00,4120.19,4120.29,4119.06,4119.06,0.0
2026-07-22 06:45:00+00:00,4119.02,4120.25,4118.9,4120.21,0.0
2026-07-22 06:46:00+00:00,4120.45,4120.77,4119.36,4119.5,0.0
2026-07-22 06:47:00+00:00,4119.52,4120.31,4118.58,4119.3,0.0
2026-07-22 06:48:00+00:00,4119.43,4119.54,4118.72,4118.77,0.0
2026-07-22 06:49:00+00:00,4118.72,4118.78,4117.26,4117.81,0.0
2026-07-22 06:50:00+00:00,4117.86,4117.86,4115.54,4116.2,0.0
2026-07-22 06:51:00+00:00,4116.05,4116.05,4114.45,4115.33,0.0
2026-07-22 06:52:00+00:00,4115.31,4116.57,4115.21,4116.56,0.0
2026-07-22 06:53:00+00:00,4116.57,4116.68,4116.04,4116.65,0.0
2026-07-22 06:54:00+00:00,4116.68,4116.86,4115.82,4116.59,0.0
2026-07-22 06:55:00+00:00,4116.53,4117.01,4115.87,4116.68,0.0
2026-07-22 06:56:00+00:00,4116.67,4116.77,4115.81,4116.28,0.0
2026-07-22 06:57:00+00:00,4116.25,4116.39,4113.53,4114.59,0.0
2026-07-22 06:58:00+00:00,4114.8,4115.47,4114.43,4115.2,0.0
2026-07-22 06:59:00+00:00,4115.29,4116.63,4115.17,4116.53,0.0
2026-07-22 07:00:00+00:00,4116.53,4116.93,4115.04,4116.29,0.0
2026-07-22 07:01:00+00:00,4116.36,4116.36,4114.28,4114.52,0.0
2026-07-22 07:02:00+00:00,4114.53,4114.73,4113.87,4114.6,0.0
2026-07-22 07:03:00+00:00,4114.72,4114.91,4114.34,4114.43,0.0
2026-07-22 07:04:00+00:00,4114.45,4115.15,4112.39,4112.76,0.0
2026-07-22 07:05:00+00:00,4112.77,4114.62,4112.74,4113.42,0.0
2026-07-22 07:06:00+00:00,4113.42,4114.36,4112.58,4114.1,0.0
2026-07-22 07:07:00+00:00,4114.13,4115.6,4114.06,4115.6,0.0
2026-07-22 07:08:00+00:00,4115.61,4115.71,4113.78,4113.78,0.0
2026-07-22 07:09:00+00:00,4113.47,4113.84,4112.82,4113.45,0.0
2026-07-22 07:10:00+00:00,4113.5,4114.45,4113.42,4113.97,0.0
2026-07-22 07:11:00+00:00,4113.97,4114.04,4112.57,4113.24,0.0
2026-07-22 07:12:00+00:00,4113.24,4116.05,4113.1,4115.61,0.0
2026-07-22 07:13:00+00:00,4116.09,4116.35,4115.13,4115.39,0.0
2026-07-22 07:14:00+00:00,4115.38,4116.46,4114.79,4116.46,0.0
2026-07-22 07:15:00+00:00,4116.47,4117.3,4116.08,4116.81,0.0
2026-07-22 07:16:00+00:00,4116.81,4118.46,4116.81,4116.97,0.0
2026-07-22 07:17:00+00:00,4116.91,4118.29,4116.68,4118.29,0.0
2026-07-22 07:18:00+00:00,4118.25,4118.87,4118.11,4118.83,0.0
2026-07-22 07:19:00+00:00,4118.99,4119.2,4118.59,4118.9,0.0
2026-07-22 07:20:00+00:00,4118.91,4119.88,4118.84,4119.35,0.0
2026-07-22 07:21:00+00:00,4119.4,4122.64,4119.3,4121.11,0.0
2026-07-22 07:22:00+00:00,4121.11,4121.11,4119.72,4119.87,0.0
2026-07-22 07:23:00+00:00,4119.88,4120.06,4119.43,4119.6,0.0
2026-07-22 07:24:00+00:00,4119.54,4119.54,4118.09,4118.1,0.0
2026-07-22 07:25:00+00:00,4118.02,4119.07,4117.88,4119.0,0.0
2026-07-22 07:26:00+00:00,4119.07,4119.78,4118.78,4119.24,0.0
2026-07-22 07:27:00+00:00,4119.3,4119.68,4118.78,4119.6,0.0
2026-07-22 07:28:00+00:00,4119.6,4120.15,4119.49,4119.65,0.0
2026-07-22 07:29:00+00:00,4119.64,4119.99,4119.34,4119.76,0.0
2026-07-22 07:30:00+00:00,4119.81,4122.9,4119.75,4120.34,0.0
2026-07-22 07:31:00+00:00,4120.33,4120.63,4119.65,4120.22,0.0
2026-07-22 07:32:00+00:00,4120.29,4120.29,4119.26,4119.26,0.0
2026-07-22 07:33:00+00:00,4119.24,4119.59,4118.35,4118.58,0.0
2026-07-22 07:34:00+00:00,4118.62,4119.3,4118.53,4119.03,0.0
2026-07-22 07:35:00+00:00,4118.41,4118.49,4117.85,4117.86,0.0
2026-07-22 07:36:00+00:00,4117.81,4118.27,4117.32,4117.7,0.0
2026-07-22 07:37:00+00:00,4117.45,4117.72,4116.94,4117.41,0.0
2026-07-22 07:38:00+00:00,4117.55,4118.1,4116.57,4116.57,0.0
2026-07-22 07:39:00+00:00,4116.54,4116.91,4115.34,4115.34,0.0
2026-07-22 07:40:00+00:00,4115.19,4115.34,4113.38,4113.55,0.0
2026-07-22 07:41:00+00:00,4113.53,4113.6,4111.5,4111.99,0.0
2026-07-22 07:42:00+00:00,4111.99,4112.49,4111.36,4111.36,0.0
2026-07-22 07:43:00+00:00,4111.33,4113.01,4111.14,4113.01,0.0
2026-07-22 07:44:00+00:00,4113.2,4113.9,4111.96,4112.45,0.0
2026-07-22 07:45:00+00:00,4112.47,4113.25,4111.77,4112.43,0.0
2026-07-22 07:46:00+00:00,4112.3,4112.37,4109.99,4111.15,0.0
2026-07-22 07:47:00+00:00,4111.02,4111.8,4110.23,4110.71,0.0
2026-07-22 07:48:00+00:00,4110.82,4112.96,4110.82,4111.68,0.0
2026-07-22 07:49:00+00:00,4111.57,4111.57,4110.28,4110.36,0.0
2026-07-22 07:50:00+00:00,4110.34,4110.87,4109.79,4110.6,0.0
2026-07-22 07:51:00+00:00,4110.69,4111.27,4110.58,4110.92,0.0
2026-07-22 07:52:00+00:00,4110.99,4111.26,4110.1,4110.65,0.0
2026-07-22 07:53:00+00:00,4110.67,4113.42,4110.52,4113.42,0.0
2026-07-22 07:54:00+00:00,4113.41,4114.12,4112.95,4114.08,0.0
2026-07-22 07:55:00+00:00,4114.18,4114.42,4112.59,4112.82,0.0
2026-07-22 07:56:00+00:00,4112.82,4113.76,4112.82,4113.48,0.0
2026-07-22 07:57:00+00:00,4113.44,4113.57,4112.79,4112.82,0.0
2026-07-22 07:58:00+00:00,4112.84,4112.84,4109.68,4109.68,0.0
2026-07-22 07:59:00+00:00,4109.73,4110.58,4109.46,4110.58,0.0
2026-07-22 08:00:00+00:00,4110.72,4113.57,4110.72,4113.53,0.0
2026-07-22 08:01:00+00:00,4113.54,4113.54,4111.56,4112.28,0.0
2026-07-22 08:02:00+00:00,4112.21,4112.31,4110.82,4111.93,0.0
2026-07-22 08:03:00+00:00,4111.94,4113.31,4111.65,4113.0,0.0
2026-07-22 08:04:00+00:00,4113.09,4115.13,4113.09,4115.0,0.0
2026-07-22 08:05:00+00:00,4115.03,4115.21,4114.16,4114.72,0.0
2026-07-22 08:06:00+00:00,4114.79,4115.66,4113.77,4113.79,0.0
2026-07-22 08:07:00+00:00,4113.83,4115.36,4113.71,4115.36,0.0
2026-07-22 08:08:00+00:00,4115.13,4115.97,4114.79,4115.23,0.0
2026-07-22 08:09:00+00:00,4115.39,4115.56,4114.34,4114.61,0.0
2026-07-22 08:10:00+00:00,4114.6,4114.92,4113.04,4113.11,0.0
2026-07-22 08:11:00+00:00,4113.12,4113.39,4112.65,4112.91,0.0
2026-07-22 08:12:00+00:00,4112.89,4114.3,4112.88,4114.29,0.0
2026-07-22 08:13:00+00:00,4114.28,4115.79,4114.23,4115.51,0.0
2026-07-22 08:14:00+00:00,4115.4,4115.65,4114.44,4114.76,0.0
2026-07-22 08:15:00+00:00,4114.76,4114.87,4113.58,4114.65,0.0
2026-07-22 08:16:00+00:00,4114.66,4114.92,4114.21,4114.43,0.0
2026-07-22 08:17:00+00:00,4114.42,4114.84,4114.16,4114.61,0.0
2026-07-22 08:18:00+00:00,4114.59,4115.37,4113.85,4115.37,0.0
2026-07-22 08:19:00+00:00,4115.37,4115.49,4114.59,4114.86,0.0
2026-07-22 08:20:00+00:00,4114.89,4116.0,4114.89,4115.75,0.0
2026-07-22 08:21:00+00:00,4115.79,4117.13,4115.71,4117.13,0.0
2026-07-22 08:22:00+00:00,4116.97,4117.69,4116.81,4117.32,0.0
2026-07-22 08:23:00+00:00,4117.32,4117.91,4117.32,4117.64,0.0
2026-07-22 08:24:00+00:00,4117.65,4117.65,4116.28,4116.88,0.0
2026-07-22 08:25:00+00:00,4116.95,4117.64,4116.82,4117.59,0.0
2026-07-22 08:26:00+00:00,4117.62,4117.62,4116.41,4116.42,0.0
2026-07-22 08:27:00+00:00,4116.42,4116.9,4115.6,4115.82,0.0
2026-07-22 08:28:00+00:00,4115.81,4117.3,4115.81,4117.12,0.0
2026-07-22 08:29:00+00:00,4117.07,4117.41,4116.65,4117.41,0.0
2026-07-22 08:30:00+00:00,4117.55,4118.1,4116.8,4117.86,0.0
2026-07-22 08:31:00+00:00,4117.89,4119.22,4117.74,4118.9,0.0
2026-07-22 08:32:00+00:00,4118.93,4118.93,4117.7,4117.7,0.0
2026-07-22 08:33:00+00:00,4117.63,4118.97,4117.49,4118.31,0.0
2026-07-22 08:34:00+00:00,4118.25,4118.28,4117.14,4117.89,0.0
2026-07-22 08:35:00+00:00,4117.96,4118.25,4117.68,4118.15,0.0
2026-07-22 08:36:00+00:00,4118.13,4118.46,4117.76,4118.37,0.0
2026-07-22 08:37:00+00:00,4118.4,4118.54,4117.75,4117.76,0.0
2026-07-22 08:38:00+00:00,4117.69,4117.72,4117.06,4117.2,0.0
2026-07-22 08:39:00+00:00,4117.18,4118.15,4116.75,4116.75,0.0
2026-07-22 08:40:00+00:00,4116.89,4117.44,4116.74,4117.1,0.0
2026-07-22 08:41:00+00:00,4117.06,4117.44,4116.74,4116.74,0.0
2026-07-22 08:42:00+00:00,4116.67,4116.67,4115.46,4116.18,0.0
2026-07-22 08:43:00+00:00,4116.18,4116.18,4115.43,4115.51,0.0
2026-07-22 08:44:00+00:00,4115.51,4115.51,4114.28,4114.52,0.0
2026-07-22 08:45:00+00:00,4114.61,4115.91,4114.57,4115.61,0.0
2026-07-22 08:46:00+00:00,4115.58,4116.31,4113.8,4113.93,0.0
2026-07-22 08:47:00+00:00,4113.97,4114.33,4113.55,4114.14,0.0
2026-07-22 08:48:00+00:00,4114.14,4114.35,4113.69,4113.78,0.0
2026-07-22 08:49:00+00:00,4113.79,4114.92,4113.46,4114.81,0.0
2026-07-22 08:50:00+00:00,4114.79,4115.09,4114.5,4114.5,0.0
2026-07-22 08:51:00+00:00,4114.41,4114.97,4113.89,4114.8,0.0
2026-07-22 08:52:00+00:00,4114.82,4115.81,4114.46,4115.58,0.0
2026-07-22 08:53:00+00:00,4115.59,4117.59,4115.59,4117.59,0.0
2026-07-22 08:54:00+00:00,4117.65,4117.88,4117.03,4117.78,0.0
2026-07-22 08:55:00+00:00,4117.75,4119.28,4117.73,4118.35,0.0
2026-07-22 08:56:00+00:00,4118.31,4120.12,4118.2,4118.89,0.0
2026-07-22 08:57:00+00:00,4118.91,4118.98,4117.77,4118.45,0.0
2026-07-22 08:58:00+00:00,4118.55,4118.88,4118.45,4118.49,0.0
2026-07-22 08:59:00+00:00,4118.58,4118.85,4117.69,4118.42,0.0
2026-07-22 09:00:00+00:00,4118.38,4119.46,4117.98,4119.2,0.0
2026-07-22 09:01:00+00:00,4119.19,4120.43,4119.14,4119.16,0.0
2026-07-22 09:02:00+00:00,4119.16,4120.5,4119.16,4119.58,0.0
2026-07-22 09:03:00+00:00,4119.6,4120.22,4119.49,4120.07,0.0
2026-07-22 09:04:00+00:00,4120.06,4120.06,4119.39,4119.61,0.0
2026-07-22 09:05:00+00:00,4119.84,4120.02,4118.69,4119.53,0.0
2026-07-22 09:06:00+00:00,4119.55,4119.75,4118.13,4118.55,0.0
2026-07-22 09:07:00+00:00,4118.62,4122.22,4118.56,4121.79,0.0
2026-07-22 09:08:00+00:00,4121.83,4121.86,4120.37,4120.74,0.0
2026-07-22 09:09:00+00:00,4120.64,4120.69,4119.99,4120.19,0.0
2026-07-22 09:10:00+00:00,4120.19,4120.76,4119.75,4120.68,0.0
2026-07-22 09:11:00+00:00,4120.68,4121.93,4120.63,4121.81,0.0
2026-07-22 09:12:00+00:00,4121.82,4121.82,4120.55,4121.23,0.0
2026-07-22 09:13:00+00:00,4121.22,4122.25,4121.22,4121.56,0.0
2026-07-22 09:14:00+00:00,4121.53,4121.74,4121.34,4121.74,0.0
2026-07-22 09:15:00+00:00,4121.76,4121.78,4120.09,4120.2,0.0
2026-07-22 09:16:00+00:00,4120.21,4120.75,4120.11,4120.49,0.0
2026-07-22 09:17:00+00:00,4120.48,4121.03,4120.46,4120.58,0.0
2026-07-22 09:18:00+00:00,4120.58,4122.06,4120.58,4121.64,0.0
2026-07-22 09:19:00+00:00,4121.62,4122.29,4121.62,4122.29,0.0
2026-07-22 09:20:00+00:00,4122.3,4122.39,4121.23,4122.11,0.0
2026-07-22 09:21:00+00:00,4122.13,4122.15,4119.56,4119.69,0.0
2026-07-22 09:22:00+00:00,4119.69,4121.26,4119.69,4121.21,0.0
2026-07-22 09:23:00+00:00,4121.17,4121.17,4120.32,4120.8,0.0
2026-07-22 09:24:00+00:00,4120.71,4120.96,4120.19,4120.69,0.0
2026-07-22 09:25:00+00:00,4120.79,4121.26,4120.57,4120.92,0.0
2026-07-22 09:26:00+00:00,4120.94,4121.04,4120.12,4120.12,0.0
2026-07-22 09:27:00+00:00,4120.13,4120.95,4120.13,4120.58,0.0
2026-07-22 09:28:00+00:00,4120.36,4120.36,4119.4,4119.94,0.0
2026-07-22 09:29:00+00:00,4119.95,4120.05,4118.2,4118.78,0.0
2026-07-22 09:30:00+00:00,4118.76,4121.7,4117.23,4118.29,0.0
2026-07-22 09:31:00+00:00,4118.31,4118.88,4117.93,4118.17,0.0
2026-07-22 09:32:00+00:00,4118.27,4118.55,4117.91,4118.13,0.0
2026-07-22 09:33:00+00:00,4118.07,4118.72,4117.59,4117.93,0.0
2026-07-22 09:34:00+00:00,4117.93,4118.55,4116.58,4117.41,0.0
2026-07-22 09:35:00+00:00,4117.44,4118.03,4117.44,4117.47,0.0
2026-07-22 09:36:00+00:00,4117.34,4118.87,4117.34,4118.09,0.0
2026-07-22 09:37:00+00:00,4117.84,4117.84,4115.86,4117.18,0.0
2026-07-22 09:38:00+00:00,4116.98,4117.09,4116.09,4116.25,0.0
2026-07-22 09:39:00+00:00,4116.23,4116.24,4114.56,4114.57,0.0
2026-07-22 09:40:00+00:00,4114.67,4117.43,4114.55,4116.87,0.0
2026-07-22 09:41:00+00:00,4116.91,4117.98,4116.51,4117.98,0.0
2026-07-22 09:42:00+00:00,4117.98,4118.56,4117.72,4118.16,0.0
2026-07-22 09:43:00+00:00,4118.14,4118.86,4117.76,4118.06,0.0
2026-07-22 09:44:00+00:00,4118.01,4118.01,4116.04,4116.13,0.0
2026-07-22 09:45:00+00:00,4116.1,4116.65,4115.93,4115.93,0.0
2026-07-22 09:46:00+00:00,4115.95,4116.61,4115.95,4116.61,0.0
2026-07-22 09:47:00+00:00,4116.67,4117.43,4116.67,4117.42,0.0
2026-07-22 09:48:00+00:00,4117.46,4117.46,4116.74,4116.85,0.0
2026-07-22 09:49:00+00:00,4116.88,4117.35,4116.83,4116.98,0.0
2026-07-22 09:50:00+00:00,4116.98,4117.33,4116.67,4117.23,0.0
2026-07-22 09:51:00+00:00,4117.22,4117.63,4116.19,4116.22,0.0
2026-07-22 09:52:00+00:00,4116.12,4116.19,4115.34,4115.89,0.0
2026-07-22 09:53:00+00:00,4115.92,4116.25,4114.17,4114.25,0.0
2026-07-22 09:54:00+00:00,4113.54,4115.09,4113.44,4115.09,0.0
2026-07-22 09:55:00+00:00,4115.22,4116.91,4115.22,4116.91,0.0
2026-07-22 09:56:00+00:00,4117.02,4117.86,4117.01,4117.52,0.0
2026-07-22 09:57:00+00:00,4117.44,4117.46,4114.8,4114.97,0.0
2026-07-22 09:58:00+00:00,4114.98,4115.09,4114.68,4114.97,0.0
2026-07-22 09:59:00+00:00,4114.93,4115.12,4114.28,4115.08,0.0
2026-07-22 10:00:00+00:00,4115.09,4117.19,4115.09,4117.19,0.0
2026-07-22 10:01:00+00:00,4117.18,4117.37,4116.26,4117.26,0.0
2026-07-22 10:02:00+00:00,4117.22,4119.91,4117.16,4119.07,0.0
2026-07-22 10:03:00+00:00,4119.04,4119.04,4116.71,4116.74,0.0
2026-07-22 10:04:00+00:00,4116.74,4116.74,4116.22,4116.49,0.0
2026-07-22 10:05:00+00:00,4116.4,4117.18,4116.1,4117.02,0.0
2026-07-22 10:06:00+00:00,4117.0,4117.37,4116.21,4117.15,0.0
2026-07-22 10:07:00+00:00,4117.17,4117.88,4117.01,4117.31,0.0
2026-07-22 10:08:00+00:00,4117.23,4117.79,4116.49,4116.63,0.0
2026-07-22 10:09:00+00:00,4116.62,4116.82,4116.25,4116.3,0.0
2026-07-22 10:10:00+00:00,4116.27,4117.17,4116.13,4117.11,0.0
2026-07-22 10:11:00+00:00,4117.14,4117.85,4116.96,4117.25,0.0
2026-07-22 10:12:00+00:00,4117.34,4117.58,4117.05,4117.37,0.0
2026-07-22 10:13:00+00:00,4117.36,4118.04,4117.2,4117.72,0.0
2026-07-22 10:14:00+00:00,4117.74,4118.05,4117.69,4117.71,0.0
2026-07-22 10:15:00+00:00,4117.56,4118.53,4117.56,4118.38,0.0
2026-07-22 10:16:00+00:00,4118.48,4118.48,4116.6,4117.24,0.0
2026-07-22 10:17:00+00:00,4117.2,4118.74,4117.1,4118.73,0.0
2026-07-22 10:18:00+00:00,4118.25,4119.16,4118.14,4119.12,0.0
2026-07-22 10:19:00+00:00,4119.11,4119.33,4117.72,4117.72,0.0
2026-07-22 10:20:00+00:00,4117.73,4121.23,4117.73,4119.86,0.0
2026-07-22 10:21:00+00:00,4119.88,4120.5,4119.6,4119.74,0.0
2026-07-22 10:22:00+00:00,4119.75,4120.07,4119.26,4119.76,0.0
2026-07-22 10:23:00+00:00,4119.67,4119.76,4118.86,4119.72,0.0
2026-07-22 10:24:00+00:00,4119.71,4121.72,4119.71,4121.54,0.0
2026-07-22 10:25:00+00:00,4121.51,4121.77,4120.59,4120.59,0.0
2026-07-22 10:26:00+00:00,4120.76,4121.22,4120.3,4120.64,0.0
2026-07-22 10:27:00+00:00,4120.59,4121.02,4120.37,4120.5,0.0
2026-07-22 10:28:00+00:00,4120.5,4120.5,4119.22,4119.38,0.0
2026-07-22 10:29:00+00:00,4119.36,4119.85,4119.35,4119.38,0.0
2026-07-22 10:30:00+00:00,4119.43,4120.0,4118.88,4119.77,0.0
2026-07-22 10:31:00+00:00,4119.54,4119.54,4118.48,4118.61,0.0
2026-07-22 10:32:00+00:00,4118.71,4118.9,4118.16,4118.56,0.0
2026-07-22 10:33:00+00:00,4118.53,4119.14,4118.53,4119.14,0.0
2026-07-22 10:34:00+00:00,4119.17,4119.3,4118.67,4118.96,0.0
2026-07-22 10:35:00+00:00,4118.92,4119.03,4117.6,4117.6,0.0
2026-07-22 10:36:00+00:00,4117.64,4118.17,4117.18,4118.09,0.0
2026-07-22 10:37:00+00:00,4118.07,4118.23,4117.76,4118.17,0.0
2026-07-22 10:38:00+00:00,4118.18,4118.62,4117.65,4117.69,0.0
2026-07-22 10:39:00+00:00,4117.69,4117.92,4116.85,4117.21,0.0
2026-07-22 10:40:00+00:00,4117.19,4117.59,4116.19,4117.46,0.0
2026-07-22 10:41:00+00:00,4117.5,4117.83,4116.65,4116.74,0.0
2026-07-22 10:42:00+00:00,4116.73,4117.27,4116.7,4116.83,0.0
2026-07-22 10:43:00+00:00,4116.84,4117.53,4116.69,4117.04,0.0
2026-07-22 10:44:00+00:00,4117.03,4117.39,4116.9,4117.17,0.0
2026-07-22 10:45:00+00:00,4117.18,4117.52,4116.44,4117.5,0.0
2026-07-22 10:46:00+00:00,4117.44,4117.53,4116.94,4117.04,0.0
2026-07-22 10:47:00+00:00,4117.03,4117.34,4117.01,4117.01,0.0
2026-07-22 10:48:00+00:00,4117.04,4117.9,4116.85,4117.84,0.0
2026-07-22 10:49:00+00:00,4117.86,4118.97,4117.7,4118.97,0.0
2026-07-22 10:50:00+00:00,4118.99,4119.82,4118.92,4119.82,0.0
2026-07-22 10:51:00+00:00,4120.02,4120.28,4119.24,4119.24,0.0
2026-07-22 10:52:00+00:00,4119.24,4119.81,4119.15,4119.28,0.0
2026-07-22 10:53:00+00:00,4119.37,4119.37,4118.15,4118.16,0.0
2026-07-22 10:54:00+00:00,4118.14,4118.44,4118.11,4118.32,0.0
2026-07-22 10:55:00+00:00,4118.27,4118.27,4117.28,4117.35,0.0
2026-07-22 10:56:00+00:00,4117.35,4117.55,4117.16,4117.41,0.0
2026-07-22 10:57:00+00:00,4117.44,4117.55,4116.31,4116.79,0.0
2026-07-22 10:58:00+00:00,4116.79,4118.39,4116.79,4117.47,0.0
2026-07-22 10:59:00+00:00,4117.39,4117.68,4117.13,4117.61,0.0
2026-07-22 11:00:00+00:00,4117.64,4118.16,4116.75,4116.93,0.0
2026-07-22 11:01:00+00:00,4116.94,4117.68,4116.53,4116.68,0.0
2026-07-22 11:02:00+00:00,4116.51,4116.56,4115.38,4116.32,0.0
2026-07-22 11:03:00+00:00,4116.33,4117.62,4116.33,4117.59,0.0
2026-07-22 11:04:00+00:00,4117.68,4118.02,4117.0,4117.14,0.0
2026-07-22 11:05:00+00:00,4117.15,4117.93,4117.05,4117.67,0.0
2026-07-22 11:06:00+00:00,4117.54,4118.46,4117.48,4118.11,0.0
2026-07-22 11:07:00+00:00,4118.12,4118.26,4116.74,4117.21,0.0
2026-07-22 11:08:00+00:00,4117.18,4117.18,4116.21,4116.93,0.0
2026-07-22 11:09:00+00:00,4116.96,4118.77,4116.87,4118.77,0.0
2026-07-22 11:10:00+00:00,4118.78,4118.95,4118.18,4118.46,0.0
2026-07-22 11:11:00+00:00,4118.45,4118.79,4118.38,4118.48,0.0
2026-07-22 11:12:00+00:00,4118.46,4120.95,4118.46,4120.13,0.0
2026-07-22 11:13:00+00:00,4120.26,4120.27,4119.21,4119.6,0.0
2026-07-22 11:14:00+00:00,4119.6,4119.6,4118.81,4119.24,0.0
2026-07-22 11:15:00+00:00,4119.23,4119.56,4118.94,4119.52,0.0
2026-07-22 11:16:00+00:00,4119.52,4121.44,4118.74,4121.44,0.0
2026-07-22 11:17:00+00:00,4121.3,4123.05,4120.98,4122.56,0.0
2026-07-22 11:18:00+00:00,4122.57,4122.63,4121.23,4121.7,0.0
2026-07-22 11:19:00+00:00,4121.87,4121.99,4121.13,4121.13,0.0
2026-07-22 11:20:00+00:00,4121.12,4122.0,4120.73,4122.0,0.0
2026-07-22 11:21:00+00:00,4121.99,4122.14,4121.08,4121.97,0.0
2026-07-22 11:22:00+00:00,4121.99,4122.64,4121.29,4121.29,0.0
2026-07-22 11:23:00+00:00,4121.29,4121.45,4120.95,4121.17,0.0
2026-07-22 11:24:00+00:00,4121.2,4121.2,4120.4,4120.58,0.0
2026-07-22 11:25:00+00:00,4120.58,4120.8,4119.56,4119.56,0.0
2026-07-22 11:26:00+00:00,4119.48,4119.48,4117.96,4118.01,0.0
2026-07-22 11:27:00+00:00,4117.7,4118.84,4117.7,4118.12,0.0
2026-07-22 11:28:00+00:00,4118.15,4118.67,4118.15,4118.66,0.0
2026-07-22 11:29:00+00:00,4118.72,4118.98,4118.5,4118.73,0.0
2026-07-22 11:30:00+00:00,4118.72,4119.43,4118.42,4118.94,0.0
2026-07-22 11:31:00+00:00,4118.94,4119.79,4118.84,4119.79,0.0
2026-07-22 11:32:00+00:00,4119.76,4119.99,4119.57,4119.65,0.0
2026-07-22 11:33:00+00:00,4119.69,4120.59,4119.64,4119.81,0.0
2026-07-22 11:34:00+00:00,4119.85,4120.09,4119.42,4119.95,0.0
2026-07-22 11:35:00+00:00,4119.94,4119.97,4118.07,4118.41,0.0
2026-07-22 11:36:00+00:00,4118.38,4118.89,4118.35,4118.89,0.0
2026-07-22 11:37:00+00:00,4118.91,4119.1,4117.43,4118.08,0.0
2026-07-22 11:38:00+00:00,4118.1,4118.8,4118.0,4118.62,0.0
2026-07-22 11:39:00+00:00,4118.63,4118.63,4118.29,4118.58,0.0
2026-07-22 11:40:00+00:00,4118.75,4119.27,4116.39,4116.86,0.0
2026-07-22 11:41:00+00:00,4116.91,4117.65,4115.22,4117.47,0.0
2026-07-22 11:42:00+00:00,4117.43,4117.65,4115.07,4116.32,0.0
2026-07-22 11:43:00+00:00,4116.28,4116.4,4112.9,4113.74,0.0
2026-07-22 11:44:00+00:00,4113.64,4116.18,4113.64,4115.72,0.0
2026-07-22 11:45:00+00:00,4115.29,4117.06,4115.1,4116.18,0.0
2026-07-22 11:46:00+00:00,4116.22,4116.35,4115.06,4116.23,0.0
2026-07-22 11:47:00+00:00,4116.25,4118.67,4116.0,4118.53,0.0
2026-07-22 11:48:00+00:00,4118.58,4119.69,4118.58,4119.1,0.0
2026-07-22 11:49:00+00:00,4119.2,4120.27,4119.19,4120.22,0.0
2026-07-22 11:50:00+00:00,4120.28,4120.37,4119.31,4119.55,0.0
2026-07-22 11:51:00+00:00,4119.51,4121.41,4119.51,4120.42,0.0
2026-07-22 11:52:00+00:00,4120.36,4120.5,4118.95,4119.28,0.0
2026-07-22 11:53:00+00:00,4119.26,4119.33,4118.18,4119.15,0.0
2026-07-22 11:54:00+00:00,4119.19,4120.61,4118.95,4119.81,0.0
2026-07-22 11:55:00+00:00,4119.84,4120.37,4119.65,4119.75,0.0
2026-07-22 11:56:00+00:00,4119.75,4121.51,4119.75,4121.5,0.0
2026-07-22 11:57:00+00:00,4121.44,4122.78,4121.44,4122.6,0.0
2026-07-22 11:58:00+00:00,4122.68,4123.0,4122.31,4122.49,0.0
2026-07-22 11:59:00+00:00,4122.49,4122.87,4122.44,4122.7,0.0
2026-07-22 12:00:00+00:00,4122.67,4126.02,4122.14,4125.13,0.0
2026-07-22 12:01:00+00:00,4124.91,4126.5,4124.54,4126.08,0.0
2026-07-22 12:02:00+00:00,4126.03,4126.03,4124.0,4124.71,0.0
2026-07-22 12:03:00+00:00,4124.73,4126.24,4124.73,4125.78,0.0
2026-07-22 12:04:00+00:00,4125.8,4125.83,4124.19,4125.53,0.0
2026-07-22 12:05:00+00:00,4125.38,4126.28,4124.47,4126.04,0.0
2026-07-22 12:06:00+00:00,4126.02,4126.51,4125.09,4125.34,0.0
2026-07-22 12:07:00+00:00,4125.34,4126.04,4124.15,4124.15,0.0
2026-07-22 12:08:00+00:00,4124.05,4124.67,4123.69,4124.44,0.0
2026-07-22 12:09:00+00:00,4124.39,4125.22,4124.14,4124.9,0.0
2026-07-22 12:10:00+00:00,4124.91,4125.83,4124.52,4125.34,0.0
2026-07-22 12:11:00+00:00,4125.35,4125.35,4124.52,4124.57,0.0
2026-07-22 12:12:00+00:00,4124.57,4125.71,4123.72,4125.71,0.0
2026-07-22 12:13:00+00:00,4125.71,4126.51,4125.65,4126.18,0.0
2026-07-22 12:14:00+00:00,4125.87,4127.32,4124.99,4126.83,0.0
2026-07-22 12:15:00+00:00,4127.11,4127.56,4125.6,4126.08,0.0
2026-07-22 12:16:00+00:00,4126.14,4126.55,4125.74,4125.92,0.0
2026-07-22 12:17:00+00:00,4126.11,4126.32,4125.1,4126.12,0.0
2026-07-22 12:18:00+00:00,4126.25,4127.77,4126.2,4127.2,0.0
2026-07-22 12:19:00+00:00,4127.24,4127.24,4125.52,4125.9,0.0
2026-07-22 12:20:00+00:00,4125.99,4129.7,4125.83,4129.13,0.0
2026-07-22 12:21:00+00:00,4129.12,4129.28,4127.29,4128.7,0.0
2026-07-22 12:22:00+00:00,4128.69,4129.95,4128.36,4128.37,0.0
2026-07-22 12:23:00+00:00,4128.34,4129.04,4127.43,4128.4,0.0
2026-07-22 12:24:00+00:00,4129.02,4130.16,4128.88,4129.6,0.0
2026-07-22 12:25:00+00:00,4129.63,4130.42,4128.82,4129.23,0.0
2026-07-22 12:26:00+00:00,4129.18,4129.59,4129.11,4129.53,0.0
2026-07-22 12:27:00+00:00,4129.42,4130.93,4128.66,4130.93,0.0
2026-07-22 12:28:00+00:00,4130.91,4132.8,4130.79,4132.58,0.0
2026-07-22 12:29:00+00:00,4132.4,4132.89,4131.58,4132.81,0.0
2026-07-22 12:30:00+00:00,4132.72,4134.31,4132.19,4132.65,0.0
2026-07-22 12:31:00+00:00,4132.66,4132.66,4130.14,4130.14,0.0
2026-07-22 12:32:00+00:00,4130.24,4131.25,4129.31,4129.37,0.0
2026-07-22 12:33:00+00:00,4129.34,4129.72,4128.82,4129.47,0.0
2026-07-22 12:34:00+00:00,4129.55,4129.93,4127.52,4127.52,0.0
2026-07-22 12:35:00+00:00,4127.72,4128.01,4127.03,4127.48,0.0
2026-07-22 12:36:00+00:00,4127.5,4127.53,4125.88,4126.63,0.0
2026-07-22 12:37:00+00:00,4126.75,4127.0,4125.48,4125.48,0.0
2026-07-22 12:38:00+00:00,4124.89,4127.09,4124.89,4126.98,0.0
2026-07-22 12:39:00+00:00,4126.76,4128.34,4126.37,4127.07,0.0
2026-07-22 12:40:00+00:00,4127.21,4127.79,4126.61,4127.46,0.0
2026-07-22 12:41:00+00:00,4127.79,4127.95,4126.69,4126.96,0.0
2026-07-22 12:42:00+00:00,4127.38,4127.41,4125.66,4125.7,0.0
2026-07-22 12:43:00+00:00,4125.71,4128.36,4125.64,4127.64,0.0
2026-07-22 12:44:00+00:00,4127.46,4128.57,4127.36,4127.45,0.0
2026-07-22 12:45:00+00:00,4127.43,4127.71,4124.77,4125.01,0.0
2026-07-22 12:46:00+00:00,4124.9,4125.47,4122.0,4122.14,0.0
2026-07-22 12:47:00+00:00,4122.04,4123.09,4120.81,4122.45,0.0
2026-07-22 12:48:00+00:00,4122.48,4122.48,4120.34,4120.34,0.0
2026-07-22 12:49:00+00:00,4120.38,4120.86,4118.96,4118.99,0.0
2026-07-22 12:50:00+00:00,4118.98,4119.73,4118.6,4119.04,0.0
2026-07-22 12:51:00+00:00,4119.25,4119.59,4118.51,4118.64,0.0
2026-07-22 12:52:00+00:00,4118.66,4119.35,4117.85,4119.18,0.0
2026-07-22 12:53:00+00:00,4119.13,4119.24,4117.67,4117.73,0.0
2026-07-22 12:54:00+00:00,4117.75,4118.63,4117.08,4118.13,0.0
2026-07-22 12:55:00+00:00,4118.16,4118.26,4116.53,4118.17,0.0
2026-07-22 12:56:00+00:00,4118.17,4118.42,4108.78,4110.56,0.0
2026-07-22 12:57:00+00:00,4110.64,4114.36,4109.68,4114.34,0.0
2026-07-22 12:58:00+00:00,4114.19,4114.98,4113.5,4113.94,0.0
2026-07-22 12:59:00+00:00,4113.98,4114.79,4112.28,4113.24,0.0
2026-07-22 13:00:00+00:00,4113.01,4118.64,4112.91,4118.64,0.0
2026-07-22 13:01:00+00:00,4118.78,4120.5,4117.19,4117.19,0.0
2026-07-22 13:02:00+00:00,4117.17,4119.99,4117.17,4119.32,0.0
2026-07-22 13:03:00+00:00,4119.23,4119.58,4117.25,4118.59,0.0
2026-07-22 13:04:00+00:00,4118.67,4119.82,4117.79,4119.37,0.0
2026-07-22 13:05:00+00:00,4119.41,4119.41,4117.66,4118.8,0.0
2026-07-22 13:06:00+00:00,4118.84,4120.01,4118.49,4119.26,0.0
2026-07-22 13:07:00+00:00,4119.21,4119.21,4117.67,4118.21,0.0
2026-07-22 13:08:00+00:00,4118.21,4119.57,4118.21,4119.53,0.0
2026-07-22 13:09:00+00:00,4119.53,4121.35,4119.53,4121.2,0.0
2026-07-22 13:10:00+00:00,4121.29,4122.45,4120.63,4122.45,0.0
2026-07-22 13:11:00+00:00,4122.61,4124.77,4122.61,4123.55,0.0
2026-07-22 13:12:00+00:00,4123.34,4124.13,4123.13,4123.67,0.0
2026-07-22 13:13:00+00:00,4123.7,4124.4,4123.59,4123.9,0.0
2026-07-22 13:14:00+00:00,4123.91,4125.91,4123.62,4125.91,0.0
2026-07-22 13:15:00+00:00,4125.81,4126.42,4125.19,4125.93,0.0
2026-07-22 13:16:00+00:00,4126.02,4126.08,4125.41,4125.79,0.0
2026-07-22 13:17:00+00:00,4126.02,4127.08,4125.81,4125.86,0.0
2026-07-22 13:18:00+00:00,4125.86,4127.47,4125.41,4127.32,0.0
2026-07-22 13:19:00+00:00,4127.37,4131.35,4127.37,4131.21,0.0
2026-07-22 13:20:00+00:00,4130.95,4130.95,4129.36,4129.47,0.0
2026-07-22 13:21:00+00:00,4129.23,4130.92,4128.75,4130.78,0.0
2026-07-22 13:22:00+00:00,4131.04,4131.88,4130.85,4131.88,0.0
2026-07-22 13:23:00+00:00,4132.1,4133.21,4130.74,4133.14,0.0
2026-07-22 13:24:00+00:00,4133.62,4133.85,4132.5,4133.65,0.0
2026-07-22 13:25:00+00:00,4133.67,4133.67,4131.72,4132.91,0.0
2026-07-22 13:26:00+00:00,4132.88,4133.97,4132.36,4133.12,0.0
2026-07-22 13:27:00+00:00,4133.16,4134.06,4133.09,4133.6,0.0
2026-07-22 13:28:00+00:00,4133.81,4134.98,4131.72,4132.0,0.0
2026-07-22 13:29:00+00:00,4131.89,4132.24,4131.39,4132.1,0.0
2026-07-22 13:30:00+00:00,4131.84,4137.83,4131.84,4137.12,0.0
2026-07-22 13:31:00+00:00,4137.2,4143.93,4137.03,4140.59,0.0
2026-07-22 13:32:00+00:00,4140.93,4143.34,4140.16,4143.34,0.0
2026-07-22 13:33:00+00:00,4143.08,4146.57,4142.23,4143.48,0.0
2026-07-22 13:34:00+00:00,4143.43,4143.43,4141.41,4142.13,0.0
2026-07-22 13:35:00+00:00,4142.26,4142.82,4138.9,4140.77,0.0
2026-07-22 13:36:00+00:00,4140.87,4143.2,4139.54,4142.04,0.0
2026-07-22 13:37:00+00:00,4141.83,4141.83,4139.96,4140.74,0.0
2026-07-22 13:38:00+00:00,4141.47,4141.47,4139.49,4140.47,0.0
2026-07-22 13:39:00+00:00,4140.41,4145.2,4140.41,4144.81,0.0
2026-07-22 13:40:00+00:00,4144.57,4145.08,4141.11,4142.16,0.0
2026-07-22 13:41:00+00:00,4142.35,4143.17,4141.79,4142.56,0.0
2026-07-22 13:42:00+00:00,4142.55,4143.65,4141.51,4141.8,0.0
2026-07-22 13:43:00+00:00,4141.78,4145.53,4141.7,4145.53,0.0
2026-07-22 13:44:00+00:00,4145.9,4145.9,4142.22,4142.8,0.0
2026-07-22 13:45:00+00:00,4142.79,4146.18,4142.75,4146.09,0.0
2026-07-22 13:46:00+00:00,4146.02,4148.38,4145.41,4145.97,0.0
2026-07-22 13:47:00+00:00,4146.04,4146.86,4144.88,4146.28,0.0
2026-07-22 13:48:00+00:00,4146.27,4149.49,4145.97,4148.73,0.0
2026-07-22 13:49:00+00:00,4148.68,4148.88,4146.52,4146.57,0.0
2026-07-22 13:50:00+00:00,4146.5,4147.78,4145.43,4146.62,0.0
2026-07-22 13:51:00+00:00,4146.51,4147.66,4144.03,4144.37,0.0
2026-07-22 13:52:00+00:00,4144.6,4148.05,4144.6,4147.62,0.0
2026-07-22 13:53:00+00:00,4147.86,4148.2,4146.07,4146.09,0.0
2026-07-22 13:54:00+00:00,4145.95,4146.25,4144.41,4145.62,0.0
2026-07-22 13:55:00+00:00,4145.64,4146.5,4145.16,4145.28,0.0
2026-07-22 13:56:00+00:00,4145.27,4147.17,4144.85,4147.17,0.0
2026-07-22 13:57:00+00:00,4147.13,4149.63,4146.98,4149.4,0.0
2026-07-22 13:58:00+00:00,4149.61,4153.38,4149.61,4152.6,0.0
2026-07-22 13:59:00+00:00,4152.65,4155.79,4152.65,4154.51,0.0
2026-07-22 14:00:00+00:00,4154.59,4156.45,4153.6,4156.08,0.0
2026-07-22 14:01:00+00:00,4155.88,4161.4,4155.48,4160.85,0.0
2026-07-22 14:02:00+00:00,4160.96,4162.32,4160.0,4160.55,0.0
2026-07-22 14:03:00+00:00,4160.28,4161.37,4159.03,4161.37,0.0
2026-07-22 14:04:00+00:00,4160.85,4163.36,4157.04,4157.04,0.0
2026-07-22 14:05:00+00:00,4156.81,4157.24,4155.24,4155.43,0.0
2026-07-22 14:06:00+00:00,4155.32,4155.32,4153.57,4155.14,0.0
2026-07-22 14:07:00+00:00,4155.13,4157.73,4155.07,4157.14,0.0
2026-07-22 14:08:00+00:00,4157.1,4157.35,4154.91,4157.03,0.0
2026-07-22 14:09:00+00:00,4157.0,4158.89,4156.58,4156.58,0.0
2026-07-22 14:10:00+00:00,4156.71,4157.56,4155.7,4157.0,0.0
2026-07-22 14:11:00+00:00,4156.98,4159.01,4156.57,4157.71,0.0
2026-07-22 14:12:00+00:00,4157.71,4158.05,4156.68,4156.68,0.0
2026-07-22 14:13:00+00:00,4156.7,4158.22,4156.34,4157.49,0.0
2026-07-22 14:14:00+00:00,4157.38,4158.14,4156.42,4156.66,0.0
2026-07-22 14:15:00+00:00,4156.64,4156.64,4152.35,4153.12,0.0
2026-07-22 14:16:00+00:00,4153.01,4153.3,4152.03,4152.49,0.0
2026-07-22 14:17:00+00:00,4152.65,4152.98,4150.64,4152.11,0.0
2026-07-22 14:18:00+00:00,4152.2,4152.36,4149.7,4150.52,0.0
2026-07-22 14:19:00+00:00,4150.57,4152.25,4149.09,4149.21,0.0
2026-07-22 14:20:00+00:00,4149.15,4152.64,4148.92,4152.47,0.0
2026-07-22 14:21:00+00:00,4152.25,4152.53,4150.65,4150.96,0.0
2026-07-22 14:22:00+00:00,4150.97,4152.02,4150.54,4151.75,0.0
2026-07-22 14:23:00+00:00,4151.99,4151.99,4148.89,4150.06,0.0
2026-07-22 14:24:00+00:00,4150.14,4150.74,4148.98,4149.86,0.0
2026-07-22 14:25:00+00:00,4149.87,4150.38,4148.91,4148.96,0.0
2026-07-22 14:26:00+00:00,4148.94,4148.94,4144.89,4146.2,0.0
2026-07-22 14:27:00+00:00,4146.11,4147.87,4146.07,4146.35,0.0
2026-07-22 14:28:00+00:00,4146.64,4147.2,4145.77,4146.11,0.0
2026-07-22 14:29:00+00:00,4146.18,4147.1,4145.62,4146.33,0.0
2026-07-22 14:30:00+00:00,4146.39,4148.39,4146.39,4147.8,0.0
2026-07-22 14:31:00+00:00,4147.73,4150.91,4147.44,4150.63,0.0
2026-07-22 14:32:00+00:00,4150.78,4152.64,4150.07,4152.0,0.0
2026-07-22 14:33:00+00:00,4152.0,4152.0,4148.84,4149.05,0.0
2026-07-22 14:34:00+00:00,4149.04,4151.01,4148.89,4150.62,0.0
2026-07-22 14:35:00+00:00,4150.64,4151.82,4150.47,4150.62,0.0
2026-07-22 14:36:00+00:00,4150.81,4151.22,4149.01,4150.17,0.0
2026-07-22 14:37:00+00:00,4150.36,4151.93,4150.36,4150.92,0.0
2026-07-22 14:38:00+00:00,4150.91,4151.91,4150.28,4151.26,0.0
2026-07-22 14:39:00+00:00,4151.41,4152.04,4151.09,4152.04,0.0
2026-07-22 14:40:00+00:00,4152.05,4152.9,4151.16,4151.7,0.0
2026-07-22 14:41:00+00:00,4151.64,4151.82,4147.85,4148.02,0.0
2026-07-22 14:42:00+00:00,4147.97,4151.79,4147.88,4151.75,0.0
2026-07-22 14:43:00+00:00,4151.82,4152.01,4150.75,4151.87,0.0
2026-07-22 14:44:00+00:00,4151.89,4152.59,4150.8,4150.97,0.0
2026-07-22 14:45:00+00:00,4150.95,4152.82,4150.95,4151.84,0.0
2026-07-22 14:46:00+00:00,4151.81,4152.4,4150.67,4150.81,0.0
2026-07-22 14:47:00+00:00,4150.4,4150.81,4148.14,4148.6,0.0
2026-07-22 14:48:00+00:00,4148.62,4149.95,4148.62,4149.66,0.0
2026-07-22 14:49:00+00:00,4149.78,4149.78,4145.77,4148.16,0.0
2026-07-22 14:50:00+00:00,4148.33,4148.56,4146.65,4147.19,0.0
2026-07-22 14:51:00+00:00,4147.16,4147.85,4146.35,4147.83,0.0
2026-07-22 14:52:00+00:00,4147.8,4148.9,4147.49,4147.75,0.0
2026-07-22 14:53:00+00:00,4147.71,4148.75,4147.18,4147.4,0.0
2026-07-22 14:54:00+00:00,4147.46,4148.69,4147.24,4147.85,0.0
2026-07-22 14:55:00+00:00,4147.83,4147.83,4144.21,4145.5,0.0
2026-07-22 14:56:00+00:00,4145.5,4146.12,4145.04,4145.66,0.0
2026-07-22 14:57:00+00:00,4145.67,4148.59,4145.5,4148.59,0.0
2026-07-22 14:58:00+00:00,4148.63,4149.38,4148.34,4149.32,0.0
2026-07-22 14:59:00+00:00,4149.39,4149.84,4148.56,4148.8,0.0
2026-07-22 15:00:00+00:00,4148.59,4152.17,4148.59,4152.17,0.0
2026-07-22 15:01:00+00:00,4152.08,4152.42,4151.15,4151.37,0.0
2026-07-22 15:02:00+00:00,4151.39,4152.67,4151.25,4152.67,0.0
2026-07-22 15:03:00+00:00,4152.91,4154.19,4152.91,4153.94,0.0
2026-07-22 15:04:00+00:00,4153.81,4155.06,4153.58,4154.74,0.0
2026-07-22 15:05:00+00:00,4154.73,4155.49,4154.48,4155.09,0.0
2026-07-22 15:06:00+00:00,4154.74,4155.05,4153.91,4154.52,0.0
2026-07-22 15:07:00+00:00,4154.52,4156.36,4154.12,4155.7,0.0
2026-07-22 15:08:00+00:00,4155.68,4155.68,4154.82,4155.15,0.0
2026-07-22 15:09:00+00:00,4155.48,4155.72,4154.73,4154.95,0.0
2026-07-22 15:10:00+00:00,4154.93,4155.09,4154.35,4155.07,0.0
2026-07-22 15:11:00+00:00,4155.31,4156.91,4155.01,4156.81,0.0
2026-07-22 15:12:00+00:00,4156.78,4157.2,4156.3,4157.01,0.0
2026-07-22 15:13:00+00:00,4157.22,4157.84,4156.81,4157.84,0.0
2026-07-22 15:14:00+00:00,4157.94,4158.55,4157.52,4157.56,0.0
2026-07-22 15:15:00+00:00,4157.59,4157.71,4155.73,4155.85,0.0
2026-07-22 15:16:00+00:00,4155.82,4156.19,4155.18,4156.08,0.0
2026-07-22 15:17:00+00:00,4156.07,4156.68,4154.46,4154.46,0.0
2026-07-22 15:18:00+00:00,4153.64,4154.52,4153.44,4153.92,0.0
2026-07-22 15:19:00+00:00,4154.07,4155.75,4154.07,4154.98,0.0
2026-07-22 15:20:00+00:00,4155.14,4156.91,4154.48,4156.91,0.0
2026-07-22 15:21:00+00:00,4156.96,4157.33,4156.16,4156.16,0.0
2026-07-22 15:22:00+00:00,4156.1,4158.18,4156.1,4157.58,0.0
2026-07-22 15:23:00+00:00,4157.71,4161.17,4157.62,4161.12,0.0
2026-07-22 15:24:00+00:00,4161.0,4161.33,4159.82,4159.82,0.0
2026-07-22 15:25:00+00:00,4159.91,4160.42,4159.29,4159.46,0.0
2026-07-22 15:26:00+00:00,4159.59,4159.69,4158.99,4159.6,0.0
2026-07-22 15:27:00+00:00,4159.57,4159.62,4158.2,4158.51,0.0
2026-07-22 15:28:00+00:00,4158.52,4158.69,4156.66,4157.59,0.0
2026-07-22 15:29:00+00:00,4157.57,4157.95,4157.16,4157.26,0.0
2026-07-22 15:30:00+00:00,4157.23,4158.24,4156.33,4157.96,0.0
2026-07-22 15:31:00+00:00,4158.01,4158.45,4157.5,4157.55,0.0
2026-07-22 15:32:00+00:00,4157.71,4158.84,4157.61,4158.69,0.0
2026-07-22 15:33:00+00:00,4158.67,4158.8,4156.83,4157.62,0.0
2026-07-22 15:34:00+00:00,4157.57,4158.02,4156.97,4156.97,0.0
2026-07-22 15:35:00+00:00,4156.83,4158.14,4156.83,4158.14,0.0
2026-07-22 15:36:00+00:00,4158.05,4159.11,4157.46,4158.8,0.0
2026-07-22 15:37:00+00:00,4158.74,4158.74,4157.1,4157.71,0.0
2026-07-22 15:38:00+00:00,4157.83,4157.99,4155.83,4156.44,0.0
2026-07-22 15:39:00+00:00,4156.41,4157.3,4155.81,4157.18,0.0
2026-07-22 15:40:00+00:00,4157.37,4159.66,4157.34,4159.66,0.0
2026-07-22 15:41:00+00:00,4159.63,4160.88,4159.44,4159.44,0.0
2026-07-22 15:42:00+00:00,4159.68,4160.64,4159.68,4160.21,0.0
2026-07-22 15:43:00+00:00,4160.55,4160.66,4159.18,4159.77,0.0
2026-07-22 15:44:00+00:00,4159.81,4160.45,4159.56,4160.1,0.0
2026-07-22 15:45:00+00:00,4160.01,4160.79,4159.65,4160.51,0.0
2026-07-22 15:46:00+00:00,4160.64,4160.64,4159.07,4159.36,0.0
2026-07-22 15:47:00+00:00,4159.1,4159.83,4158.71,4159.79,0.0
2026-07-22 15:48:00+00:00,4159.8,4161.01,4159.76,4160.75,0.0
2026-07-22 15:49:00+00:00,4160.93,4165.01,4160.93,4164.58,0.0
2026-07-22 15:50:00+00:00,4164.47,4165.34,4164.0,4164.2,0.0
2026-07-22 15:51:00+00:00,4164.2,4165.22,4163.66,4164.74,0.0
2026-07-22 15:52:00+00:00,4164.83,4166.04,4164.48,4165.1,0.0
2026-07-22 15:53:00+00:00,4165.09,4165.84,4164.27,4165.26,0.0
2026-07-22 15:54:00+00:00,4165.22,4165.22,4162.5,4162.82,0.0
2026-07-22 15:55:00+00:00,4162.6,4162.6,4161.7,4162.19,0.0
2026-07-22 15:56:00+00:00,4162.15,4162.39,4158.71,4159.32,0.0
2026-07-22 15:57:00+00:00,4159.56,4159.86,4158.74,4159.82,0.0
2026-07-22 15:58:00+00:00,4159.93,4160.53,4159.64,4159.67,0.0
2026-07-22 15:59:00+00:00,4159.69,4160.12,4158.61,4159.36,0.0
2026-07-22 16:00:00+00:00,4159.37,4159.37,4158.16,4158.63,0.0
2026-07-22 16:01:00+00:00,4158.72,4158.72,4156.93,4157.7,0.0
2026-07-22 16:02:00+00:00,4157.72,4157.73,4156.34,4156.67,0.0
2026-07-22 16:03:00+00:00,4156.65,4158.08,4156.54,4158.02,0.0
2026-07-22 16:04:00+00:00,4157.97,4158.09,4156.68,4156.97,0.0
2026-07-22 16:05:00+00:00,4156.95,4158.02,4156.49,4158.0,0.0
2026-07-22 16:06:00+00:00,4158.1,4159.29,4158.03,4158.81,0.0
2026-07-22 16:07:00+00:00,4158.91,4158.91,4158.38,4158.38,0.0
2026-07-22 16:08:00+00:00,4158.45,4158.45,4157.16,4157.56,0.0
2026-07-22 16:09:00+00:00,4157.54,4157.93,4156.9,4156.91,0.0
2026-07-22 16:10:00+00:00,4156.87,4156.9,4154.85,4155.37,0.0
2026-07-22 16:11:00+00:00,4155.58,4155.92,4154.64,4154.7,0.0
2026-07-22 16:12:00+00:00,4154.68,4155.17,4154.07,4154.07,0.0
2026-07-22 16:13:00+00:00,4154.07,4154.95,4153.32,4154.93,0.0
2026-07-22 16:14:00+00:00,4155.04,4155.24,4154.0,4154.39,0.0
2026-07-22 16:15:00+00:00,4154.57,4155.17,4154.13,4154.87,0.0
2026-07-22 16:16:00+00:00,4154.86,4155.13,4152.98,4153.21,0.0
2026-07-22 16:17:00+00:00,4153.2,4153.72,4151.37,4153.64,0.0
2026-07-22 16:18:00+00:00,4153.65,4154.89,4153.54,4154.67,0.0
2026-07-22 16:19:00+00:00,4154.73,4155.53,4154.73,4155.1,0.0
2026-07-22 16:20:00+00:00,4155.1,4155.56,4154.52,4154.63,0.0
2026-07-22 16:21:00+00:00,4154.63,4155.05,4154.32,4154.59,0.0
2026-07-22 16:22:00+00:00,4154.59,4154.62,4153.39,4153.6,0.0
2026-07-22 16:23:00+00:00,4153.37,4153.64,4153.08,4153.21,0.0
2026-07-22 16:24:00+00:00,4153.21,4153.4,4152.29,4152.3,0.0
2026-07-22 16:25:00+00:00,4152.57,4152.63,4150.32,4150.42,0.0
2026-07-22 16:26:00+00:00,4150.78,4150.79,4149.01,4149.42,0.0
2026-07-22 16:27:00+00:00,4149.47,4150.76,4149.44,4150.37,0.0
2026-07-22 16:28:00+00:00,4150.4,4150.47,4148.01,4148.87,0.0
2026-07-22 16:29:00+00:00,4148.93,4149.47,4148.31,4149.23,0.0
2026-07-22 16:30:00+00:00,4149.26,4150.64,4148.95,4149.95,0.0
2026-07-22 16:31:00+00:00,4149.91,4150.49,4148.07,4148.28,0.0
2026-07-22 16:32:00+00:00,4148.29,4148.67,4147.35,4147.72,0.0
2026-07-22 16:33:00+00:00,4147.73,4147.97,4146.73,4147.16,0.0
2026-07-22 16:34:00+00:00,4146.99,4147.67,4146.29,4146.45,0.0
2026-07-22 16:35:00+00:00,4146.44,4148.03,4145.48,4146.18,0.0
2026-07-22 16:36:00+00:00,4146.14,4146.14,4145.03,4145.38,0.0
2026-07-22 16:37:00+00:00,4145.39,4147.08,4144.63,4147.08,0.0
2026-07-22 16:38:00+00:00,4147.16,4147.87,4146.5,4147.08,0.0
2026-07-22 16:39:00+00:00,4147.04,4149.09,4147.04,4148.42,0.0
2026-07-22 16:40:00+00:00,4148.54,4150.24,4148.37,4150.15,0.0
2026-07-22 16:41:00+00:00,4150.22,4151.39,4150.22,4150.51,0.0
2026-07-22 16:42:00+00:00,4150.51,4150.81,4149.38,4149.83,0.0
2026-07-22 16:43:00+00:00,4149.85,4150.07,4147.88,4147.93,0.0
2026-07-22 16:44:00+00:00,4147.85,4147.94,4146.65,4147.14,0.0
2026-07-22 16:45:00+00:00,4147.16,4148.59,4145.94,4146.21,0.0
2026-07-22 16:46:00+00:00,4146.21,4147.37,4145.95,4146.89,0.0
2026-07-22 16:47:00+00:00,4146.85,4147.1,4146.18,4146.59,0.0
2026-07-22 16:48:00+00:00,4146.67,4147.0,4146.27,4147.0,0.0
2026-07-22 16:49:00+00:00,4146.72,4147.53,4146.51,4147.09,0.0
2026-07-22 16:50:00+00:00,4147.1,4147.21,4145.77,4146.62,0.0
2026-07-22 16:51:00+00:00,4146.75,4146.84,4144.77,4145.29,0.0
2026-07-22 16:52:00+00:00,4145.32,4146.34,4145.07,4146.15,0.0
2026-07-22 16:53:00+00:00,4146.15,4147.11,4146.04,4146.93,0.0
2026-07-22 16:54:00+00:00,4147.08,4147.36,4146.61,4146.76,0.0
2026-07-22 16:55:00+00:00,4146.79,4147.02,4146.06,4146.84,0.0
2026-07-22 16:56:00+00:00,4146.84,4146.84,4146.15,4146.82,0.0
2026-07-22 16:57:00+00:00,4146.8,4148.71,4146.68,4148.39,0.0
2026-07-22 16:58:00+00:00,4148.38,4149.1,4148.1,4148.3,0.0
2026-07-22 16:59:00+00:00,4148.35,4148.45,4146.71,4146.95,0.0
2026-07-22 17:00:00+00:00,4146.9,4147.88,4146.31,4147.63,0.0
2026-07-22 17:01:00+00:00,4147.68,4147.95,4145.48,4145.48,0.0
2026-07-22 17:02:00+00:00,4145.29,4145.94,4144.74,4145.65,0.0
2026-07-22 17:03:00+00:00,4145.66,4146.65,4145.58,4146.65,0.0
2026-07-22 17:04:00+00:00,4146.59,4147.14,4145.88,4147.12,0.0
2026-07-22 17:05:00+00:00,4147.15,4147.37,4146.36,4146.37,0.0
2026-07-22 17:06:00+00:00,4146.37,4146.37,4144.51,4146.11,0.0
2026-07-22 17:07:00+00:00,4146.12,4146.67,4145.6,4146.01,0.0
2026-07-22 17:08:00+00:00,4146.01,4146.01,4143.31,4144.19,0.0
2026-07-22 17:09:00+00:00,4144.15,4144.69,4143.69,4144.28,0.0
2026-07-22 17:10:00+00:00,4144.44,4144.74,4144.2,4144.25,0.0
2026-07-22 17:11:00+00:00,4144.24,4145.04,4143.27,4144.34,0.0
2026-07-22 17:12:00+00:00,4144.32,4144.86,4144.19,4144.74,0.0
2026-07-22 17:13:00+00:00,4144.72,4145.75,4144.69,4145.06,0.0
2026-07-22 17:14:00+00:00,4145.03,4145.96,4144.8,4145.4,0.0
2026-07-22 17:15:00+00:00,4145.47,4145.89,4144.93,4145.24,0.0
2026-07-22 17:16:00+00:00,4145.35,4145.84,4144.02,4144.67,0.0
2026-07-22 17:17:00+00:00,4144.77,4144.9,4143.17,4143.75,0.0
2026-07-22 17:18:00+00:00,4143.75,4144.67,4143.53,4143.61,0.0
2026-07-22 17:19:00+00:00,4143.56,4143.78,4142.92,4143.2,0.0
2026-07-22 17:20:00+00:00,4143.13,4144.52,4142.84,4144.52,0.0
2026-07-22 17:21:00+00:00,4144.51,4144.68,4143.59,4143.72,0.0
2026-07-22 17:22:00+00:00,4143.62,4144.92,4143.62,4144.81,0.0
2026-07-22 17:23:00+00:00,4144.91,4145.59,4144.61,4145.11,0.0
2026-07-22 17:24:00+00:00,4145.38,4145.69,4143.64,4143.64,0.0
2026-07-22 17:25:00+00:00,4143.67,4144.57,4143.37,4144.57,0.0
2026-07-22 17:26:00+00:00,4144.56,4144.99,4143.9,4144.58,0.0
2026-07-22 17:27:00+00:00,4144.61,4146.16,4144.61,4145.71,0.0
2026-07-22 17:28:00+00:00,4145.69,4146.26,4145.09,4146.11,0.0
2026-07-22 17:29:00+00:00,4146.06,4147.19,4145.66,4146.3,0.0
2026-07-22 17:30:00+00:00,4146.13,4146.13,4144.47,4145.33,0.0
2026-07-22 17:31:00+00:00,4145.18,4146.15,4144.67,4146.03,0.0
2026-07-22 17:32:00+00:00,4146.05,4147.53,4146.05,4147.4,0.0
2026-07-22 17:33:00+00:00,4147.4,4147.4,4146.7,4146.84,0.0
2026-07-22 17:34:00+00:00,4146.8,4147.2,4144.88,4144.88,0.0
2026-07-22 17:35:00+00:00,4144.9,4145.89,4144.9,4145.24,0.0
2026-07-22 17:36:00+00:00,4145.13,4145.13,4142.17,4142.68,0.0
2026-07-22 17:37:00+00:00,4142.75,4142.75,4142.17,4142.44,0.0
2026-07-22 17:38:00+00:00,4142.43,4142.76,4140.44,4140.75,0.0
2026-07-22 17:39:00+00:00,4140.6,4140.75,4139.05,4139.27,0.0
2026-07-22 17:40:00+00:00,4139.14,4139.92,4138.52,4139.15,0.0
2026-07-22 17:41:00+00:00,4139.16,4139.54,4138.58,4139.37,0.0
2026-07-22 17:42:00+00:00,4139.37,4140.67,4139.34,4140.67,0.0
2026-07-22 17:43:00+00:00,4140.72,4141.03,4140.41,4140.78,0.0
2026-07-22 17:44:00+00:00,4140.88,4141.29,4140.6,4140.66,0.0
2026-07-22 17:45:00+00:00,4140.65,4141.88,4140.63,4141.27,0.0
2026-07-22 17:46:00+00:00,4141.27,4141.97,4141.1,4141.97,0.0
2026-07-22 17:47:00+00:00,4141.87,4141.87,4141.17,4141.81,0.0
2026-07-22 17:48:00+00:00,4141.75,4141.78,4140.74,4141.38,0.0
2026-07-22 17:49:00+00:00,4141.51,4143.47,4141.51,4143.23,0.0
2026-07-22 17:50:00+00:00,4143.25,4143.64,4142.87,4143.34,0.0
2026-07-22 17:51:00+00:00,4143.34,4143.71,4143.23,4143.23,0.0
2026-07-22 17:52:00+00:00,4143.18,4143.41,4142.48,4143.39,0.0
2026-07-22 17:53:00+00:00,4143.51,4143.75,4143.04,4143.49,0.0
2026-07-22 17:54:00+00:00,4143.46,4143.46,4142.77,4142.87,0.0
2026-07-22 17:55:00+00:00,4142.76,4142.76,4141.23,4142.55,0.0
2026-07-22 17:56:00+00:00,4142.72,4142.9,4142.42,4142.83,0.0
2026-07-22 17:57:00+00:00,4142.84,4143.23,4142.73,4143.15,0.0
2026-07-22 17:58:00+00:00,4143.15,4143.46,4142.63,4142.63,0.0
2026-07-22 17:59:00+00:00,4142.63,4143.12,4142.26,4142.42,0.0
2026-07-22 18:00:00+00:00,4142.48,4142.75,4140.79,4141.42,0.0
2026-07-22 18:01:00+00:00,4141.42,4141.42,4137.17,4137.17,0.0
2026-07-22 18:02:00+00:00,4137.0,4138.52,4137.0,4137.61,0.0
2026-07-22 18:03:00+00:00,4137.65,4138.33,4137.6,4137.88,0.0
2026-07-22 18:04:00+00:00,4137.91,4137.94,4136.87,4137.79,0.0
2026-07-22 18:05:00+00:00,4137.76,4139.33,4137.56,4139.33,0.0
2026-07-22 18:06:00+00:00,4139.18,4139.75,4137.79,4139.43,0.0
2026-07-22 18:07:00+00:00,4139.3,4141.23,4139.22,4141.23,0.0
2026-07-22 18:08:00+00:00,4141.14,4141.58,4140.75,4140.75,0.0
2026-07-22 18:09:00+00:00,4140.74,4140.74,4139.36,4139.36,0.0
2026-07-22 18:10:00+00:00,4139.33,4140.6,4138.82,4139.93,0.0
2026-07-22 18:11:00+00:00,4139.92,4140.13,4139.29,4139.29,0.0
2026-07-22 18:12:00+00:00,4139.3,4139.3,4137.66,4138.05,0.0
2026-07-22 18:13:00+00:00,4138.05,4139.02,4138.05,4138.75,0.0
2026-07-22 18:14:00+00:00,4138.72,4139.08,4138.02,4138.09,0.0
2026-07-22 18:15:00+00:00,4138.15,4138.41,4137.64,4137.86,0.0
2026-07-22 18:16:00+00:00,4137.85,4137.85,4136.84,4137.56,0.0
2026-07-22 18:17:00+00:00,4137.57,4138.72,4137.57,4138.51,0.0
2026-07-22 18:18:00+00:00,4138.5,4139.23,4138.5,4138.88,0.0
2026-07-22 18:19:00+00:00,4139.01,4139.09,4138.11,4138.97,0.0
2026-07-22 18:20:00+00:00,4138.96,4139.44,4138.29,4139.44,0.0
2026-07-22 18:21:00+00:00,4139.44,4139.7,4137.16,4137.21,0.0
2026-07-22 18:22:00+00:00,4137.25,4137.27,4135.54,4135.57,0.0
2026-07-22 18:23:00+00:00,4135.54,4136.02,4135.35,4136.02,0.0
2026-07-22 18:24:00+00:00,4136.12,4137.18,4136.12,4136.85,0.0
2026-07-22 18:25:00+00:00,4136.8,4136.92,4135.95,4136.46,0.0
2026-07-22 18:26:00+00:00,4136.56,4136.83,4136.32,4136.47,0.0
2026-07-22 18:27:00+00:00,4136.46,4136.67,4135.66,4136.53,0.0
2026-07-22 18:28:00+00:00,4136.53,4136.63,4135.25,4135.4,0.0
2026-07-22 18:29:00+00:00,4135.41,4135.57,4134.91,4135.27,0.0
2026-07-22 18:30:00+00:00,4135.25,4135.65,4134.17,4134.53,0.0
2026-07-22 18:31:00+00:00,4134.61,4134.71,4133.42,4133.97,0.0
2026-07-22 18:32:00+00:00,4134.12,4134.44,4133.5,4133.85,0.0
2026-07-22 18:33:00+00:00,4133.8,4135.51,4133.68,4134.59,0.0
2026-07-22 18:34:00+00:00,4134.58,4134.61,4132.09,4132.57,0.0
2026-07-22 18:35:00+00:00,4132.83,4134.62,4132.8,4134.62,0.0
2026-07-22 18:36:00+00:00,4134.62,4135.27,4134.47,4135.26,0.0
2026-07-22 18:37:00+00:00,4135.61,4135.91,4135.38,4135.91,0.0
2026-07-22 18:38:00+00:00,4135.94,4136.19,4135.19,4135.24,0.0
2026-07-22 18:39:00+00:00,4135.26,4136.04,4135.26,4135.88,0.0
2026-07-22 18:40:00+00:00,4135.88,4136.26,4134.28,4134.7,0.0
2026-07-22 18:41:00+00:00,4134.75,4135.36,4134.02,4135.36,0.0
2026-07-22 18:42:00+00:00,4135.36,4135.36,4134.53,4134.81,0.0
2026-07-22 18:43:00+00:00,4134.85,4135.74,4134.83,4135.73,0.0
2026-07-22 18:44:00+00:00,4136.03,4136.3,4135.62,4135.93,0.0
2026-07-22 18:45:00+00:00,4135.94,4136.78,4135.5,4136.77,0.0
2026-07-22 18:46:00+00:00,4136.78,4138.12,4136.66,4137.91,0.0
2026-07-22 18:47:00+00:00,4137.9,4137.96,4137.53,4137.64,0.0
2026-07-22 18:48:00+00:00,4137.67,4138.31,4137.49,4138.25,0.0
2026-07-22 18:49:00+00:00,4138.22,4138.22,4137.33,4137.61,0.0
2026-07-22 18:50:00+00:00,4137.65,4138.09,4137.58,4137.88,0.0
2026-07-22 18:51:00+00:00,4137.89,4138.85,4137.87,4138.61,0.0
2026-07-22 18:52:00+00:00,4138.59,4138.62,4138.04,4138.39,0.0
2026-07-22 18:53:00+00:00,4138.44,4138.49,4137.83,4137.83,0.0
2026-07-22 18:54:00+00:00,4137.85,4138.42,4137.62,4137.62,0.0
2026-07-22 18:55:00+00:00,4137.62,4137.9,4137.29,4137.9,0.0
2026-07-22 18:56:00+00:00,4137.88,4138.07,4136.87,4137.47,0.0
2026-07-22 18:57:00+00:00,4137.43,4137.44,4137.14,4137.42,0.0
2026-07-22 18:58:00+00:00,4137.44,4137.45,4136.26,4136.26,0.0
2026-07-22 18:59:00+00:00,4136.31,4136.41,4135.98,4136.07,0.0
2026-07-22 19:00:00+00:00,4136.11,4136.11,4135.24,4135.32,0.0
2026-07-22 19:01:00+00:00,4135.29,4135.38,4133.15,4133.25,0.0
2026-07-22 19:02:00+00:00,4133.47,4133.93,4133.41,4133.67,0.0
2026-07-22 19:03:00+00:00,4133.61,4134.56,4133.61,4134.56,0.0
2026-07-22 19:04:00+00:00,4134.67,4135.17,4134.57,4135.09,0.0
2026-07-22 19:05:00+00:00,4135.05,4136.93,4135.05,4136.51,0.0
2026-07-22 19:06:00+00:00,4136.5,4136.91,4136.28,4136.64,0.0
2026-07-22 19:07:00+00:00,4136.69,4137.24,4136.05,4136.13,0.0
2026-07-22 19:08:00+00:00,4136.13,4136.75,4135.88,4135.88,0.0
2026-07-22 19:09:00+00:00,4135.87,4136.13,4135.62,4135.8,0.0
2026-07-22 19:10:00+00:00,4135.65,4135.92,4135.17,4135.18,0.0
2026-07-22 19:11:00+00:00,4135.18,4135.2,4134.73,4135.07,0.0
2026-07-22 19:12:00+00:00,4135.13,4135.38,4134.85,4134.98,0.0
2026-07-22 19:13:00+00:00,4134.98,4135.51,4134.45,4134.49,0.0
2026-07-22 19:14:00+00:00,4134.49,4134.71,4134.11,4134.14,0.0
2026-07-22 19:15:00+00:00,4134.13,4134.62,4133.37,4134.48,0.0
2026-07-22 19:16:00+00:00,4134.44,4135.49,4134.44,4135.49,0.0
2026-07-22 19:17:00+00:00,4135.48,4135.48,4134.33,4134.33,0.0
2026-07-22 19:18:00+00:00,4134.33,4134.39,4133.56,4133.9,0.0
2026-07-22 19:19:00+00:00,4133.88,4134.43,4133.82,4134.33,0.0
2026-07-22 19:20:00+00:00,4134.32,4134.38,4133.68,4133.68,0.0
2026-07-22 19:21:00+00:00,4133.64,4133.64,4131.96,4132.42,0.0
2026-07-22 19:22:00+00:00,4132.43,4133.44,4132.25,4133.44,0.0
2026-07-22 19:23:00+00:00,4133.44,4135.05,4133.44,4134.59,0.0
2026-07-22 19:24:00+00:00,4134.62,4134.95,4134.31,4134.31,0.0
2026-07-22 19:25:00+00:00,4134.34,4134.81,4133.51,4133.61,0.0
2026-07-22 19:26:00+00:00,4133.62,4134.34,4133.44,4133.81,0.0
2026-07-22 19:27:00+00:00,4133.81,4133.81,4132.76,4133.38,0.0
2026-07-22 19:28:00+00:00,4133.22,4134.62,4133.21,4134.38,0.0
2026-07-22 19:29:00+00:00,4134.4,4134.66,4133.87,4134.54,0.0
2026-07-22 19:30:00+00:00,4134.5,4134.52,4132.76,4132.9,0.0
2026-07-22 19:31:00+00:00,4132.89,4133.5,4132.81,4133.39,0.0
2026-07-22 19:32:00+00:00,4133.4,4134.09,4133.4,4133.51,0.0
2026-07-22 19:33:00+00:00,4133.52,4135.56,4133.52,4135.03,0.0
2026-07-22 19:34:00+00:00,4134.89,4136.27,4134.3,4135.84,0.0
2026-07-22 19:35:00+00:00,4135.75,4136.16,4135.22,4135.96,0.0
2026-07-22 19:36:00+00:00,4136.04,4136.04,4134.46,4134.66,0.0
2026-07-22 19:37:00+00:00,4134.67,4134.74,4133.81,4134.62,0.0
2026-07-22 19:38:00+00:00,4134.66,4135.2,4134.49,4134.86,0.0
2026-07-22 19:39:00+00:00,4134.8,4134.8,4134.16,4134.55,0.0
2026-07-22 19:40:00+00:00,4134.58,4134.86,4134.27,4134.75,0.0
2026-07-22 19:41:00+00:00,4134.72,4135.4,4134.5,4135.4,0.0
2026-07-22 19:42:00+00:00,4135.39,4135.67,4135.25,4135.34,0.0
2026-07-22 19:43:00+00:00,4135.29,4135.96,4135.22,4135.86,0.0
2026-07-22 19:44:00+00:00,4135.87,4135.94,4133.89,4134.0,0.0
2026-07-22 19:45:00+00:00,4134.0,4134.59,4133.68,4133.81,0.0
2026-07-22 19:46:00+00:00,4133.61,4134.34,4133.32,4133.92,0.0
2026-07-22 19:47:00+00:00,4133.75,4134.53,4133.69,4134.24,0.0
2026-07-22 19:48:00+00:00,4134.19,4134.74,4133.73,4134.66,0.0
2026-07-22 19:49:00+00:00,4134.69,4135.18,4134.69,4135.17,0.0
2026-07-22 19:50:00+00:00,4135.15,4135.34,4133.48,4133.62,0.0
2026-07-22 19:51:00+00:00,4133.56,4133.81,4132.36,4132.93,0.0
2026-07-22 19:52:00+00:00,4132.95,4133.23,4131.85,4132.74,0.0
2026-07-22 19:53:00+00:00,4132.78,4132.83,4131.45,4131.98,0.0
2026-07-22 19:54:00+00:00,4131.99,4131.99,4129.07,4130.73,0.0
2026-07-22 19:55:00+00:00,4130.63,4131.51,4130.38,4131.17,0.0
2026-07-22 19:56:00+00:00,4131.25,4131.62,4130.47,4131.22,0.0
2026-07-22 19:57:00+00:00,4131.06,4131.86,4130.56,4131.11,0.0
2026-07-22 19:58:00+00:00,4131.01,4132.18,4130.98,4132.09,0.0
2026-07-22 19:59:00+00:00,4132.17,4132.95,4132.03,4132.19,0.0
2026-07-22 20:00:00+00:00,4130.64,4131.27,4130.64,4131.26,0.0
2026-07-22 20:01:00+00:00,4131.35,4133.44,4131.35,4133.44,0.0
2026-07-22 20:02:00+00:00,4134.34,4135.19,4132.95,4133.08,0.0
2026-07-22 20:03:00+00:00,4133.11,4133.11,4130.82,4131.27,0.0
2026-07-22 20:04:00+00:00,4131.18,4132.33,4130.92,4131.0,0.0
2026-07-22 20:05:00+00:00,4131.04,4132.78,4130.59,4132.74,0.0
2026-07-22 20:06:00+00:00,4132.72,4133.39,4131.41,4132.03,0.0
2026-07-22 20:07:00+00:00,4132.04,4133.39,4132.01,4133.05,0.0
2026-07-22 20:08:00+00:00,4133.1,4134.14,4132.87,4133.55,0.0
2026-07-22 20:09:00+00:00,4133.56,4134.38,4133.35,4133.48,0.0
2026-07-22 20:10:00+00:00,4133.51,4133.54,4132.32,4132.71,0.0
2026-07-22 20:11:00+00:00,4132.52,4132.95,4132.36,4132.95,0.0
2026-07-22 20:12:00+00:00,4132.85,4132.91,4132.46,4132.56,0.0
2026-07-22 20:13:00+00:00,4132.54,4133.75,4132.54,4133.62,0.0
2026-07-22 20:14:00+00:00,4133.62,4135.52,4133.61,4135.52,0.0
2026-07-22 20:15:00+00:00,4134.61,4134.87,4134.26,4134.58,0.0
2026-07-22 20:16:00+00:00,4134.46,4135.06,4134.08,4134.96,0.0
2026-07-22 20:17:00+00:00,4134.96,4135.37,4134.25,4134.97,0.0
2026-07-22 20:18:00+00:00,4134.85,4136.5,4134.76,4136.5,0.0
2026-07-22 20:19:00+00:00,4136.56,4136.56,4135.48,4135.57,0.0
2026-07-22 20:20:00+00:00,4135.47,4135.73,4135.37,4135.51,0.0
2026-07-22 20:21:00+00:00,4135.52,4136.12,4135.38,4135.38,0.0
2026-07-22 20:22:00+00:00,4135.78,4136.09,4135.03,4135.35,0.0
2026-07-22 20:23:00+00:00,4135.37,4135.81,4135.33,4135.77,0.0
2026-07-22 20:24:00+00:00,4135.96,4136.75,4135.96,4136.75,0.0
2026-07-22 20:25:00+00:00,4136.73,4137.86,4136.66,4137.56,0.0
2026-07-22 20:26:00+00:00,4137.42,4137.42,4136.9,4137.04,0.0
2026-07-22 20:27:00+00:00,4137.13,4137.74,4137.12,4137.74,0.0
2026-07-22 20:28:00+00:00,4137.71,4137.89,4137.56,4137.69,0.0
2026-07-22 20:29:00+00:00,4137.56,4137.66,4136.33,4136.75,0.0
2026-07-22 20:30:00+00:00,4136.74,4137.09,4135.79,4136.36,0.0
2026-07-22 20:31:00+00:00,4136.36,4137.38,4136.28,4137.38,0.0
2026-07-22 20:32:00+00:00,4137.31,4137.72,4136.14,4136.39,0.0
2026-07-22 20:33:00+00:00,4136.37,4136.37,4135.93,4136.07,0.0
2026-07-22 20:34:00+00:00,4135.91,4135.91,4135.42,4135.43,0.0
2026-07-22 20:35:00+00:00,4135.43,4135.43,4134.56,4134.57,0.0
2026-07-22 20:36:00+00:00,4134.47,4134.89,4134.21,4134.69,0.0
2026-07-22 20:37:00+00:00,4134.69,4135.53,4134.69,4135.43,0.0
2026-07-22 20:38:00+00:00,4135.41,4135.41,4134.1,4134.12,0.0
2026-07-22 20:39:00+00:00,4134.12,4135.09,4134.01,4134.87,0.0
2026-07-22 20:40:00+00:00,4134.87,4135.24,4134.83,4134.97,0.0
2026-07-22 20:41:00+00:00,4134.94,4135.34,4134.33,4134.33,0.0
2026-07-22 20:42:00+00:00,4134.34,4134.49,4131.2,4132.59,0.0
2026-07-22 20:43:00+00:00,4132.58,4132.62,4131.12,4131.16,0.0
2026-07-22 20:44:00+00:00,4131.22,4131.54,4131.03,4131.03,0.0
2026-07-22 20:45:00+00:00,4131.05,4131.15,4129.5,4129.57,0.0
2026-07-22 20:46:00+00:00,4129.58,4129.9,4128.5,4129.34,0.0
2026-07-22 20:47:00+00:00,4129.32,4130.16,4129.08,4129.19,0.0
2026-07-22 20:48:00+00:00,4129.19,4131.21,4129.19,4130.79,0.0
2026-07-22 20:49:00+00:00,4130.8,4130.88,4130.11,4130.15,0.0
2026-07-22 20:50:00+00:00,4130.15,4130.15,4129.35,4129.39,0.0
2026-07-22 20:51:00+00:00,4129.72,4129.97,4129.45,4129.45,0.0
2026-07-22 20:52:00+00:00,4129.18,4129.45,4128.84,4129.45,0.0
2026-07-22 20:53:00+00:00,4129.47,4129.93,4129.3,4129.66,0.0
2026-07-22 20:54:00+00:00,4129.57,4130.18,4129.29,4129.46,0.0
2026-07-22 20:55:00+00:00,4129.43,4129.47,4129.2,4129.44,0.0
2026-07-22 20:56:00+00:00,4129.45,4130.51,4129.17,4130.33,0.0
2026-07-22 20:57:00+00:00,4130.32,4130.36,4129.88,4130.0,0.0
2026-07-22 20:58:00+00:00,4130.04,4130.54,4130.04,4130.19,0.0
2026-07-22 20:59:00+00:00,4130.21,4130.43,4129.8,4130.22,0.0
2026-07-22 22:00:00+00:00,4117.87,4138.83,4104.74,4118.65,0.0
2026-07-22 22:01:00+00:00,4118.44,4124.8,4118.44,4120.8,0.0
2026-07-22 22:02:00+00:00,4120.59,4121.04,4117.57,4120.33,0.0
2026-07-22 22:03:00+00:00,4119.9,4122.99,4119.36,4119.42,0.0
2026-07-22 22:04:00+00:00,4119.41,4120.64,4118.14,4119.48,0.0
2026-07-22 22:05:00+00:00,4121.15,4122.83,4120.58,4121.86,0.0
2026-07-22 22:06:00+00:00,4121.86,4124.45,4121.6,4122.99,0.0
2026-07-22 22:07:00+00:00,4123.13,4125.71,4121.45,4123.85,0.0
2026-07-22 22:08:00+00:00,4123.88,4124.06,4121.78,4121.89,0.0
2026-07-22 22:09:00+00:00,4121.86,4123.62,4121.83,4123.61,0.0
2026-07-22 22:10:00+00:00,4123.58,4123.58,4121.91,4121.98,0.0
2026-07-22 22:11:00+00:00,4121.97,4123.18,4121.57,4122.99,0.0
2026-07-22 22:12:00+00:00,4122.97,4123.55,4121.91,4121.92,0.0
2026-07-22 22:13:00+00:00,4121.93,4122.99,4121.42,4122.97,0.0
2026-07-22 22:14:00+00:00,4122.96,4123.86,4122.96,4123.86,0.0
2026-07-22 22:15:00+00:00,4123.92,4124.95,4123.49,4124.49,0.0
2026-07-22 22:16:00+00:00,4124.51,4125.31,4123.77,4123.77,0.0
2026-07-22 22:17:00+00:00,4123.71,4124.2,4120.96,4121.34,0.0
2026-07-22 22:18:00+00:00,4121.18,4122.28,4121.07,4121.59,0.0
2026-07-22 22:19:00+00:00,4121.34,4125.2,4121.11,4124.25,0.0
2026-07-22 22:20:00+00:00,4124.24,4126.11,4123.42,4125.19,0.0
2026-07-22 22:21:00+00:00,4125.35,4125.39,4122.96,4122.96,0.0
2026-07-22 22:22:00+00:00,4122.76,4122.87,4122.27,4122.76,0.0
2026-07-22 22:23:00+00:00,4122.69,4124.88,4122.69,4124.14,0.0
2026-07-22 22:24:00+00:00,4124.07,4124.07,4122.9,4123.03,0.0
2026-07-22 22:25:00+00:00,4123.14,4125.64,4122.87,4125.02,0.0
2026-07-22 22:26:00+00:00,4125.19,4128.24,4125.19,4128.19,0.0
2026-07-22 22:27:00+00:00,4128.16,4128.16,4127.25,4127.3,0.0
2026-07-22 22:28:00+00:00,4127.71,4128.94,4126.73,4126.73,0.0
2026-07-22 22:29:00+00:00,4126.7,4128.91,4126.7,4128.85,0.0
2026-07-22 22:30:00+00:00,4128.86,4129.86,4128.77,4128.9,0.0
2026-07-22 22:31:00+00:00,4128.89,4129.06,4127.57,4127.69,0.0
2026-07-22 22:32:00+00:00,4127.71,4127.71,4126.3,4126.44,0.0
2026-07-22 22:33:00+00:00,4126.98,4127.3,4126.45,4126.84,0.0
2026-07-22 22:34:00+00:00,4126.79,4126.86,4125.75,4125.75,0.0
2026-07-22 22:35:00+00:00,4125.77,4126.27,4124.36,4126.27,0.0
2026-07-22 22:36:00+00:00,4126.28,4126.55,4125.34,4125.48,0.0
2026-07-22 22:37:00+00:00,4125.44,4128.01,4125.01,4127.65,0.0
2026-07-22 22:38:00+00:00,4127.65,4128.09,4126.62,4126.92,0.0
2026-07-22 22:39:00+00:00,4126.71,4127.19,4126.22,4126.23,0.0
2026-07-22 22:40:00+00:00,4125.68,4126.23,4121.88,4122.04,0.0
2026-07-22 22:41:00+00:00,4122.06,4122.95,4120.23,4122.95,0.0
2026-07-22 22:42:00+00:00,4122.9,4123.8,4122.83,4123.43,0.0
2026-07-22 22:43:00+00:00,4123.4,4123.65,4122.57,4122.57,0.0
2026-07-22 22:44:00+00:00,4122.55,4123.06,4121.13,4121.72,0.0
2026-07-22 22:45:00+00:00,4121.73,4122.37,4120.92,4122.37,0.0
2026-07-22 22:46:00+00:00,4122.18,4123.13,4121.76,4122.4,0.0
2026-07-22 22:47:00+00:00,4122.27,4124.58,4122.09,4124.21,0.0
2026-07-22 22:48:00+00:00,4124.23,4124.86,4124.23,4124.71,0.0
2026-07-22 22:49:00+00:00,4124.62,4125.72,4124.62,4124.66,0.0
2026-07-22 22:50:00+00:00,4124.68,4124.95,4121.34,4122.78,0.0
2026-07-22 22:51:00+00:00,4122.79,4125.4,4122.19,4125.4,0.0
2026-07-22 22:52:00+00:00,4125.4,4126.01,4124.29,4125.83,0.0
2026-07-22 22:53:00+00:00,4125.63,4126.03,4124.38,4124.57,0.0
2026-07-22 22:54:00+00:00,4124.54,4124.54,4123.28,4123.7,0.0
2026-07-22 22:55:00+00:00,4123.57,4124.74,4122.33,4123.35,0.0
2026-07-22 22:56:00+00:00,4123.33,4126.6,4122.8,4123.5,0.0
2026-07-22 22:57:00+00:00,4123.42,4123.95,4122.53,4123.75,0.0
2026-07-22 22:58:00+00:00,4123.8,4124.41,4122.51,4123.24,0.0
2026-07-22 22:59:00+00:00,4123.11,4123.92,4121.07,4121.86,0.0
2026-07-22 23:00:00+00:00,4121.84,4122.17,4118.02,4119.31,0.0
2026-07-22 23:01:00+00:00,4119.0,4121.77,4117.88,4120.29,0.0
2026-07-22 23:02:00+00:00,4120.33,4122.89,4118.72,4121.39,0.0
2026-07-22 23:03:00+00:00,4121.55,4121.55,4117.44,4118.33,0.0
2026-07-22 23:04:00+00:00,4118.44,4118.69,4117.62,4118.56,0.0
2026-07-22 23:05:00+00:00,4118.72,4119.22,4117.51,4117.73,0.0
2026-07-22 23:06:00+00:00,4117.67,4117.73,4117.09,4117.53,0.0
2026-07-22 23:07:00+00:00,4117.52,4118.21,4116.88,4117.89,0.0
2026-07-22 23:08:00+00:00,4117.85,4118.99,4117.59,4117.98,0.0
2026-07-22 23:09:00+00:00,4118.49,4118.8,4118.16,4118.29,0.0
2026-07-22 23:10:00+00:00,4118.31,4118.81,4117.1,4117.48,0.0
2026-07-22 23:11:00+00:00,4117.34,4118.39,4117.26,4117.26,0.0
2026-07-22 23:12:00+00:00,4117.2,4118.86,4117.12,4118.57,0.0
2026-07-22 23:13:00+00:00,4118.77,4124.4,4118.77,4124.4,0.0
2026-07-22 23:14:00+00:00,4124.8,4124.8,4123.05,4123.9,0.0
2026-07-22 23:15:00+00:00,4123.94,4124.14,4121.42,4121.63,0.0
2026-07-22 23:16:00+00:00,4121.78,4121.81,4120.19,4121.22,0.0
2026-07-22 23:17:00+00:00,4121.24,4122.34,4121.23,4121.82,0.0
2026-07-22 23:18:00+00:00,4121.82,4122.57,4121.55,4121.55,0.0
2026-07-22 23:19:00+00:00,4121.54,4121.54,4120.21,4120.58,0.0
2026-07-22 23:20:00+00:00,4120.62,4121.1,4119.7,4121.09,0.0
2026-07-22 23:21:00+00:00,4121.1,4122.16,4120.42,4120.67,0.0
2026-07-22 23:22:00+00:00,4120.72,4121.4,4120.58,4120.76,0.0
2026-07-22 23:23:00+00:00,4120.67,4120.81,4120.48,4120.49,0.0
2026-07-22 23:24:00+00:00,4120.48,4120.74,4120.37,4120.72,0.0
2026-07-22 23:25:00+00:00,4120.72,4120.8,4120.07,4120.09,0.0
2026-07-22 23:26:00+00:00,4119.78,4122.4,4119.49,4120.97,0.0
2026-07-22 23:27:00+00:00,4120.97,4121.58,4119.76,4119.76,0.0
2026-07-22 23:28:00+00:00,4119.78,4120.49,4119.31,4120.11,0.0
2026-07-22 23:29:00+00:00,4120.14,4120.93,4119.79,4120.14,0.0
2026-07-22 23:30:00+00:00,4120.09,4120.17,4119.38,4119.56,0.0
2026-07-22 23:31:00+00:00,4119.57,4120.03,4119.24,4119.95,0.0
2026-07-22 23:32:00+00:00,4119.9,4120.49,4119.48,4120.13,0.0
2026-07-22 23:33:00+00:00,4120.3,4122.58,4120.17,4121.28,0.0
2026-07-22 23:34:00+00:00,4121.28,4121.32,4120.75,4120.77,0.0
2026-07-22 23:35:00+00:00,4120.68,4120.68,4120.04,4120.24,0.0
2026-07-22 23:36:00+00:00,4120.2,4122.29,4120.2,4121.51,0.0
2026-07-22 23:37:00+00:00,4121.35,4123.59,4121.35,4123.15,0.0
2026-07-22 23:38:00+00:00,4123.02,4123.16,4122.47,4122.77,0.0
2026-07-22 23:39:00+00:00,4122.61,4123.24,4121.69,4122.0,0.0
2026-07-22 23:40:00+00:00,4121.73,4122.45,4121.64,4122.38,0.0
2026-07-22 23:41:00+00:00,4122.35,4122.35,4121.65,4121.9,0.0
2026-07-22 23:42:00+00:00,4122.11,4122.53,4121.32,4121.88,0.0
2026-07-22 23:43:00+00:00,4121.88,4124.67,4121.86,4124.37,0.0
2026-07-22 23:44:00+00:00,4124.4,4124.4,4122.99,4123.7,0.0
2026-07-22 23:45:00+00:00,4123.79,4125.88,4123.25,4125.88,0.0
2026-07-22 23:46:00+00:00,4126.14,4129.88,4125.4,4129.88,0.0
2026-07-22 23:47:00+00:00,4129.83,4130.35,4129.26,4130.16,0.0
2026-07-22 23:48:00+00:00,4130.19,4131.81,4129.7,4131.81,0.0
2026-07-22 23:49:00+00:00,4131.81,4131.81,4129.79,4129.92,0.0
2026-07-22 23:50:00+00:00,4129.9,4130.29,4129.64,4129.65,0.0
2026-07-22 23:51:00+00:00,4129.64,4130.04,4128.88,4129.95,0.0
2026-07-22 23:52:00+00:00,4129.98,4130.95,4129.68,4130.9,0.0
2026-07-22 23:53:00+00:00,4130.95,4130.98,4129.97,4130.44,0.0
2026-07-22 23:54:00+00:00,4129.98,4131.71,4129.23,4131.55,0.0
2026-07-22 23:55:00+00:00,4131.44,4132.4,4130.9,4132.26,0.0
2026-07-22 23:56:00+00:00,4132.26,4133.33,4132.19,4133.16,0.0
2026-07-22 23:57:00+00:00,4133.16,4133.25,4132.3,4133.21,0.0
2026-07-22 23:58:00+00:00,4133.19,4133.45,4132.34,4132.67,0.0
2026-07-22 23:59:00+00:00,4132.65,4134.17,4132.5,4133.49,0.0
2026-07-23 00:00:00+00:00,4133.51,4134.39,4132.57,4132.8,0.0
2026-07-23 00:01:00+00:00,4132.6,4132.6,4129.65,4130.56,0.0
2026-07-23 00:02:00+00:00,4130.34,4131.15,4128.6,4129.93,0.0
2026-07-23 00:03:00+00:00,4129.72,4130.78,4128.4,4128.41,0.0
2026-07-23 00:04:00+00:00,4128.43,4130.77,4128.43,4130.6,0.0
2026-07-23 00:05:00+00:00,4130.79,4131.16,4129.35,4129.75,0.0
2026-07-23 00:06:00+00:00,4129.77,4130.54,4128.72,4129.26,0.0
2026-07-23 00:07:00+00:00,4129.3,4129.3,4128.29,4128.56,0.0
2026-07-23 00:08:00+00:00,4128.53,4128.79,4127.73,4128.15,0.0
2026-07-23 00:09:00+00:00,4128.13,4129.5,4128.13,4128.94,0.0
2026-07-23 00:10:00+00:00,4129.0,4129.0,4127.32,4127.61,0.0
2026-07-23 00:11:00+00:00,4127.64,4128.08,4126.54,4127.59,0.0
2026-07-23 00:12:00+00:00,4127.57,4127.57,4126.27,4127.07,0.0
2026-07-23 00:13:00+00:00,4127.07,4127.67,4126.4,4126.75,0.0
2026-07-23 00:14:00+00:00,4126.38,4127.24,4126.32,4126.98,0.0
2026-07-23 00:15:00+00:00,4126.91,4128.27,4126.91,4127.4,0.0
2026-07-23 00:16:00+00:00,4127.36,4128.45,4127.03,4128.4,0.0
2026-07-23 00:17:00+00:00,4128.29,4129.21,4127.82,4127.92,0.0
2026-07-23 00:18:00+00:00,4127.9,4128.01,4127.32,4127.98,0.0
2026-07-23 00:19:00+00:00,4128.07,4128.48,4127.6,4128.42,0.0
2026-07-23 00:20:00+00:00,4128.36,4129.1,4127.7,4128.69,0.0
2026-07-23 00:21:00+00:00,4128.7,4128.98,4127.88,4128.42,0.0
2026-07-23 00:22:00+00:00,4128.55,4130.71,4128.28,4130.68,0.0
2026-07-23 00:23:00+00:00,4130.69,4131.89,4130.69,4131.26,0.0
2026-07-23 00:24:00+00:00,4131.26,4133.03,4130.97,4133.0,0.0
2026-07-23 00:25:00+00:00,4132.97,4133.38,4132.39,4132.7,0.0
2026-07-23 00:26:00+00:00,4132.57,4133.12,4132.25,4132.97,0.0
2026-07-23 00:27:00+00:00,4133.02,4134.74,4132.45,4134.04,0.0
2026-07-23 00:28:00+00:00,4133.53,4133.53,4131.29,4131.29,0.0
2026-07-23 00:29:00+00:00,4131.24,4131.41,4129.01,4129.29,0.0
2026-07-23 00:30:00+00:00,4129.31,4130.06,4128.37,4129.74,0.0
2026-07-23 00:31:00+00:00,4130.01,4130.13,4129.29,4129.64,0.0
2026-07-23 00:32:00+00:00,4129.61,4131.5,4129.33,4131.5,0.0
2026-07-23 00:33:00+00:00,4131.57,4131.72,4130.28,4130.62,0.0
2026-07-23 00:34:00+00:00,4130.64,4131.29,4129.51,4130.28,0.0
2026-07-23 00:35:00+00:00,4130.29,4131.47,4129.9,4131.01,0.0
2026-07-23 00:36:00+00:00,4130.89,4132.21,4130.8,4132.02,0.0
2026-07-23 00:37:00+00:00,4132.02,4132.32,4131.76,4132.16,0.0
2026-07-23 00:38:00+00:00,4132.13,4132.32,4130.88,4130.9,0.0
2026-07-23 00:39:00+00:00,4130.92,4130.92,4128.11,4128.44,0.0
2026-07-23 00:40:00+00:00,4128.5,4129.1,4128.04,4128.04,0.0
2026-07-23 00:41:00+00:00,4128.05,4129.07,4128.05,4128.82,0.0
2026-07-23 00:42:00+00:00,4128.85,4128.88,4127.24,4128.13,0.0
2026-07-23 00:43:00+00:00,4127.98,4128.2,4127.58,4127.96,0.0
2026-07-23 00:44:00+00:00,4127.92,4128.44,4127.89,4128.1,0.0
2026-07-23 00:45:00+00:00,4128.06,4130.07,4127.72,4130.07,0.0
2026-07-23 00:46:00+00:00,4130.08,4130.08,4128.49,4129.11,0.0
2026-07-23 00:47:00+00:00,4129.08,4129.08,4127.71,4127.78,0.0
2026-07-23 00:48:00+00:00,4127.72,4127.76,4127.07,4127.68,0.0
2026-07-23 00:49:00+00:00,4127.64,4127.81,4127.08,4127.24,0.0
2026-07-23 00:50:00+00:00,4127.27,4127.78,4125.74,4125.74,0.0
2026-07-23 00:51:00+00:00,4125.82,4126.15,4125.3,4125.78,0.0
2026-07-23 00:52:00+00:00,4125.67,4126.46,4125.36,4126.29,0.0
2026-07-23 00:53:00+00:00,4126.28,4127.67,4126.13,4127.66,0.0
2026-07-23 00:54:00+00:00,4127.66,4129.53,4127.58,4129.16,0.0
2026-07-23 00:55:00+00:00,4129.15,4129.9,4128.46,4128.68,0.0
2026-07-23 00:56:00+00:00,4128.72,4128.79,4127.72,4128.21,0.0
2026-07-23 00:57:00+00:00,4128.25,4129.26,4128.08,4129.26,0.0
2026-07-23 00:58:00+00:00,4129.26,4129.65,4129.15,4129.55,0.0
2026-07-23 00:59:00+00:00,4129.57,4133.24,4129.57,4132.27,0.0
2026-07-23 01:00:00+00:00,4132.17,4138.17,4132.17,4138.0,0.0
2026-07-23 01:01:00+00:00,4137.71,4139.06,4137.23,4138.04,0.0
2026-07-23 01:02:00+00:00,4137.84,4137.84,4134.18,4134.18,0.0
2026-07-23 01:03:00+00:00,4133.86,4133.86,4130.07,4132.83,0.0
2026-07-23 01:04:00+00:00,4132.91,4133.5,4131.27,4133.5,0.0
2026-07-23 01:05:00+00:00,4133.11,4134.73,4132.39,4134.35,0.0
2026-07-23 01:06:00+00:00,4134.68,4134.68,4131.38,4131.42,0.0
2026-07-23 01:07:00+00:00,4131.55,4133.15,4131.25,4133.15,0.0
2026-07-23 01:08:00+00:00,4133.07,4133.07,4131.14,4131.14,0.0
2026-07-23 01:09:00+00:00,4130.97,4133.67,4130.86,4133.67,0.0
2026-07-23 01:10:00+00:00,4133.8,4135.05,4132.13,4133.39,0.0
2026-07-23 01:11:00+00:00,4133.38,4135.32,4133.32,4135.32,0.0
2026-07-23 01:12:00+00:00,4135.36,4137.0,4134.66,4136.82,0.0
2026-07-23 01:13:00+00:00,4136.61,4137.18,4135.93,4136.25,0.0
2026-07-23 01:14:00+00:00,4136.24,4136.49,4134.47,4134.77,0.0
2026-07-23 01:15:00+00:00,4134.56,4136.2,4133.81,4135.74,0.0
2026-07-23 01:16:00+00:00,4135.78,4137.64,4135.29,4137.43,0.0
2026-07-23 01:17:00+00:00,4137.58,4137.77,4135.11,4135.69,0.0
2026-07-23 01:18:00+00:00,4135.69,4136.79,4134.47,4136.46,0.0
2026-07-23 01:19:00+00:00,4136.45,4137.41,4135.77,4136.03,0.0
2026-07-23 01:20:00+00:00,4136.03,4136.03,4135.03,4136.0,0.0
2026-07-23 01:21:00+00:00,4136.01,4138.7,4136.0,4137.74,0.0
2026-07-23 01:22:00+00:00,4137.83,4138.92,4137.26,4138.92,0.0
2026-07-23 01:23:00+00:00,4139.2,4139.97,4138.68,4138.9,0.0
2026-07-23 01:24:00+00:00,4138.81,4139.66,4137.79,4137.79,0.0
2026-07-23 01:25:00+00:00,4137.84,4138.24,4136.98,4138.03,0.0
2026-07-23 01:26:00+00:00,4138.1,4139.93,4137.98,4139.25,0.0
2026-07-23 01:27:00+00:00,4139.3,4141.01,4138.59,4138.59,0.0
2026-07-23 01:28:00+00:00,4138.76,4138.82,4137.37,4137.44,0.0
2026-07-23 01:29:00+00:00,4137.43,4137.92,4137.32,4137.39,0.0
2026-07-23 01:30:00+00:00,4137.56,4139.0,4129.41,4129.58,0.0
2026-07-23 01:31:00+00:00,4129.88,4132.48,4129.88,4131.27,0.0
2026-07-23 01:32:00+00:00,4131.2,4134.37,4130.88,4133.74,0.0
2026-07-23 01:33:00+00:00,4133.89,4134.7,4132.07,4134.7,0.0
2026-07-23 01:34:00+00:00,4134.5,4135.5,4133.4,4133.4,0.0
2026-07-23 01:35:00+00:00,4133.41,4133.83,4129.72,4130.76,0.0
2026-07-23 01:36:00+00:00,4130.75,4131.04,4126.49,4126.66,0.0
2026-07-23 01:37:00+00:00,4126.61,4127.1,4123.44,4125.49,0.0
2026-07-23 01:38:00+00:00,4125.57,4125.78,4124.08,4124.55,0.0
2026-07-23 01:39:00+00:00,4124.54,4125.9,4123.05,4123.05,0.0
2026-07-23 01:40:00+00:00,4123.2,4125.87,4123.2,4125.76,0.0
2026-07-23 01:41:00+00:00,4125.78,4126.38,4124.52,4126.21,0.0
2026-07-23 01:42:00+00:00,4126.19,4127.51,4125.59,4125.7,0.0
2026-07-23 01:43:00+00:00,4125.57,4125.85,4124.71,4125.37,0.0
2026-07-23 01:44:00+00:00,4125.68,4126.01,4122.97,4123.12,0.0
2026-07-23 01:45:00+00:00,4121.91,4123.66,4121.43,4123.27,0.0
2026-07-23 01:46:00+00:00,4123.35,4123.79,4120.97,4121.01,0.0
2026-07-23 01:47:00+00:00,4120.98,4122.07,4120.69,4120.73,0.0
2026-07-23 01:48:00+00:00,4120.56,4120.93,4118.55,4118.82,0.0
2026-07-23 01:49:00+00:00,4118.83,4121.86,4118.83,4121.86,0.0
2026-07-23 01:50:00+00:00,4121.76,4122.54,4120.76,4122.54,0.0
2026-07-23 01:51:00+00:00,4122.25,4122.53,4120.83,4121.04,0.0
2026-07-23 01:52:00+00:00,4121.05,4122.49,4120.83,4122.01,0.0
2026-07-23 01:53:00+00:00,4122.01,4122.01,4118.44,4118.44,0.0
2026-07-23 01:54:00+00:00,4118.48,4119.39,4118.48,4118.5,0.0
2026-07-23 01:55:00+00:00,4119.01,4119.01,4117.66,4118.42,0.0
2026-07-23 01:56:00+00:00,4118.44,4119.14,4114.58,4114.79,0.0
2026-07-23 01:57:00+00:00,4114.57,4118.06,4114.53,4115.95,0.0
2026-07-23 01:58:00+00:00,4116.24,4117.97,4115.45,4117.81,0.0
2026-07-23 01:59:00+00:00,4118.02,4118.33,4117.48,4118.09,0.0
2026-07-23 02:00:00+00:00,4117.99,4118.8,4117.84,4118.01,0.0
2026-07-23 02:01:00+00:00,4117.92,4119.0,4116.55,4118.17,0.0
2026-07-23 02:02:00+00:00,4118.2,4118.2,4115.52,4115.75,0.0
2026-07-23 02:03:00+00:00,4115.77,4115.82,4113.83,4114.14,0.0
2026-07-23 02:04:00+00:00,4114.16,4114.91,4113.29,4113.95,0.0
2026-07-23 02:05:00+00:00,4113.95,4114.76,4112.44,4113.86,0.0
2026-07-23 02:06:00+00:00,4113.85,4115.69,4113.57,4115.3,0.0
2026-07-23 02:07:00+00:00,4115.27,4116.92,4115.04,4116.63,0.0
2026-07-23 02:08:00+00:00,4116.76,4116.76,4114.03,4114.34,0.0
2026-07-23 02:09:00+00:00,4114.43,4114.75,4113.7,4114.45,0.0
2026-07-23 02:10:00+00:00,4114.43,4116.47,4114.43,4116.31,0.0
2026-07-23 02:11:00+00:00,4116.3,4117.13,4115.29,4116.68,0.0
2026-07-23 02:12:00+00:00,4116.69,4117.68,4116.49,4117.39,0.0
2026-07-23 02:13:00+00:00,4117.35,4118.61,4116.93,4117.91,0.0
2026-07-23 02:14:00+00:00,4117.92,4117.92,4116.89,4117.83,0.0
2026-07-23 02:15:00+00:00,4117.82,4118.03,4115.03,4115.03,0.0
2026-07-23 02:16:00+00:00,4115.08,4116.32,4115.08,4115.79,0.0
2026-07-23 02:17:00+00:00,4115.88,4116.49,4114.4,4114.45,0.0
2026-07-23 02:18:00+00:00,4114.45,4115.17,4113.5,4115.04,0.0
2026-07-23 02:19:00+00:00,4115.1,4116.65,4114.87,4115.03,0.0
2026-07-23 02:20:00+00:00,4115.01,4115.79,4114.58,4114.84,0.0
2026-07-23 02:21:00+00:00,4114.95,4116.31,4114.78,4116.01,0.0
2026-07-23 02:22:00+00:00,4115.99,4117.06,4115.77,4115.99,0.0
2026-07-23 02:23:00+00:00,4115.98,4117.09,4113.95,4115.54,0.0
2026-07-23 02:24:00+00:00,4115.55,4116.84,4115.37,4116.43,0.0
2026-07-23 02:25:00+00:00,4116.42,4116.79,4114.91,4115.51,0.0
2026-07-23 02:26:00+00:00,4115.48,4116.18,4114.33,4116.09,0.0
2026-07-23 02:27:00+00:00,4116.29,4116.55,4115.04,4115.75,0.0
2026-07-23 02:28:00+00:00,4115.67,4117.18,4115.45,4116.2,0.0
2026-07-23 02:29:00+00:00,4116.2,4116.31,4115.86,4116.24,0.0
2026-07-23 02:30:00+00:00,4116.4,4119.35,4115.45,4118.99,0.0
2026-07-23 02:31:00+00:00,4118.98,4119.18,4117.3,4117.61,0.0
2026-07-23 02:32:00+00:00,4117.56,4118.69,4115.29,4115.55,0.0
2026-07-23 02:33:00+00:00,4115.62,4116.7,4114.24,4114.97,0.0
2026-07-23 02:34:00+00:00,4114.96,4117.15,4114.92,4116.76,0.0
2026-07-23 02:35:00+00:00,4116.75,4117.52,4115.18,4115.54,0.0
2026-07-23 02:36:00+00:00,4115.36,4117.26,4115.03,4116.84,0.0
2026-07-23 02:37:00+00:00,4116.9,4117.76,4116.64,4116.64,0.0
2026-07-23 02:38:00+00:00,4116.69,4116.86,4115.81,4116.84,0.0
2026-07-23 02:39:00+00:00,4116.85,4119.03,4116.4,4118.82,0.0
2026-07-23 02:40:00+00:00,4118.83,4119.75,4118.56,4118.67,0.0
2026-07-23 02:41:00+00:00,4118.7,4120.13,4118.1,4119.48,0.0
2026-07-23 02:42:00+00:00,4119.65,4120.14,4119.43,4119.63,0.0
2026-07-23 02:43:00+00:00,4119.47,4121.71,4119.47,4121.36,0.0
2026-07-23 02:44:00+00:00,4121.39,4122.39,4121.31,4122.29,0.0
2026-07-23 02:45:00+00:00,4122.31,4125.44,4122.31,4124.46,0.0
2026-07-23 02:46:00+00:00,4124.37,4125.44,4123.62,4125.22,0.0
2026-07-23 02:47:00+00:00,4125.27,4125.52,4124.73,4125.27,0.0
2026-07-23 02:48:00+00:00,4125.22,4125.24,4123.53,4124.35,0.0
2026-07-23 02:49:00+00:00,4124.39,4124.87,4123.27,4123.27,0.0
2026-07-23 02:50:00+00:00,4122.81,4123.07,4121.49,4122.68,0.0
2026-07-23 02:51:00+00:00,4122.64,4125.79,4122.3,4125.79,0.0
2026-07-23 02:52:00+00:00,4125.83,4126.16,4124.65,4125.13,0.0
2026-07-23 02:53:00+00:00,4125.14,4128.43,4125.14,4126.5,0.0
2026-07-23 02:54:00+00:00,4126.5,4127.03,4125.4,4125.4,0.0
2026-07-23 02:55:00+00:00,4125.51,4126.38,4125.25,4126.38,0.0
2026-07-23 02:56:00+00:00,4126.37,4126.77,4126.15,4126.4,0.0
2026-07-23 02:57:00+00:00,4126.4,4127.59,4126.39,4127.46,0.0
2026-07-23 02:58:00+00:00,4127.43,4128.6,4127.34,4128.12,0.0
2026-07-23 02:59:00+00:00,4128.12,4128.12,4127.36,4128.09,0.0
2026-07-23 03:00:00+00:00,4128.18,4129.03,4127.56,4128.26,0.0
2026-07-23 03:01:00+00:00,4128.3,4128.4,4126.89,4127.28,0.0
2026-07-23 03:02:00+00:00,4127.3,4128.02,4127.15,4127.99,0.0
2026-07-23 03:03:00+00:00,4127.99,4128.39,4126.2,4126.55,0.0
2026-07-23 03:04:00+00:00,4126.52,4127.23,4126.35,4126.55,0.0
2026-07-23 03:05:00+00:00,4126.38,4126.45,4125.2,4125.46,0.0
2026-07-23 03:06:00+00:00,4125.28,4127.61,4125.28,4127.32,0.0
2026-07-23 03:07:00+00:00,4127.15,4127.15,4126.12,4126.68,0.0
2026-07-23 03:08:00+00:00,4126.67,4126.84,4125.7,4125.79,0.0
2026-07-23 03:09:00+00:00,4125.61,4125.97,4124.68,4125.31,0.0
2026-07-23 03:10:00+00:00,4125.16,4126.01,4124.29,4125.32,0.0
2026-07-23 03:11:00+00:00,4125.3,4126.19,4124.89,4126.08,0.0
2026-07-23 03:12:00+00:00,4126.03,4126.03,4124.89,4124.96,0.0
2026-07-23 03:13:00+00:00,4124.97,4125.66,4124.97,4125.61,0.0
2026-07-23 03:14:00+00:00,4125.84,4127.24,4125.33,4127.24,0.0
2026-07-23 03:15:00+00:00,4127.26,4127.72,4126.86,4127.4,0.0
2026-07-23 03:16:00+00:00,4127.43,4129.1,4127.32,4129.06,0.0
2026-07-23 03:17:00+00:00,4128.82,4129.73,4128.82,4129.47,0.0
2026-07-23 03:18:00+00:00,4129.26,4130.74,4129.26,4130.54,0.0
2026-07-23 03:19:00+00:00,4130.49,4131.25,4129.9,4131.24,0.0
2026-07-23 03:20:00+00:00,4131.2,4131.64,4130.76,4131.56,0.0
2026-07-23 03:21:00+00:00,4131.58,4131.98,4131.37,4131.44,0.0
2026-07-23 03:22:00+00:00,4131.42,4132.99,4131.26,4132.83,0.0
2026-07-23 03:23:00+00:00,4132.81,4132.81,4132.28,4132.65,0.0
2026-07-23 03:24:00+00:00,4132.65,4132.95,4131.75,4132.67,0.0
2026-07-23 03:25:00+00:00,4132.75,4132.75,4131.16,4131.21,0.0
2026-07-23 03:26:00+00:00,4131.14,4131.93,4131.14,4131.42,0.0
2026-07-23 03:27:00+00:00,4131.44,4131.44,4130.07,4130.14,0.0
2026-07-23 03:28:00+00:00,4129.89,4130.68,4129.81,4130.49,0.0
2026-07-23 03:29:00+00:00,4130.67,4130.75,4130.34,4130.68,0.0
2026-07-23 03:30:00+00:00,4130.64,4130.64,4128.5,4130.16,0.0
2026-07-23 03:31:00+00:00,4130.11,4130.33,4129.35,4129.35,0.0
2026-07-23 03:32:00+00:00,4129.22,4129.86,4129.22,4129.58,0.0
2026-07-23 03:33:00+00:00,4129.59,4129.97,4129.49,4129.84,0.0
2026-07-23 03:34:00+00:00,4129.76,4130.41,4129.55,4130.3,0.0
2026-07-23 03:35:00+00:00,4130.4,4130.47,4129.9,4130.41,0.0
2026-07-23 03:36:00+00:00,4130.43,4131.13,4129.39,4129.55,0.0
2026-07-23 03:37:00+00:00,4129.51,4129.59,4128.77,4129.03,0.0
2026-07-23 03:38:00+00:00,4129.06,4129.41,4128.88,4129.17,0.0
2026-07-23 03:39:00+00:00,4129.17,4129.55,4128.74,4129.5,0.0
2026-07-23 03:40:00+00:00,4129.52,4129.93,4129.38,4129.66,0.0
2026-07-23 03:41:00+00:00,4129.66,4130.33,4129.13,4129.45,0.0
2026-07-23 03:42:00+00:00,4129.46,4129.64,4126.77,4126.93,0.0
2026-07-23 03:43:00+00:00,4126.91,4127.37,4126.32,4127.08,0.0
2026-07-23 03:44:00+00:00,4127.06,4129.26,4126.66,4128.93,0.0
2026-07-23 03:45:00+00:00,4128.87,4128.87,4127.87,4128.05,0.0
2026-07-23 03:46:00+00:00,4128.04,4128.49,4126.46,4126.55,0.0
2026-07-23 03:47:00+00:00,4126.54,4126.58,4125.67,4125.74,0.0
2026-07-23 03:48:00+00:00,4125.79,4125.88,4125.3,4125.33,0.0
2026-07-23 03:49:00+00:00,4125.34,4125.91,4125.25,4125.65,0.0
2026-07-23 03:50:00+00:00,4125.62,4125.97,4125.27,4125.68,0.0
2026-07-23 03:51:00+00:00,4125.67,4125.8,4125.11,4125.19,0.0
2026-07-23 03:52:00+00:00,4125.19,4125.83,4125.19,4125.81,0.0
2026-07-23 03:53:00+00:00,4125.83,4125.98,4125.49,4125.97,0.0
2026-07-23 03:54:00+00:00,4125.94,4126.21,4125.66,4126.01,0.0
2026-07-23 03:55:00+00:00,4125.9,4126.01,4125.45,4125.64,0.0
2026-07-23 03:56:00+00:00,4125.64,4125.7,4124.46,4124.61,0.0
2026-07-23 03:57:00+00:00,4124.62,4126.24,4124.59,4125.82,0.0
2026-07-23 03:58:00+00:00,4125.83,4125.96,4125.17,4125.17,0.0
2026-07-23 03:59:00+00:00,4125.15,4125.15,4124.26,4124.83,0.0
2026-07-23 04:00:00+00:00,4124.77,4125.16,4124.02,4124.31,0.0
2026-07-23 04:01:00+00:00,4124.24,4124.76,4124.24,4124.64,0.0
2026-07-23 04:02:00+00:00,4124.64,4125.14,4124.19,4124.44,0.0
2026-07-23 04:03:00+00:00,4124.43,4124.54,4123.03,4123.03,0.0
2026-07-23 04:04:00+00:00,4123.08,4123.89,4122.99,4123.73,0.0
2026-07-23 04:05:00+00:00,4123.79,4123.83,4122.68,4123.27,0.0
2026-07-23 04:06:00+00:00,4123.26,4123.42,4122.8,4123.28,0.0
2026-07-23 04:07:00+00:00,4123.4,4124.82,4123.18,4124.82,0.0
2026-07-23 04:08:00+00:00,4124.63,4125.75,4124.62,4125.67,0.0
2026-07-23 04:09:00+00:00,4125.69,4125.71,4124.97,4125.41,0.0
2026-07-23 04:10:00+00:00,4125.41,4125.74,4124.26,4124.69,0.0
2026-07-23 04:11:00+00:00,4124.62,4125.13,4124.17,4124.24,0.0
2026-07-23 04:12:00+00:00,4124.24,4125.41,4124.16,4125.36,0.0
2026-07-23 04:13:00+00:00,4125.38,4127.11,4125.38,4127.11,0.0
2026-07-23 04:14:00+00:00,4127.18,4127.71,4126.91,4127.7,0.0
2026-07-23 04:15:00+00:00,4127.79,4128.41,4127.42,4127.81,0.0
2026-07-23 04:16:00+00:00,4127.81,4128.1,4126.43,4126.43,0.0
2026-07-23 04:17:00+00:00,4126.49,4126.86,4125.43,4125.82,0.0
2026-07-23 04:18:00+00:00,4125.82,4126.06,4125.27,4126.05,0.0
2026-07-23 04:19:00+00:00,4126.04,4126.46,4125.36,4125.49,0.0
2026-07-23 04:20:00+00:00,4125.49,4126.66,4125.49,4126.34,0.0
2026-07-23 04:21:00+00:00,4126.39,4127.72,4126.29,4127.59,0.0
2026-07-23 04:22:00+00:00,4127.69,4129.01,4127.52,4129.01,0.0
2026-07-23 04:23:00+00:00,4129.22,4129.38,4128.5,4128.83,0.0
2026-07-23 04:24:00+00:00,4128.84,4128.92,4127.96,4128.18,0.0
2026-07-23 04:25:00+00:00,4128.2,4129.24,4127.83,4128.76,0.0
2026-07-23 04:26:00+00:00,4128.81,4129.08,4128.4,4128.71,0.0
2026-07-23 04:27:00+00:00,4128.79,4128.9,4128.63,4128.74,0.0
2026-07-23 04:28:00+00:00,4128.74,4128.86,4128.21,4128.3,0.0
2026-07-23 04:29:00+00:00,4128.3,4129.54,4127.43,4129.53,0.0
2026-07-23 04:30:00+00:00,4129.85,4130.36,4127.78,4128.01,0.0
2026-07-23 04:31:00+00:00,4127.97,4128.12,4126.08,4126.25,0.0
2026-07-23 04:32:00+00:00,4126.28,4126.56,4125.83,4126.24,0.0
2026-07-23 04:33:00+00:00,4126.25,4126.85,4126.01,4126.33,0.0
2026-07-23 04:34:00+00:00,4126.28,4127.35,4126.22,4127.05,0.0
2026-07-23 04:35:00+00:00,4127.05,4127.3,4126.65,4127.05,0.0
2026-07-23 04:36:00+00:00,4126.91,4127.43,4126.81,4127.37,0.0
2026-07-23 04:37:00+00:00,4127.35,4127.51,4127.11,4127.3,0.0
2026-07-23 04:38:00+00:00,4127.32,4127.32,4126.63,4127.1,0.0
2026-07-23 04:39:00+00:00,4126.97,4127.15,4125.94,4125.95,0.0
2026-07-23 04:40:00+00:00,4125.95,4125.98,4124.79,4124.83,0.0
2026-07-23 04:41:00+00:00,4124.82,4125.26,4123.81,4123.81,0.0
2026-07-23 04:42:00+00:00,4123.88,4124.11,4123.65,4124.06,0.0
2026-07-23 04:43:00+00:00,4124.07,4124.08,4123.77,4123.94,0.0
2026-07-23 04:44:00+00:00,4123.9,4124.24,4123.28,4123.34,0.0
2026-07-23 04:45:00+00:00,4123.32,4123.41,4121.7,4123.2,0.0
2026-07-23 04:46:00+00:00,4123.21,4123.82,4123.11,4123.52,0.0
2026-07-23 04:47:00+00:00,4123.39,4124.38,4123.28,4124.36,0.0
2026-07-23 04:48:00+00:00,4124.36,4124.36,4122.2,4122.89,0.0
2026-07-23 04:49:00+00:00,4122.91,4122.91,4122.02,4122.02,0.0
2026-07-23 04:50:00+00:00,4121.98,4122.82,4121.98,4122.32,0.0
2026-07-23 04:51:00+00:00,4122.3,4122.45,4121.79,4121.82,0.0
2026-07-23 04:52:00+00:00,4121.82,4122.06,4120.97,4120.98,0.0
2026-07-23 04:53:00+00:00,4120.55,4121.23,4120.5,4121.12,0.0
2026-07-23 04:54:00+00:00,4121.12,4121.62,4120.77,4120.78,0.0
2026-07-23 04:55:00+00:00,4120.83,4121.18,4120.35,4120.4,0.0
2026-07-23 04:56:00+00:00,4120.4,4120.66,4120.18,4120.43,0.0
2026-07-23 04:57:00+00:00,4120.61,4121.21,4120.26,4121.21,0.0
2026-07-23 04:58:00+00:00,4121.19,4121.49,4120.84,4121.34,0.0
2026-07-23 04:59:00+00:00,4121.41,4121.64,4121.16,4121.29,0.0
2026-07-23 05:00:00+00:00,4121.28,4122.69,4121.16,4121.41,0.0
2026-07-23 05:01:00+00:00,4121.37,4122.27,4120.25,4120.67,0.0
2026-07-23 05:02:00+00:00,4120.66,4121.06,4120.21,4120.82,0.0
2026-07-23 05:03:00+00:00,4120.81,4121.0,4119.95,4120.2,0.0
2026-07-23 05:04:00+00:00,4120.13,4120.23,4119.73,4120.23,0.0
2026-07-23 05:05:00+00:00,4120.47,4121.1,4120.47,4120.93,0.0
2026-07-23 05:06:00+00:00,4121.08,4121.58,4120.53,4121.55,0.0
2026-07-23 05:07:00+00:00,4121.54,4123.8,4121.53,4123.39,0.0
2026-07-23 05:08:00+00:00,4123.47,4124.26,4123.26,4123.88,0.0
2026-07-23 05:09:00+00:00,4123.97,4124.39,4123.36,4124.33,0.0
2026-07-23 05:10:00+00:00,4124.32,4124.66,4123.94,4124.04,0.0
2026-07-23 05:11:00+00:00,4124.19,4124.96,4123.96,4124.65,0.0
2026-07-23 05:12:00+00:00,4124.58,4124.82,4123.61,4124.81,0.0
2026-07-23 05:13:00+00:00,4124.7,4124.88,4124.17,4124.55,0.0
2026-07-23 05:14:00+00:00,4124.54,4125.1,4124.54,4124.67,0.0
2026-07-23 05:15:00+00:00,4124.53,4124.53,4122.17,4122.86,0.0
2026-07-23 05:16:00+00:00,4122.85,4122.85,4121.76,4121.99,0.0
2026-07-23 05:17:00+00:00,4122.13,4122.49,4121.75,4122.49,0.0
2026-07-23 05:18:00+00:00,4122.49,4123.28,4121.96,4123.16,0.0
2026-07-23 05:19:00+00:00,4123.1,4123.19,4121.4,4122.17,0.0
2026-07-23 05:20:00+00:00,4122.15,4122.6,4121.86,4122.52,0.0
2026-07-23 05:21:00+00:00,4122.51,4122.52,4122.07,4122.09,0.0
2026-07-23 05:22:00+00:00,4122.09,4122.85,4121.14,4121.28,0.0
2026-07-23 05:23:00+00:00,4121.23,4121.23,4120.21,4120.31,0.0
2026-07-23 05:24:00+00:00,4120.26,4121.67,4120.17,4121.67,0.0
2026-07-23 05:25:00+00:00,4121.56,4122.06,4121.47,4121.47,0.0
2026-07-23 05:26:00+00:00,4121.57,4122.8,4121.54,4122.8,0.0
2026-07-23 05:27:00+00:00,4123.14,4123.56,4122.93,4123.34,0.0
2026-07-23 05:28:00+00:00,4123.35,4123.74,4123.21,4123.28,0.0
2026-07-23 05:29:00+00:00,4123.28,4125.21,4123.28,4125.21,0.0
2026-07-23 05:30:00+00:00,4125.62,4128.34,4124.7,4128.04,0.0
2026-07-23 05:31:00+00:00,4127.9,4128.53,4126.99,4128.17,0.0
2026-07-23 05:32:00+00:00,4128.19,4128.19,4125.01,4125.82,0.0
2026-07-23 05:33:00+00:00,4125.82,4127.53,4125.65,4127.31,0.0
2026-07-23 05:34:00+00:00,4127.3,4127.99,4127.1,4127.84,0.0
2026-07-23 05:35:00+00:00,4127.63,4128.18,4126.5,4127.43,0.0
2026-07-23 05:36:00+00:00,4127.7,4127.92,4127.37,4127.48,0.0
2026-07-23 05:37:00+00:00,4127.42,4128.6,4126.67,4127.31,0.0
2026-07-23 05:38:00+00:00,4127.33,4127.94,4126.92,4126.92,0.0
2026-07-23 05:39:00+00:00,4127.04,4127.5,4126.37,4126.37,0.0
2026-07-23 05:40:00+00:00,4126.39,4126.92,4125.06,4125.79,0.0
2026-07-23 05:41:00+00:00,4125.65,4126.59,4124.82,4126.0,0.0
2026-07-23 05:42:00+00:00,4126.0,4126.25,4125.14,4125.61,0.0
2026-07-23 05:43:00+00:00,4125.66,4126.25,4125.11,4125.58,0.0
2026-07-23 05:44:00+00:00,4125.55,4127.87,4125.55,4127.8,0.0
2026-07-23 05:45:00+00:00,4127.8,4128.58,4127.34,4127.51,0.0
2026-07-23 05:46:00+00:00,4127.81,4129.63,4127.73,4129.63,0.0
2026-07-23 05:47:00+00:00,4129.66,4130.37,4128.94,4129.2,0.0
2026-07-23 05:48:00+00:00,4129.17,4129.17,4126.69,4126.93,0.0
2026-07-23 05:49:00+00:00,4126.92,4127.14,4126.28,4126.77,0.0
2026-07-23 05:50:00+00:00,4126.75,4126.75,4124.29,4124.41,0.0
2026-07-23 05:51:00+00:00,4124.55,4125.14,4124.26,4125.14,0.0
2026-07-23 05:52:00+00:00,4125.44,4127.4,4125.14,4127.3,0.0
2026-07-23 05:53:00+00:00,4127.19,4127.2,4126.28,4126.68,0.0
2026-07-23 05:54:00+00:00,4126.55,4126.92,4125.29,4125.36,0.0
2026-07-23 05:55:00+00:00,4125.37,4125.37,4122.66,4122.98,0.0
2026-07-23 05:56:00+00:00,4122.98,4122.98,4121.28,4121.78,0.0
2026-07-23 05:57:00+00:00,4121.76,4121.76,4120.88,4121.2,0.0
2026-07-23 05:58:00+00:00,4121.28,4122.71,4121.28,4122.56,0.0
2026-07-23 05:59:00+00:00,4122.57,4124.44,4122.5,4124.24,0.0
2026-07-23 06:00:00+00:00,4124.24,4127.64,4124.24,4127.08,0.0
2026-07-23 06:01:00+00:00,4127.14,4128.26,4126.07,4126.57,0.0
2026-07-23 06:02:00+00:00,4126.44,4126.68,4123.68,4124.95,0.0
2026-07-23 06:03:00+00:00,4124.83,4126.27,4124.77,4125.53,0.0
2026-07-23 06:04:00+00:00,4125.79,4125.94,4124.13,4124.13,0.0
2026-07-23 06:05:00+00:00,4124.11,4124.91,4122.5,4123.35,0.0
2026-07-23 06:06:00+00:00,4123.32,4123.51,4122.44,4122.75,0.0
2026-07-23 06:07:00+00:00,4122.76,4122.76,4121.36,4122.2,0.0
2026-07-23 06:08:00+00:00,4122.42,4122.88,4122.07,4122.65,0.0
2026-07-23 06:09:00+00:00,4122.74,4124.17,4122.51,4122.73,0.0
2026-07-23 06:10:00+00:00,4122.6,4124.05,4122.56,4123.97,0.0
2026-07-23 06:11:00+00:00,4123.91,4124.28,4123.43,4124.05,0.0
2026-07-23 06:12:00+00:00,4123.91,4124.41,4122.19,4123.37,0.0
2026-07-23 06:13:00+00:00,4123.39,4123.89,4123.16,4123.76,0.0
2026-07-23 06:14:00+00:00,4123.68,4124.08,4123.09,4123.29,0.0
2026-07-23 06:15:00+00:00,4123.29,4123.77,4122.6,4123.45,0.0
2026-07-23 06:16:00+00:00,4123.38,4124.31,4123.02,4124.15,0.0
2026-07-23 06:17:00+00:00,4124.11,4125.77,4123.76,4125.44,0.0
2026-07-23 06:18:00+00:00,4125.44,4126.72,4125.44,4126.41,0.0
2026-07-23 06:19:00+00:00,4126.25,4127.72,4126.23,4127.04,0.0
2026-07-23 06:20:00+00:00,4127.0,4127.32,4125.48,4125.48,0.0
2026-07-23 06:21:00+00:00,4125.38,4126.2,4125.09,4125.46,0.0
2026-07-23 06:22:00+00:00,4125.53,4125.53,4123.54,4124.3,0.0
2026-07-23 06:23:00+00:00,4124.35,4125.06,4124.08,4124.59,0.0
2026-07-23 06:24:00+00:00,4124.57,4125.22,4124.57,4124.95,0.0
2026-07-23 06:25:00+00:00,4124.95,4124.98,4123.35,4123.35,0.0
2026-07-23 06:26:00+00:00,4123.37,4123.37,4122.53,4123.01,0.0
2026-07-23 06:27:00+00:00,4123.01,4123.88,4121.64,4123.75,0.0
2026-07-23 06:28:00+00:00,4123.72,4123.78,4122.24,4122.24,0.0
2026-07-23 06:29:00+00:00,4122.17,4122.45,4121.45,4122.22,0.0
2026-07-23 06:30:00+00:00,4122.21,4123.13,4121.62,4122.65,0.0
2026-07-23 06:31:00+00:00,4122.77,4123.09,4121.2,4121.27,0.0
2026-07-23 06:32:00+00:00,4121.23,4122.12,4120.73,4121.43,0.0
2026-07-23 06:33:00+00:00,4121.4,4122.05,4121.1,4121.95,0.0
2026-07-23 06:34:00+00:00,4121.94,4122.87,4120.85,4122.56,0.0
2026-07-23 06:35:00+00:00,4122.56,4123.15,4122.35,4122.35,0.0
2026-07-23 06:36:00+00:00,4122.41,4123.23,4122.41,4122.84,0.0
2026-07-23 06:37:00+00:00,4122.86,4123.96,4122.74,4123.36,0.0
2026-07-23 06:38:00+00:00,4123.35,4123.35,4121.73,4122.81,0.0
2026-07-23 06:39:00+00:00,4122.9,4123.06,4120.97,4120.97,0.0
2026-07-23 06:40:00+00:00,4120.99,4120.99,4118.15,4118.15,0.0
2026-07-23 06:41:00+00:00,4118.1,4118.58,4117.04,4118.58,0.0
2026-07-23 06:42:00+00:00,4118.74,4119.59,4118.6,4118.91,0.0
2026-07-23 06:43:00+00:00,4118.85,4120.66,4118.73,4120.64,0.0
2026-07-23 06:44:00+00:00,4120.71,4121.5,4119.92,4119.92,0.0
2026-07-23 06:45:00+00:00,4120.15,4121.95,4119.54,4121.7,0.0
2026-07-23 06:46:00+00:00,4121.58,4121.98,4121.24,4121.71,0.0
2026-07-23 06:47:00+00:00,4121.63,4121.9,4120.77,4120.92,0.0
2026-07-23 06:48:00+00:00,4120.93,4121.4,4120.59,4121.4,0.0
2026-07-23 06:49:00+00:00,4121.76,4122.41,4121.69,4121.91,0.0
2026-07-23 06:50:00+00:00,4121.76,4122.11,4121.43,4122.06,0.0
2026-07-23 06:51:00+00:00,4122.08,4122.09,4121.38,4121.38,0.0
2026-07-23 06:52:00+00:00,4121.21,4121.29,4120.08,4120.9,0.0
2026-07-23 06:53:00+00:00,4120.79,4121.32,4120.44,4121.07,0.0
2026-07-23 06:54:00+00:00,4121.07,4121.24,4119.8,4120.38,0.0
2026-07-23 06:55:00+00:00,4120.37,4120.52,4119.46,4119.74,0.0
2026-07-23 06:56:00+00:00,4119.75,4120.33,4119.46,4119.66,0.0
2026-07-23 06:57:00+00:00,4119.65,4120.07,4119.43,4119.66,0.0
2026-07-23 06:58:00+00:00,4119.68,4119.76,4118.04,4118.25,0.0
2026-07-23 06:59:00+00:00,4118.25,4118.99,4118.2,4118.68,0.0
2026-07-23 07:00:00+00:00,4118.69,4119.48,4116.3,4117.43,0.0
2026-07-23 07:01:00+00:00,4117.48,4117.98,4114.15,4114.44,0.0
2026-07-23 07:02:00+00:00,4114.55,4115.99,4114.35,4115.98,0.0
2026-07-23 07:03:00+00:00,4115.74,4116.32,4115.39,4115.88,0.0
2026-07-23 07:04:00+00:00,4115.91,4116.56,4114.16,4115.24,0.0
2026-07-23 07:05:00+00:00,4115.33,4116.36,4114.99,4115.79,0.0
2026-07-23 07:06:00+00:00,4115.8,4115.87,4113.29,4113.39,0.0
2026-07-23 07:07:00+00:00,4113.37,4113.78,4111.77,4112.32,0.0
2026-07-23 07:08:00+00:00,4112.27,4113.05,4111.64,4112.03,0.0
2026-07-23 07:09:00+00:00,4112.09,4112.19,4109.9,4110.48,0.0
2026-07-23 07:10:00+00:00,4110.51,4110.51,4106.81,4106.87,0.0
2026-07-23 07:11:00+00:00,4106.89,4106.93,4105.3,4105.33,0.0
2026-07-23 07:12:00+00:00,4105.29,4105.46,4102.09,4102.97,0.0
2026-07-23 07:13:00+00:00,4103.05,4104.18,4102.34,4104.11,0.0
2026-07-23 07:14:00+00:00,4103.55,4107.26,4102.95,4107.25,0.0
2026-07-23 07:15:00+00:00,4106.79,4108.5,4106.79,4108.26,0.0
2026-07-23 07:16:00+00:00,4108.11,4111.85,4107.09,4111.85,0.0
2026-07-23 07:17:00+00:00,4111.81,4112.05,4109.56,4110.39,0.0
2026-07-23 07:18:00+00:00,4110.47,4111.37,4108.53,4109.38,0.0
2026-07-23 07:19:00+00:00,4109.89,4111.26,4109.11,4109.54,0.0
2026-07-23 07:20:00+00:00,4109.65,4109.69,4107.95,4108.99,0.0
2026-07-23 07:21:00+00:00,4109.0,4109.71,4108.33,4108.94,0.0
2026-07-23 07:22:00+00:00,4108.99,4109.7,4108.29,4108.77,0.0
2026-07-23 07:23:00+00:00,4108.76,4109.41,4108.2,4109.03,0.0
2026-07-23 07:24:00+00:00,4108.66,4108.73,4105.73,4105.9,0.0
2026-07-23 07:25:00+00:00,4105.88,4109.45,4105.88,4109.2,0.0
2026-07-23 07:26:00+00:00,4109.34,4110.26,4108.66,4110.26,0.0
2026-07-23 07:27:00+00:00,4110.27,4110.65,4109.79,4109.93,0.0
2026-07-23 07:28:00+00:00,4109.69,4109.69,4107.92,4107.94,0.0
2026-07-23 07:29:00+00:00,4107.95,4108.91,4107.95,4108.5,0.0
2026-07-23 07:30:00+00:00,4108.49,4108.81,4103.87,4103.87,0.0
2026-07-23 07:31:00+00:00,4103.85,4104.74,4103.05,4103.47,0.0
2026-07-23 07:32:00+00:00,4103.32,4103.89,4102.32,4103.66,0.0
2026-07-23 07:33:00+00:00,4103.78,4106.6,4103.61,4106.6,0.0
2026-07-23 07:34:00+00:00,4106.63,4106.63,4105.19,4105.4,0.0
2026-07-23 07:35:00+00:00,4105.38,4105.62,4102.32,4103.78,0.0
2026-07-23 07:36:00+00:00,4103.6,4104.87,4103.35,4104.86,0.0
2026-07-23 07:37:00+00:00,4104.78,4104.84,4103.01,4103.4,0.0
2026-07-23 07:38:00+00:00,4103.38,4104.04,4100.69,4101.74,0.0
2026-07-23 07:39:00+00:00,4101.75,4102.04,4099.51,4100.77,0.0
2026-07-23 07:40:00+00:00,4100.76,4101.89,4100.51,4101.14,0.0
2026-07-23 07:41:00+00:00,4101.22,4101.86,4099.7,4099.7,0.0
2026-07-23 07:42:00+00:00,4099.69,4100.01,4094.17,4094.43,0.0
2026-07-23 07:43:00+00:00,4094.4,4096.42,4091.49,4096.38,0.0
2026-07-23 07:44:00+00:00,4096.4,4096.81,4094.85,4095.59,0.0
2026-07-23 07:45:00+00:00,4095.64,4096.88,4094.71,4095.2,0.0
2026-07-23 07:46:00+00:00,4095.27,4095.27,4092.61,4094.58,0.0
2026-07-23 07:47:00+00:00,4094.84,4094.84,4091.52,4092.32,0.0
2026-07-23 07:48:00+00:00,4092.34,4095.33,4092.0,4095.24,0.0
2026-07-23 07:49:00+00:00,4095.34,4095.34,4092.1,4093.14,0.0
2026-07-23 07:50:00+00:00,4093.11,4094.84,4091.68,4094.84,0.0
2026-07-23 07:51:00+00:00,4094.91,4095.2,4093.85,4093.85,0.0
2026-07-23 07:52:00+00:00,4093.53,4094.09,4092.58,4092.88,0.0
2026-07-23 07:53:00+00:00,4092.88,4092.94,4090.44,4091.52,0.0
2026-07-23 07:54:00+00:00,4091.45,4093.98,4091.2,4093.98,0.0
2026-07-23 07:55:00+00:00,4093.73,4096.46,4092.46,4095.86,0.0
2026-07-23 07:56:00+00:00,4095.79,4096.07,4094.51,4095.8,0.0
2026-07-23 07:57:00+00:00,4095.91,4096.87,4094.4,4094.4,0.0
2026-07-23 07:58:00+00:00,4094.3,4095.23,4093.51,4094.22,0.0
2026-07-23 07:59:00+00:00,4094.24,4095.54,4094.24,4095.46,0.0
2026-07-23 08:00:00+00:00,4095.51,4097.26,4092.65,4092.93,0.0
2026-07-23 08:01:00+00:00,4092.68,4092.68,4090.4,4091.06,0.0
2026-07-23 08:02:00+00:00,4090.98,4092.41,4090.98,4092.01,0.0
2026-07-23 08:03:00+00:00,4092.04,4094.64,4091.48,4093.62,0.0
2026-07-23 08:04:00+00:00,4093.44,4093.44,4091.02,4092.7,0.0
2026-07-23 08:05:00+00:00,4092.55,4093.74,4092.55,4093.74,0.0
2026-07-23 08:06:00+00:00,4093.57,4094.0,4093.01,4093.01,0.0
2026-07-23 08:07:00+00:00,4093.18,4095.78,4093.18,4095.56,0.0
2026-07-23 08:08:00+00:00,4095.57,4095.57,4093.84,4094.13,0.0
2026-07-23 08:09:00+00:00,4093.96,4096.19,4093.72,4096.05,0.0
2026-07-23 08:10:00+00:00,4096.09,4097.7,4094.93,4094.93,0.0
2026-07-23 08:11:00+00:00,4094.95,4095.08,4094.08,4094.92,0.0
2026-07-23 08:12:00+00:00,4094.94,4096.01,4094.61,4094.87,0.0
2026-07-23 08:13:00+00:00,4094.72,4094.72,4093.25,4093.3,0.0
2026-07-23 08:14:00+00:00,4093.33,4093.66,4090.43,4091.51,0.0
2026-07-23 08:15:00+00:00,4091.53,4092.5,4091.53,4091.81,0.0
2026-07-23 08:16:00+00:00,4091.8,4092.46,4090.69,4092.23,0.0
2026-07-23 08:17:00+00:00,4092.09,4092.46,4091.53,4092.19,0.0
2026-07-23 08:18:00+00:00,4092.17,4092.22,4090.68,4091.48,0.0
2026-07-23 08:19:00+00:00,4091.58,4091.58,4089.83,4089.88,0.0
2026-07-23 08:20:00+00:00,4089.72,4091.07,4089.72,4090.72,0.0
2026-07-23 08:21:00+00:00,4090.72,4090.72,4088.75,4089.66,0.0
2026-07-23 08:22:00+00:00,4089.49,4091.58,4089.44,4091.19,0.0
2026-07-23 08:23:00+00:00,4091.31,4091.58,4089.79,4090.21,0.0
2026-07-23 08:24:00+00:00,4090.22,4091.24,4089.8,4090.58,0.0
2026-07-23 08:25:00+00:00,4090.72,4090.83,4090.22,4090.49,0.0
2026-07-23 08:26:00+00:00,4090.38,4091.31,4089.15,4091.31,0.0
2026-07-23 08:27:00+00:00,4091.26,4091.33,4090.77,4091.12,0.0
2026-07-23 08:28:00+00:00,4091.23,4092.1,4090.35,4090.45,0.0
2026-07-23 08:29:00+00:00,4090.74,4092.13,4090.48,4091.89,0.0
2026-07-23 08:30:00+00:00,4091.96,4091.96,4090.61,4091.03,0.0
2026-07-23 08:31:00+00:00,4091.05,4091.46,4090.08,4090.94,0.0
2026-07-23 08:32:00+00:00,4090.87,4090.88,4090.18,4090.52,0.0
2026-07-23 08:33:00+00:00,4090.56,4091.94,4090.12,4091.94,0.0
2026-07-23 08:34:00+00:00,4091.94,4093.44,4091.49,4092.77,0.0
2026-07-23 08:35:00+00:00,4092.78,4093.74,4091.53,4091.91,0.0
2026-07-23 08:36:00+00:00,4091.66,4092.98,4091.55,4092.77,0.0
2026-07-23 08:37:00+00:00,4092.79,4092.99,4091.2,4091.45,0.0
2026-07-23 08:38:00+00:00,4091.44,4092.2,4091.02,4092.2,0.0
2026-07-23 08:39:00+00:00,4092.32,4092.74,4091.87,4092.18,0.0
2026-07-23 08:40:00+00:00,4092.13,4092.3,4090.76,4090.76,0.0
2026-07-23 08:41:00+00:00,4090.52,4091.45,4089.29,4089.31,0.0
2026-07-23 08:42:00+00:00,4089.3,4090.85,4088.91,4090.85,0.0
2026-07-23 08:43:00+00:00,4090.91,4092.61,4090.91,4091.44,0.0
2026-07-23 08:44:00+00:00,4091.43,4092.68,4090.95,4092.68,0.0
2026-07-23 08:45:00+00:00,4092.48,4092.48,4091.07,4091.28,0.0
2026-07-23 08:46:00+00:00,4091.24,4091.73,4090.85,4091.34,0.0
2026-07-23 08:47:00+00:00,4091.44,4091.48,4089.77,4089.77,0.0
2026-07-23 08:48:00+00:00,4089.61,4089.72,4087.18,4088.85,0.0
2026-07-23 08:49:00+00:00,4089.05,4090.91,4089.05,4089.58,0.0
2026-07-23 08:50:00+00:00,4089.62,4090.49,4088.37,4090.3,0.0
2026-07-23 08:51:00+00:00,4090.31,4090.9,4089.83,4090.43,0.0
2026-07-23 08:52:00+00:00,4090.57,4090.58,4088.88,4088.88,0.0
2026-07-23 08:53:00+00:00,4088.85,4090.99,4088.8,4090.84,0.0
2026-07-23 08:54:00+00:00,4090.83,4092.81,4090.58,4092.72,0.0
2026-07-23 08:55:00+00:00,4092.96,4093.5,4092.79,4093.5,0.0
2026-07-23 08:56:00+00:00,4093.52,4094.22,4092.9,4094.22,0.0
2026-07-23 08:57:00+00:00,4094.32,4094.59,4093.7,4094.44,0.0
2026-07-23 08:58:00+00:00,4094.45,4094.9,4093.51,4093.65,0.0
2026-07-23 08:59:00+00:00,4093.58,4094.01,4093.39,4093.39,0.0
2026-07-23 09:00:00+00:00,4093.51,4094.18,4092.88,4093.15,0.0
2026-07-23 09:01:00+00:00,4093.26,4095.5,4093.26,4095.19,0.0
2026-07-23 09:02:00+00:00,4095.2,4096.49,4094.73,4095.96,0.0
2026-07-23 09:03:00+00:00,4095.96,4098.96,4095.47,4097.75,0.0
2026-07-23 09:04:00+00:00,4097.77,4099.44,4097.28,4099.39,0.0
2026-07-23 09:05:00+00:00,4099.27,4099.27,4097.74,4098.37,0.0
2026-07-23 09:06:00+00:00,4098.41,4098.63,4097.39,4097.83,0.0
2026-07-23 09:07:00+00:00,4097.83,4098.39,4096.85,4097.42,0.0
2026-07-23 09:08:00+00:00,4097.45,4098.1,4097.01,4097.75,0.0
2026-07-23 09:09:00+00:00,4097.72,4098.12,4096.93,4097.11,0.0
2026-07-23 09:10:00+00:00,4097.16,4098.12,4097.04,4098.07,0.0
2026-07-23 09:11:00+00:00,4098.16,4098.71,4098.16,4098.27,0.0
2026-07-23 09:12:00+00:00,4098.34,4098.34,4097.21,4097.24,0.0
2026-07-23 09:13:00+00:00,4097.24,4098.08,4096.96,4097.73,0.0
2026-07-23 09:14:00+00:00,4097.48,4097.84,4095.1,4095.21,0.0
2026-07-23 09:15:00+00:00,4095.01,4095.73,4094.88,4095.65,0.0
2026-07-23 09:16:00+00:00,4095.73,4095.73,4094.66,4095.25,0.0
2026-07-23 09:17:00+00:00,4095.24,4095.98,4094.28,4095.91,0.0
2026-07-23 09:18:00+00:00,4095.95,4096.17,4095.03,4095.07,0.0
2026-07-23 09:19:00+00:00,4095.01,4097.1,4094.75,4096.96,0.0
2026-07-23 09:20:00+00:00,4096.97,4096.97,4094.45,4094.81,0.0
2026-07-23 09:21:00+00:00,4094.81,4095.21,4094.02,4094.08,0.0
2026-07-23 09:22:00+00:00,4094.07,4094.92,4093.95,4093.95,0.0
2026-07-23 09:23:00+00:00,4093.93,4094.3,4093.42,4093.81,0.0
2026-07-23 09:24:00+00:00,4093.81,4094.86,4093.2,4093.35,0.0
2026-07-23 09:25:00+00:00,4093.51,4094.28,4091.98,4092.43,0.0
2026-07-23 09:26:00+00:00,4092.43,4092.45,4090.68,4090.7,0.0
2026-07-23 09:27:00+00:00,4090.43,4090.76,4089.54,4090.28,0.0
2026-07-23 09:28:00+00:00,4090.27,4091.9,4090.27,4091.46,0.0
2026-07-23 09:29:00+00:00,4091.45,4091.76,4090.12,4091.48,0.0
2026-07-23 09:30:00+00:00,4091.53,4091.63,4089.37,4089.89,0.0
2026-07-23 09:31:00+00:00,4089.98,4090.07,4088.84,4088.84,0.0
2026-07-23 09:32:00+00:00,4088.92,4089.69,4088.86,4089.56,0.0
2026-07-23 09:33:00+00:00,4089.75,4091.91,4089.6,4090.91,0.0
2026-07-23 09:34:00+00:00,4090.89,4092.34,4090.14,4092.18,0.0
2026-07-23 09:35:00+00:00,4092.15,4092.19,4091.36,4091.77,0.0
2026-07-23 09:36:00+00:00,4091.77,4092.76,4091.6,4092.36,0.0
2026-07-23 09:37:00+00:00,4092.26,4092.49,4090.92,4090.92,0.0
2026-07-23 09:38:00+00:00,4090.9,4092.03,4090.81,4091.75,0.0
2026-07-23 09:39:00+00:00,4091.76,4092.07,4091.28,4092.06,0.0
2026-07-23 09:40:00+00:00,4092.04,4092.04,4090.98,4091.11,0.0
2026-07-23 09:41:00+00:00,4091.21,4091.82,4090.55,4091.81,0.0
2026-07-23 09:42:00+00:00,4091.79,4092.0,4091.47,4091.97,0.0
2026-07-23 09:43:00+00:00,4092.29,4092.83,4092.16,4092.24,0.0
2026-07-23 09:44:00+00:00,4092.24,4092.83,4091.72,4091.95,0.0
2026-07-23 09:45:00+00:00,4091.95,4094.25,4091.95,4094.03,0.0
2026-07-23 09:46:00+00:00,4094.05,4094.05,4092.08,4092.51,0.0
2026-07-23 09:47:00+00:00,4092.46,4092.78,4092.06,4092.06,0.0
2026-07-23 09:48:00+00:00,4092.06,4093.27,4091.75,4093.05,0.0
2026-07-23 09:49:00+00:00,4093.04,4093.91,4093.04,4093.46,0.0
2026-07-23 09:50:00+00:00,4093.47,4093.47,4092.02,4092.66,0.0
2026-07-23 09:51:00+00:00,4092.67,4092.67,4090.94,4091.02,0.0
2026-07-23 09:52:00+00:00,4091.02,4091.71,4090.06,4091.71,0.0
2026-07-23 09:53:00+00:00,4091.8,4093.35,4091.8,4093.06,0.0
2026-07-23 09:54:00+00:00,4093.05,4093.96,4092.7,4092.98,0.0
2026-07-23 09:55:00+00:00,4092.96,4093.09,4091.79,4092.18,0.0
2026-07-23 09:56:00+00:00,4092.19,4092.22,4091.42,4091.45,0.0
2026-07-23 09:57:00+00:00,4091.28,4091.72,4089.37,4089.54,0.0
2026-07-23 09:58:00+00:00,4089.6,4089.99,4088.68,4088.88,0.0
2026-07-23 09:59:00+00:00,4088.95,4089.95,4088.59,4089.95,0.0
2026-07-23 10:00:00+00:00,4089.97,4090.88,4089.01,4089.49,0.0
2026-07-23 10:01:00+00:00,4089.49,4090.8,4088.2,4090.46,0.0
2026-07-23 10:02:00+00:00,4090.47,4091.66,4090.34,4090.77,0.0
2026-07-23 10:03:00+00:00,4090.78,4091.18,4090.53,4090.53,0.0
2026-07-23 10:04:00+00:00,4090.63,4091.1,4089.96,4090.76,0.0
2026-07-23 10:05:00+00:00,4090.76,4091.1,4090.43,4090.88,0.0
2026-07-23 10:06:00+00:00,4090.71,4091.2,4088.78,4090.43,0.0
2026-07-23 10:07:00+00:00,4090.45,4091.33,4089.9,4090.93,0.0
2026-07-23 10:08:00+00:00,4090.85,4091.21,4089.21,4089.29,0.0
2026-07-23 10:09:00+00:00,4089.26,4089.26,4088.11,4089.09,0.0
2026-07-23 10:10:00+00:00,4089.08,4089.52,4088.36,4088.79,0.0
2026-07-23 10:11:00+00:00,4088.8,4089.83,4088.8,4089.5,0.0
2026-07-23 10:12:00+00:00,4089.47,4091.31,4089.4,4091.24,0.0
2026-07-23 10:13:00+00:00,4091.26,4091.45,4090.13,4090.13,0.0
2026-07-23 10:14:00+00:00,4089.88,4091.32,4089.86,4090.94,0.0
2026-07-23 10:15:00+00:00,4090.95,4091.46,4090.41,4090.97,0.0
2026-07-23 10:16:00+00:00,4090.97,4092.43,4090.44,4091.65,0.0
2026-07-23 10:17:00+00:00,4091.09,4091.75,4090.98,4091.53,0.0
2026-07-23 10:18:00+00:00,4091.53,4092.27,4091.01,4092.11,0.0
2026-07-23 10:19:00+00:00,4092.12,4092.12,4088.84,4088.84,0.0
2026-07-23 10:20:00+00:00,4088.86,4089.21,4088.28,4088.68,0.0
2026-07-23 10:21:00+00:00,4088.46,4088.65,4086.32,4087.67,0.0
2026-07-23 10:22:00+00:00,4087.69,4088.28,4087.53,4087.53,0.0
2026-07-23 10:23:00+00:00,4087.53,4088.19,4086.54,4086.81,0.0
2026-07-23 10:24:00+00:00,4086.82,4087.45,4086.59,4087.45,0.0
2026-07-23 10:25:00+00:00,4087.73,4088.95,4087.49,4088.87,0.0
2026-07-23 10:26:00+00:00,4088.88,4089.25,4088.26,4088.48,0.0
2026-07-23 10:27:00+00:00,4088.47,4089.43,4088.4,4088.41,0.0
2026-07-23 10:28:00+00:00,4088.56,4088.96,4088.35,4088.88,0.0
2026-07-23 10:29:00+00:00,4088.84,4090.45,4088.69,4089.95,0.0
2026-07-23 10:30:00+00:00,4089.91,4092.79,4089.3,4091.62,0.0
2026-07-23 10:31:00+00:00,4091.77,4092.47,4091.63,4091.71,0.0
2026-07-23 10:32:00+00:00,4091.67,4091.95,4089.44,4089.44,0.0
2026-07-23 10:33:00+00:00,4089.34,4090.43,4089.22,4089.75,0.0
2026-07-23 10:34:00+00:00,4089.75,4089.75,4086.73,4087.24,0.0
2026-07-23 10:35:00+00:00,4087.35,4088.1,4086.88,4088.04,0.0
2026-07-23 10:36:00+00:00,4088.78,4089.94,4088.41,4088.82,0.0
2026-07-23 10:37:00+00:00,4088.83,4090.18,4088.66,4090.1,0.0
2026-07-23 10:38:00+00:00,4090.04,4090.27,4089.14,4089.31,0.0
2026-07-23 10:39:00+00:00,4089.31,4090.09,4089.2,4090.03,0.0
2026-07-23 10:40:00+00:00,4090.03,4090.03,4087.54,4088.32,0.0
2026-07-23 10:41:00+00:00,4088.44,4089.0,4087.87,4088.25,0.0
2026-07-23 10:42:00+00:00,4088.31,4089.7,4088.26,4089.16,0.0
2026-07-23 10:43:00+00:00,4089.06,4089.29,4088.66,4088.69,0.0
2026-07-23 10:44:00+00:00,4088.66,4089.61,4088.45,4089.49,0.0
2026-07-23 10:45:00+00:00,4089.49,4089.51,4087.76,4087.78,0.0
2026-07-23 10:46:00+00:00,4087.77,4088.0,4087.4,4087.62,0.0
2026-07-23 10:47:00+00:00,4087.77,4089.85,4087.69,4089.85,0.0
2026-07-23 10:48:00+00:00,4089.85,4091.6,4089.57,4091.01,0.0
2026-07-23 10:49:00+00:00,4090.99,4093.59,4090.97,4093.44,0.0
2026-07-23 10:50:00+00:00,4093.48,4093.82,4092.92,4093.32,0.0
2026-07-23 10:51:00+00:00,4093.29,4093.99,4092.69,4092.7,0.0
2026-07-23 10:52:00+00:00,4092.92,4094.06,4092.73,4094.01,0.0
2026-07-23 10:53:00+00:00,4094.03,4094.03,4091.84,4092.05,0.0
2026-07-23 10:54:00+00:00,4092.01,4094.32,4091.99,4094.15,0.0
2026-07-23 10:55:00+00:00,4094.07,4094.83,4093.98,4094.06,0.0
2026-07-23 10:56:00+00:00,4094.07,4095.32,4094.05,4094.37,0.0
2026-07-23 10:57:00+00:00,4094.38,4094.42,4092.21,4092.21,0.0
2026-07-23 10:58:00+00:00,4092.19,4093.43,4092.19,4092.98,0.0
2026-07-23 10:59:00+00:00,4092.98,4093.46,4092.27,4093.46,0.0
2026-07-23 11:00:00+00:00,4093.3,4093.85,4092.17,4092.63,0.0
2026-07-23 11:01:00+00:00,4092.59,4093.2,4091.91,4092.02,0.0
2026-07-23 11:02:00+00:00,4091.89,4092.97,4091.64,4092.78,0.0
2026-07-23 11:03:00+00:00,4092.81,4092.88,4092.01,4092.01,0.0
2026-07-23 11:04:00+00:00,4091.8,4091.8,4090.88,4091.77,0.0
2026-07-23 11:05:00+00:00,4092.09,4092.26,4090.63,4091.42,0.0
2026-07-23 11:06:00+00:00,4091.28,4091.28,4089.28,4089.52,0.0
2026-07-23 11:07:00+00:00,4089.6,4091.5,4089.18,4090.22,0.0
2026-07-23 11:08:00+00:00,4090.29,4091.38,4089.89,4090.94,0.0
2026-07-23 11:09:00+00:00,4090.92,4091.05,4088.56,4088.85,0.0
2026-07-23 11:10:00+00:00,4088.77,4089.01,4087.99,4088.23,0.0
2026-07-23 11:11:00+00:00,4088.25,4088.98,4087.34,4088.68,0.0
2026-07-23 11:12:00+00:00,4088.84,4089.56,4088.17,4088.17,0.0
2026-07-23 11:13:00+00:00,4088.19,4088.49,4087.17,4087.56,0.0
2026-07-23 11:14:00+00:00,4087.24,4088.36,4087.23,4087.75,0.0
2026-07-23 11:15:00+00:00,4087.83,4089.32,4086.09,4086.18,0.0
2026-07-23 11:16:00+00:00,4086.25,4086.91,4085.25,4086.91,0.0
2026-07-23 11:17:00+00:00,4086.9,4086.9,4084.61,4085.27,0.0
2026-07-23 11:18:00+00:00,4085.28,4087.22,4084.87,4087.22,0.0
2026-07-23 11:19:00+00:00,4087.22,4087.32,4085.47,4085.95,0.0
2026-07-23 11:20:00+00:00,4085.81,4085.9,4084.11,4085.21,0.0
2026-07-23 11:21:00+00:00,4085.2,4086.84,4085.16,4086.66,0.0
2026-07-23 11:22:00+00:00,4086.61,4086.61,4084.26,4084.26,0.0
2026-07-23 11:23:00+00:00,4084.34,4084.42,4081.74,4081.74,0.0
2026-07-23 11:24:00+00:00,4081.8,4084.21,4081.27,4084.21,0.0
2026-07-23 11:25:00+00:00,4084.12,4085.0,4083.49,4084.76,0.0
2026-07-23 11:26:00+00:00,4084.77,4085.08,4084.09,4084.23,0.0
2026-07-23 11:27:00+00:00,4084.29,4084.67,4082.4,4082.51,0.0
2026-07-23 11:28:00+00:00,4082.61,4083.41,4082.15,4082.67,0.0
2026-07-23 11:29:00+00:00,4082.52,4084.56,4081.79,4084.48,0.0
2026-07-23 11:30:00+00:00,4084.5,4084.5,4082.74,4082.74,0.0
2026-07-23 11:31:00+00:00,4082.64,4083.79,4081.5,4081.6,0.0
2026-07-23 11:32:00+00:00,4081.38,4082.22,4079.75,4080.19,0.0
2026-07-23 11:33:00+00:00,4080.2,4082.27,4080.15,4080.37,0.0
2026-07-23 11:34:00+00:00,4080.41,4081.08,4080.03,4080.9,0.0
2026-07-23 11:35:00+00:00,4080.9,4080.9,4079.48,4079.83,0.0
2026-07-23 11:36:00+00:00,4079.85,4082.3,4079.85,4081.7,0.0
2026-07-23 11:37:00+00:00,4081.68,4082.65,4081.28,4081.81,0.0
2026-07-23 11:38:00+00:00,4081.95,4083.36,4080.47,4080.48,0.0
2026-07-23 11:39:00+00:00,4080.6,4081.52,4079.58,4079.58,0.0
2026-07-23 11:40:00+00:00,4079.46,4079.62,4075.89,4076.18,0.0
2026-07-23 11:41:00+00:00,4076.08,4076.26,4073.89,4074.97,0.0
2026-07-23 11:42:00+00:00,4075.07,4078.7,4075.07,4077.97,0.0
2026-07-23 11:43:00+00:00,4077.98,4078.28,4076.32,4076.48,0.0
2026-07-23 11:44:00+00:00,4076.7,4078.96,4076.7,4078.85,0.0
2026-07-23 11:45:00+00:00,4078.81,4081.78,4078.07,4081.05,0.0
2026-07-23 11:46:00+00:00,4081.07,4081.36,4079.57,4080.59,0.0
2026-07-23 11:47:00+00:00,4080.52,4081.12,4079.4,4081.06,0.0
2026-07-23 11:48:00+00:00,4081.06,4081.51,4080.5,4081.51,0.0
2026-07-23 11:49:00+00:00,4081.6,4082.21,4081.21,4081.69,0.0
2026-07-23 11:50:00+00:00,4081.9,4083.42,4081.9,4083.26,0.0
2026-07-23 11:51:00+00:00,4083.33,4084.23,4083.33,4084.16,0.0
2026-07-23 11:52:00+00:00,4084.15,4088.76,4083.66,4085.49,0.0
2026-07-23 11:53:00+00:00,4085.75,4086.11,4084.29,4084.41,0.0
2026-07-23 11:54:00+00:00,4084.52,4085.43,4084.26,4084.73,0.0
2026-07-23 11:55:00+00:00,4084.69,4084.74,4083.8,4083.81,0.0
2026-07-23 11:56:00+00:00,4083.71,4084.45,4083.68,4084.12,0.0
2026-07-23 11:57:00+00:00,4084.14,4084.53,4083.18,4083.57,0.0
2026-07-23 11:58:00+00:00,4083.62,4085.8,4083.62,4085.7,0.0
2026-07-23 11:59:00+00:00,4085.68,4086.35,4085.6,4085.83,0.0
2026-07-23 12:00:00+00:00,4085.77,4085.77,4083.42,4083.48,0.0
2026-07-23 12:01:00+00:00,4083.56,4083.77,4082.45,4082.53,0.0
2026-07-23 12:02:00+00:00,4082.73,4083.33,4082.36,4082.87,0.0
2026-07-23 12:03:00+00:00,4082.87,4083.24,4082.59,4082.65,0.0
2026-07-23 12:04:00+00:00,4082.63,4083.44,4082.48,4083.44,0.0
2026-07-23 12:05:00+00:00,4083.44,4085.51,4083.13,4083.85,0.0
2026-07-23 12:06:00+00:00,4083.8,4084.12,4082.51,4082.54,0.0
2026-07-23 12:07:00+00:00,4082.46,4083.36,4082.31,4083.28,0.0
2026-07-23 12:08:00+00:00,4083.3,4084.31,4083.05,4083.67,0.0
2026-07-23 12:09:00+00:00,4083.55,4084.25,4083.29,4083.29,0.0
2026-07-23 12:10:00+00:00,4083.3,4085.26,4083.3,4085.24,0.0
2026-07-23 12:11:00+00:00,4085.24,4085.43,4084.35,4085.3,0.0
2026-07-23 12:12:00+00:00,4085.3,4085.3,4083.06,4083.55,0.0
2026-07-23 12:13:00+00:00,4083.47,4083.77,4082.1,4082.16,0.0
2026-07-23 12:14:00+00:00,4082.2,4082.2,4081.38,4081.55,0.0
2026-07-23 12:15:00+00:00,4081.58,4082.65,4079.82,4080.15,0.0
2026-07-23 12:16:00+00:00,4080.02,4080.92,4073.7,4075.19,0.0
2026-07-23 12:17:00+00:00,4076.77,4078.19,4075.55,4075.96,0.0
2026-07-23 12:18:00+00:00,4075.89,4076.59,4074.83,4076.26,0.0
2026-07-23 12:19:00+00:00,4076.38,4078.89,4076.38,4078.12,0.0
2026-07-23 12:20:00+00:00,4077.99,4077.99,4073.57,4074.75,0.0
2026-07-23 12:21:00+00:00,4074.9,4078.38,4074.9,4077.58,0.0
2026-07-23 12:22:00+00:00,4077.68,4077.71,4075.99,4077.52,0.0
2026-07-23 12:23:00+00:00,4077.31,4077.37,4075.49,4076.53,0.0
2026-07-23 12:24:00+00:00,4076.41,4076.41,4070.63,4072.02,0.0
2026-07-23 12:25:00+00:00,4071.84,4073.55,4071.33,4073.15,0.0
2026-07-23 12:26:00+00:00,4073.93,4074.68,4073.09,4073.77,0.0
2026-07-23 12:27:00+00:00,4074.08,4077.36,4074.08,4076.42,0.0
2026-07-23 12:28:00+00:00,4076.57,4076.69,4075.5,4075.71,0.0
2026-07-23 12:29:00+00:00,4075.37,4076.64,4074.68,4075.12,0.0
2026-07-23 12:30:00+00:00,4075.21,4075.21,4070.16,4071.38,0.0
2026-07-23 12:31:00+00:00,4071.31,4071.31,4068.02,4070.0,0.0
2026-07-23 12:32:00+00:00,4069.73,4072.53,4069.73,4071.52,0.0
2026-07-23 12:33:00+00:00,4070.78,4072.81,4069.15,4072.44,0.0
2026-07-23 12:34:00+00:00,4072.58,4075.1,4071.9,4075.1,0.0
2026-07-23 12:35:00+00:00,4074.91,4074.91,4072.16,4073.23,0.0
2026-07-23 12:36:00+00:00,4073.19,4073.19,4067.11,4067.41,0.0
2026-07-23 12:37:00+00:00,4067.45,4067.75,4064.75,4065.7,0.0
2026-07-23 12:38:00+00:00,4066.33,4070.1,4066.33,4069.46,0.0
2026-07-23 12:39:00+00:00,4069.45,4073.56,4069.09,4073.39,0.0
2026-07-23 12:40:00+00:00,4073.4,4073.4,4070.7,4072.0,0.0
2026-07-23 12:41:00+00:00,4072.08,4072.59,4071.11,4071.73,0.0
2026-07-23 12:42:00+00:00,4071.52,4071.52,4067.13,4067.13,0.0
2026-07-23 12:43:00+00:00,4067.24,4069.1,4066.56,4069.1,0.0
2026-07-23 12:44:00+00:00,4069.33,4071.85,4068.72,4068.95,0.0
2026-07-23 12:45:00+00:00,4069.11,4069.31,4064.79,4065.57,0.0
2026-07-23 12:46:00+00:00,4065.54,4067.27,4063.71,4067.1,0.0
2026-07-23 12:47:00+00:00,4067.15,4067.44,4065.9,4066.27,0.0
2026-07-23 12:48:00+00:00,4066.1,4066.35,4063.15,4063.46,0.0
2026-07-23 12:49:00+00:00,4063.5,4066.16,4063.45,4066.16,0.0
2026-07-23 12:50:00+00:00,4066.06,4067.01,4064.59,4065.13,0.0
2026-07-23 12:51:00+00:00,4065.25,4068.14,4065.24,4067.85,0.0
2026-07-23 12:52:00+00:00,4067.76,4067.76,4064.34,4064.93,0.0
2026-07-23 12:53:00+00:00,4064.81,4066.75,4064.81,4066.51,0.0
2026-07-23 12:54:00+00:00,4066.37,4066.37,4062.31,4064.17,0.0
2026-07-23 12:55:00+00:00,4064.17,4064.24,4063.16,4063.6,0.0
2026-07-23 12:56:00+00:00,4063.58,4065.72,4063.33,4065.71,0.0
2026-07-23 12:57:00+00:00,4065.84,4066.8,4064.78,4065.81,0.0
2026-07-23 12:58:00+00:00,4065.94,4066.4,4064.46,4065.34,0.0
2026-07-23 12:59:00+00:00,4065.45,4065.45,4061.18,4062.17,0.0
2026-07-23 13:00:00+00:00,4061.9,4063.41,4060.88,4062.27,0.0
2026-07-23 13:01:00+00:00,4062.16,4062.16,4054.87,4055.83,0.0
2026-07-23 13:02:00+00:00,4055.9,4060.34,4055.9,4058.37,0.0
2026-07-23 13:03:00+00:00,4058.46,4058.66,4054.91,4056.1,0.0
2026-07-23 13:04:00+00:00,4056.37,4057.13,4054.96,4056.5,0.0
2026-07-23 13:05:00+00:00,4055.8,4057.12,4052.75,4053.09,0.0
2026-07-23 13:06:00+00:00,4053.06,4053.91,4046.91,4048.02,0.0
2026-07-23 13:07:00+00:00,4048.19,4049.19,4046.25,4049.01,0.0
2026-07-23 13:08:00+00:00,4049.31,4049.87,4044.97,4046.46,0.0
2026-07-23 13:09:00+00:00,4046.46,4049.05,4045.94,4047.13,0.0
2026-07-23 13:10:00+00:00,4047.11,4047.4,4040.96,4041.0,0.0
2026-07-23 13:11:00+00:00,4040.91,4044.41,4040.91,4044.04,0.0
2026-07-23 13:12:00+00:00,4044.12,4044.89,4041.87,4044.39,0.0
2026-07-23 13:13:00+00:00,4044.01,4044.52,4041.36,4043.41,0.0
2026-07-23 13:14:00+00:00,4043.31,4043.31,4041.06,4041.4,0.0
2026-07-23 13:15:00+00:00,4041.0,4043.62,4041.0,4041.31,0.0
2026-07-23 13:16:00+00:00,4042.01,4042.94,4040.97,4042.86,0.0
2026-07-23 13:17:00+00:00,4043.46,4045.79,4041.46,4045.79,0.0
2026-07-23 13:18:00+00:00,4045.77,4046.38,4044.62,4046.3,0.0
2026-07-23 13:19:00+00:00,4046.56,4049.59,4046.56,4049.15,0.0
2026-07-23 13:20:00+00:00,4049.07,4052.13,4048.97,4051.22,0.0
2026-07-23 13:21:00+00:00,4051.01,4052.62,4050.24,4052.17,0.0
2026-07-23 13:22:00+00:00,4052.33,4053.22,4051.08,4052.49,0.0
2026-07-23 13:23:00+00:00,4052.4,4054.11,4052.28,4054.11,0.0
2026-07-23 13:24:00+00:00,4054.19,4054.23,4051.78,4051.79,0.0
2026-07-23 13:25:00+00:00,4051.72,4053.99,4051.72,4053.76,0.0
2026-07-23 13:26:00+00:00,4053.74,4054.13,4052.05,4053.78,0.0
2026-07-23 13:27:00+00:00,4053.73,4054.66,4052.87,4054.53,0.0
2026-07-23 13:28:00+00:00,4054.6,4058.19,4054.6,4057.53,0.0
2026-07-23 13:29:00+00:00,4057.47,4058.99,4055.92,4058.99,0.0
2026-07-23 13:30:00+00:00,4058.77,4062.92,4058.75,4060.88,0.0
2026-07-23 13:31:00+00:00,4061.12,4062.83,4060.18,4062.83,0.0
2026-07-23 13:32:00+00:00,4062.99,4066.1,4061.57,4065.98,0.0
2026-07-23 13:33:00+00:00,4065.76,4067.08,4064.3,4066.33,0.0
2026-07-23 13:34:00+00:00,4066.2,4067.06,4062.36,4063.55,0.0
2026-07-23 13:35:00+00:00,4063.45,4064.51,4062.57,4062.71,0.0
2026-07-23 13:36:00+00:00,4062.78,4062.78,4059.7,4059.99,0.0
2026-07-23 13:37:00+00:00,4060.04,4061.5,4059.51,4059.98,0.0
2026-07-23 13:38:00+00:00,4059.93,4061.26,4057.89,4058.28,0.0
2026-07-23 13:39:00+00:00,4058.26,4058.61,4055.64,4056.78,0.0
2026-07-23 13:40:00+00:00,4056.74,4057.26,4055.65,4056.02,0.0
2026-07-23 13:41:00+00:00,4056.0,4059.14,4055.95,4059.14,0.0
2026-07-23 13:42:00+00:00,4059.1,4061.11,4057.87,4061.05,0.0
2026-07-23 13:43:00+00:00,4061.02,4062.17,4060.2,4061.04,0.0
2026-07-23 13:44:00+00:00,4061.03,4061.47,4056.27,4056.59,0.0
2026-07-23 13:45:00+00:00,4056.32,4056.89,4053.92,4055.13,0.0
2026-07-23 13:46:00+00:00,4055.37,4056.81,4053.38,4054.67,0.0
2026-07-23 13:47:00+00:00,4054.4,4054.9,4053.21,4054.66,0.0
2026-07-23 13:48:00+00:00,4054.71,4055.07,4050.1,4050.85,0.0
2026-07-23 13:49:00+00:00,4050.58,4052.59,4050.43,4052.59,0.0
2026-07-23 13:50:00+00:00,4052.81,4055.26,4052.01,4054.28,0.0
2026-07-23 13:51:00+00:00,4054.3,4054.82,4053.15,4054.5,0.0
2026-07-23 13:52:00+00:00,4054.46,4055.12,4052.16,4055.03,0.0
2026-07-23 13:53:00+00:00,4055.06,4058.02,4053.9,4058.02,0.0
2026-07-23 13:54:00+00:00,4057.96,4058.96,4055.14,4056.37,0.0
2026-07-23 13:55:00+00:00,4056.37,4057.5,4054.35,4055.1,0.0
2026-07-23 13:56:00+00:00,4054.93,4056.47,4052.08,4052.08,0.0
2026-07-23 13:57:00+00:00,4052.03,4052.11,4047.23,4047.42,0.0
2026-07-23 13:58:00+00:00,4047.24,4047.72,4045.55,4046.35,0.0
2026-07-23 13:59:00+00:00,4046.44,4047.35,4043.02,4043.23,0.0
2026-07-23 14:00:00+00:00,4043.38,4050.68,4043.38,4050.13,0.0
2026-07-23 14:01:00+00:00,4050.47,4050.7,4047.36,4047.57,0.0
2026-07-23 14:02:00+00:00,4047.24,4049.23,4045.29,4045.47,0.0
2026-07-23 14:03:00+00:00,4045.37,4046.31,4043.75,4045.02,0.0
2026-07-23 14:04:00+00:00,4045.03,4045.5,4043.07,4043.91,0.0
2026-07-23 14:05:00+00:00,4044.01,4045.94,4042.5,4045.94,0.0
2026-07-23 14:06:00+00:00,4045.85,4045.9,4043.57,4044.9,0.0
2026-07-23 14:07:00+00:00,4044.83,4045.93,4041.1,4042.85,0.0
2026-07-23 14:08:00+00:00,4043.02,4043.02,4040.37,4040.55,0.0
2026-07-23 14:09:00+00:00,4040.47,4045.62,4040.42,4045.62,0.0
2026-07-23 14:10:00+00:00,4045.75,4047.66,4043.21,4043.69,0.0
2026-07-23 14:11:00+00:00,4043.33,4046.4,4042.05,4046.4,0.0
2026-07-23 14:12:00+00:00,4046.36,4047.78,4045.23,4047.78,0.0
2026-07-23 14:13:00+00:00,4047.8,4049.26,4045.91,4049.26,0.0
2026-07-23 14:14:00+00:00,4049.07,4051.23,4047.88,4048.38,0.0
2026-07-23 14:15:00+00:00,4048.08,4050.08,4045.74,4046.97,0.0
2026-07-23 14:16:00+00:00,4046.57,4049.52,4046.57,4048.55,0.0
2026-07-23 14:17:00+00:00,4048.55,4049.21,4046.93,4049.02,0.0
2026-07-23 14:18:00+00:00,4048.83,4048.83,4043.73,4043.73,0.0
2026-07-23 14:19:00+00:00,4043.76,4044.33,4042.68,4044.33,0.0
2026-07-23 14:20:00+00:00,4044.24,4044.89,4043.08,4044.25,0.0
2026-07-23 14:21:00+00:00,4044.27,4047.24,4044.27,4047.04,0.0
2026-07-23 14:22:00+00:00,4046.87,4050.05,4046.72,4049.59,0.0
2026-07-23 14:23:00+00:00,4049.71,4051.32,4049.11,4049.27,0.0
2026-07-23 14:24:00+00:00,4049.39,4052.38,4048.82,4052.38,0.0
2026-07-23 14:25:00+00:00,4052.3,4054.88,4051.4,4054.88,0.0
2026-07-23 14:26:00+00:00,4054.68,4054.68,4052.45,4054.32,0.0
2026-07-23 14:27:00+00:00,4054.33,4055.01,4052.47,4052.57,0.0
2026-07-23 14:28:00+00:00,4052.56,4054.15,4052.56,4053.36,0.0
2026-07-23 14:29:00+00:00,4053.43,4056.83,4052.97,4056.8,0.0
2026-07-23 14:30:00+00:00,4056.5,4057.64,4054.92,4056.04,0.0
2026-07-23 14:31:00+00:00,4056.11,4057.9,4055.49,4055.57,0.0
2026-07-23 14:32:00+00:00,4055.68,4055.95,4051.9,4052.28,0.0
2026-07-23 14:33:00+00:00,4052.6,4054.44,4052.6,4053.63,0.0
2026-07-23 14:34:00+00:00,4053.76,4055.01,4053.35,4054.74,0.0
2026-07-23 14:35:00+00:00,4054.62,4055.23,4051.95,4054.75,0.0
2026-07-23 14:36:00+00:00,4054.59,4057.37,4054.24,4057.08,0.0
2026-07-23 14:37:00+00:00,4057.09,4060.14,4056.74,4059.57,0.0
2026-07-23 14:38:00+00:00,4059.62,4059.62,4056.18,4058.21,0.0
2026-07-23 14:39:00+00:00,4058.27,4059.52,4057.72,4058.97,0.0
2026-07-23 14:40:00+00:00,4059.15,4059.88,4058.16,4058.16,0.0
2026-07-23 14:41:00+00:00,4058.29,4058.76,4057.33,4058.04,0.0
2026-07-23 14:42:00+00:00,4058.02,4058.4,4057.23,4057.78,0.0
2026-07-23 14:43:00+00:00,4057.79,4057.85,4056.77,4056.9,0.0
2026-07-23 14:44:00+00:00,4056.93,4057.81,4056.17,4057.23,0.0
2026-07-23 14:45:00+00:00,4057.18,4059.41,4056.2,4059.32,0.0
2026-07-23 14:46:00+00:00,4059.44,4061.43,4059.43,4060.5,0.0
2026-07-23 14:47:00+00:00,4060.48,4061.03,4059.49,4060.66,0.0
2026-07-23 14:48:00+00:00,4060.38,4061.75,4059.77,4059.77,0.0
2026-07-23 14:49:00+00:00,4059.83,4060.15,4058.43,4059.23,0.0
2026-07-23 14:50:00+00:00,4059.26,4060.39,4058.32,4059.6,0.0
2026-07-23 14:51:00+00:00,4059.42,4059.42,4057.24,4057.53,0.0
2026-07-23 14:52:00+00:00,4057.67,4059.86,4057.34,4059.73,0.0
2026-07-23 14:53:00+00:00,4059.82,4060.25,4059.16,4059.52,0.0
2026-07-23 14:54:00+00:00,4059.49,4060.08,4056.84,4057.04,0.0
2026-07-23 14:55:00+00:00,4057.04,4058.9,4056.78,4058.11,0.0
2026-07-23 14:56:00+00:00,4058.21,4059.3,4057.07,4057.5,0.0
2026-07-23 14:57:00+00:00,4057.38,4059.3,4057.38,4059.24,0.0
2026-07-23 14:58:00+00:00,4059.32,4060.14,4057.9,4058.36,0.0
2026-07-23 14:59:00+00:00,4058.24,4059.26,4057.75,4058.17,0.0
2026-07-23 15:00:00+00:00,4058.02,4059.43,4057.25,4058.89,0.0
2026-07-23 15:01:00+00:00,4058.69,4058.69,4056.97,4057.52,0.0
2026-07-23 15:02:00+00:00,4057.38,4059.19,4057.02,4057.5,0.0
2026-07-23 15:03:00+00:00,4057.26,4059.28,4056.79,4057.41,0.0
2026-07-23 15:04:00+00:00,4057.33,4057.33,4055.84,4056.58,0.0
2026-07-23 15:05:00+00:00,4056.83,4056.85,4055.41,4055.61,0.0
2026-07-23 15:06:00+00:00,4055.61,4055.84,4054.25,4054.71,0.0
2026-07-23 15:07:00+00:00,4054.68,4057.42,4054.68,4057.39,0.0
2026-07-23 15:08:00+00:00,4057.15,4057.76,4055.17,4055.68,0.0
2026-07-23 15:09:00+00:00,4055.59,4056.81,4051.84,4051.98,0.0
2026-07-23 15:10:00+00:00,4052.17,4052.21,4049.65,4051.31,0.0
2026-07-23 15:11:00+00:00,4051.35,4052.15,4050.77,4051.95,0.0
2026-07-23 15:12:00+00:00,4052.08,4053.29,4051.52,4052.96,0.0
2026-07-23 15:13:00+00:00,4052.92,4054.05,4051.65,4051.65,0.0
2026-07-23 15:14:00+00:00,4051.37,4052.04,4050.28,4051.57,0.0
2026-07-23 15:15:00+00:00,4051.53,4052.97,4050.5,4052.94,0.0
2026-07-23 15:16:00+00:00,4052.74,4055.03,4052.35,4053.82,0.0
2026-07-23 15:17:00+00:00,4053.79,4056.67,4053.79,4056.24,0.0
2026-07-23 15:18:00+00:00,4056.2,4056.2,4052.95,4053.21,0.0
2026-07-23 15:19:00+00:00,4053.01,4053.45,4051.85,4052.33,0.0
2026-07-23 15:20:00+00:00,4052.63,4053.38,4051.55,4051.72,0.0
2026-07-23 15:21:00+00:00,4051.66,4053.12,4051.49,4051.79,0.0
2026-07-23 15:22:00+00:00,4051.73,4053.47,4045.95,4047.83,0.0
2026-07-23 15:23:00+00:00,4048.29,4050.53,4047.52,4049.12,0.0
2026-07-23 15:24:00+00:00,4048.97,4050.58,4048.97,4050.31,0.0
2026-07-23 15:25:00+00:00,4050.19,4050.81,4049.36,4049.98,0.0
2026-07-23 15:26:00+00:00,4050.03,4050.3,4048.06,4049.4,0.0
2026-07-23 15:27:00+00:00,4049.47,4050.26,4048.97,4049.39,0.0
2026-07-23 15:28:00+00:00,4049.6,4049.65,4047.87,4047.94,0.0
2026-07-23 15:29:00+00:00,4047.83,4049.05,4046.64,4047.08,0.0
2026-07-23 15:30:00+00:00,4047.06,4047.06,4044.94,4045.47,0.0
2026-07-23 15:31:00+00:00,4045.42,4046.54,4044.23,4044.39,0.0
2026-07-23 15:32:00+00:00,4044.19,4044.74,4043.05,4043.85,0.0
2026-07-23 15:33:00+00:00,4043.92,4046.04,4042.53,4045.32,0.0
2026-07-23 15:34:00+00:00,4045.26,4045.65,4044.2,4045.65,0.0
2026-07-23 15:35:00+00:00,4046.0,4048.4,4045.99,4047.64,0.0
2026-07-23 15:36:00+00:00,4047.58,4049.32,4047.29,4049.18,0.0
2026-07-23 15:37:00+00:00,4049.32,4050.76,4047.06,4047.67,0.0
2026-07-23 15:38:00+00:00,4048.09,4049.61,4047.92,4049.02,0.0
2026-07-23 15:39:00+00:00,4049.07,4049.89,4048.61,4049.18,0.0
2026-07-23 15:40:00+00:00,4049.37,4050.51,4049.37,4049.82,0.0
2026-07-23 15:41:00+00:00,4049.7,4053.19,4049.64,4052.05,0.0
2026-07-23 15:42:00+00:00,4052.12,4052.65,4051.31,4051.58,0.0
2026-07-23 15:43:00+00:00,4051.77,4052.31,4049.87,4049.88,0.0
2026-07-23 15:44:00+00:00,4049.8,4050.53,4048.28,4048.33,0.0
2026-07-23 15:45:00+00:00,4048.23,4049.95,4047.45,4049.53,0.0
2026-07-23 15:46:00+00:00,4049.49,4050.61,4049.25,4050.29,0.0
2026-07-23 15:47:00+00:00,4050.16,4051.06,4049.76,4050.11,0.0
2026-07-23 15:48:00+00:00,4049.95,4051.08,4049.95,4050.12,0.0
2026-07-23 15:49:00+00:00,4050.14,4050.25,4048.99,4049.69,0.0
2026-07-23 15:50:00+00:00,4049.57,4050.03,4048.94,4049.5,0.0
2026-07-23 15:51:00+00:00,4049.48,4049.53,4047.01,4047.41,0.0
2026-07-23 15:52:00+00:00,4047.59,4048.35,4047.15,4047.85,0.0
2026-07-23 15:53:00+00:00,4047.84,4049.23,4047.36,4049.06,0.0
2026-07-23 15:54:00+00:00,4049.11,4050.89,4049.11,4050.23,0.0
2026-07-23 15:55:00+00:00,4050.38,4050.67,4050.14,4050.28,0.0
2026-07-23 15:56:00+00:00,4050.21,4050.66,4048.42,4048.9,0.0
2026-07-23 15:57:00+00:00,4048.83,4048.9,4046.91,4047.1,0.0
2026-07-23 15:58:00+00:00,4047.17,4048.35,4047.17,4047.88,0.0
2026-07-23 15:59:00+00:00,4048.18,4049.21,4047.45,4048.81,0.0
2026-07-23 16:00:00+00:00,4048.8,4049.73,4048.76,4049.68,0.0
2026-07-23 16:01:00+00:00,4049.79,4050.05,4048.79,4049.97,0.0
2026-07-23 16:02:00+00:00,4050.06,4050.8,4050.01,4050.59,0.0
2026-07-23 16:03:00+00:00,4050.61,4050.73,4049.88,4049.93,0.0
2026-07-23 16:04:00+00:00,4049.86,4050.09,4048.65,4048.66,0.0
2026-07-23 16:05:00+00:00,4048.61,4049.37,4047.74,4047.75,0.0
2026-07-23 16:06:00+00:00,4047.69,4050.37,4047.51,4049.01,0.0
2026-07-23 16:07:00+00:00,4048.96,4049.2,4048.42,4048.61,0.0
2026-07-23 16:08:00+00:00,4048.62,4049.6,4048.62,4049.44,0.0
2026-07-23 16:09:00+00:00,4049.35,4049.53,4048.55,4048.56,0.0
2026-07-23 16:10:00+00:00,4048.67,4049.19,4048.14,4048.75,0.0
2026-07-23 16:11:00+00:00,4048.89,4050.11,4048.71,4049.91,0.0
2026-07-23 16:12:00+00:00,4049.93,4050.4,4049.17,4049.18,0.0
2026-07-23 16:13:00+00:00,4049.1,4050.44,4049.1,4049.62,0.0
2026-07-23 16:14:00+00:00,4049.54,4050.92,4049.54,4050.44,0.0
2026-07-23 16:15:00+00:00,4050.27,4050.81,4048.79,4049.25,0.0
2026-07-23 16:16:00+00:00,4049.29,4049.44,4048.15,4048.49,0.0
2026-07-23 16:17:00+00:00,4048.44,4048.94,4047.82,4048.35,0.0
2026-07-23 16:18:00+00:00,4048.35,4048.5,4047.89,4048.27,0.0
2026-07-23 16:19:00+00:00,4048.21,4048.22,4045.95,4046.58,0.0
2026-07-23 16:20:00+00:00,4046.58,4049.62,4046.58,4049.62,0.0
2026-07-23 16:21:00+00:00,4049.62,4049.9,4049.13,4049.39,0.0
2026-07-23 16:22:00+00:00,4049.37,4050.69,4049.26,4050.6,0.0
2026-07-23 16:23:00+00:00,4050.57,4050.91,4050.15,4050.63,0.0
2026-07-23 16:24:00+00:00,4050.62,4051.43,4048.6,4048.6,0.0
2026-07-23 16:25:00+00:00,4048.71,4049.39,4048.53,4049.33,0.0
2026-07-23 16:26:00+00:00,4049.47,4050.0,4049.01,4049.83,0.0
2026-07-23 16:27:00+00:00,4049.85,4050.6,4049.63,4050.18,0.0
2026-07-23 16:28:00+00:00,4050.2,4050.67,4050.2,4050.64,0.0
2026-07-23 16:29:00+00:00,4050.64,4051.47,4050.16,4050.16,0.0
2026-07-23 16:30:00+00:00,4050.15,4050.71,4050.15,4050.48,0.0
2026-07-23 16:31:00+00:00,4050.49,4050.7,4049.99,4050.26,0.0
2026-07-23 16:32:00+00:00,4050.32,4050.45,4049.79,4049.79,0.0
2026-07-23 16:33:00+00:00,4049.77,4050.22,4049.25,4049.32,0.0
2026-07-23 16:34:00+00:00,4049.23,4049.63,4048.22,4048.27,0.0
2026-07-23 16:35:00+00:00,4048.32,4049.47,4047.6,4049.14,0.0
2026-07-23 16:36:00+00:00,4049.16,4049.16,4048.18,4048.44,0.0
2026-07-23 16:37:00+00:00,4048.5,4048.5,4047.21,4048.28,0.0
2026-07-23 16:38:00+00:00,4048.23,4050.46,4047.98,4050.44,0.0
2026-07-23 16:39:00+00:00,4050.42,4050.82,4050.24,4050.41,0.0
2026-07-23 16:40:00+00:00,4050.43,4050.96,4049.96,4049.98,0.0
2026-07-23 16:41:00+00:00,4050.03,4050.22,4049.33,4050.22,0.0
2026-07-23 16:42:00+00:00,4050.19,4050.59,4050.02,4050.44,0.0
2026-07-23 16:43:00+00:00,4050.4,4050.72,4050.28,4050.49,0.0
2026-07-23 16:44:00+00:00,4050.53,4050.68,4049.89,4049.89,0.0
2026-07-23 16:45:00+00:00,4049.94,4050.92,4049.71,4050.77,0.0
2026-07-23 16:46:00+00:00,4050.72,4050.72,4049.91,4050.02,0.0
2026-07-23 16:47:00+00:00,4050.01,4050.46,4049.63,4050.33,0.0
2026-07-23 16:48:00+00:00,4050.28,4050.62,4049.35,4049.6,0.0
2026-07-23 16:49:00+00:00,4049.6,4049.78,4048.89,4049.2,0.0
2026-07-23 16:50:00+00:00,4049.19,4049.21,4048.27,4048.5,0.0
2026-07-23 16:51:00+00:00,4048.46,4049.25,4048.14,4049.08,0.0
2026-07-23 16:52:00+00:00,4048.98,4049.78,4048.76,4049.2,0.0
2026-07-23 16:53:00+00:00,4049.34,4049.77,4049.01,4049.16,0.0
2026-07-23 16:54:00+00:00,4049.14,4049.78,4048.88,4049.12,0.0
2026-07-23 16:55:00+00:00,4049.17,4050.61,4049.17,4050.53,0.0
2026-07-23 16:56:00+00:00,4050.53,4050.84,4050.26,4050.6,0.0
2026-07-23 16:57:00+00:00,4050.58,4051.75,4050.43,4051.73,0.0
2026-07-23 16:58:00+00:00,4051.73,4051.73,4050.91,4051.06,0.0
2026-07-23 16:59:00+00:00,4051.04,4051.84,4051.02,4051.4,0.0
2026-07-23 17:00:00+00:00,4051.52,4051.85,4050.72,4051.55,0.0
2026-07-23 17:01:00+00:00,4051.48,4054.64,4051.48,4053.86,0.0
2026-07-23 17:02:00+00:00,4054.01,4054.02,4050.97,4052.47,0.0
2026-07-23 17:03:00+00:00,4052.57,4053.65,4052.57,4053.34,0.0
2026-07-23 17:04:00+00:00,4053.36,4053.36,4051.4,4051.7,0.0
2026-07-23 17:05:00+00:00,4051.67,4053.17,4051.67,4052.85,0.0
2026-07-23 17:06:00+00:00,4052.86,4053.19,4050.55,4050.82,0.0
2026-07-23 17:07:00+00:00,4050.72,4050.72,4049.13,4049.13,0.0
2026-07-23 17:08:00+00:00,4049.11,4049.76,4047.96,4048.29,0.0
2026-07-23 17:09:00+00:00,4048.34,4048.42,4047.03,4048.2,0.0
2026-07-23 17:10:00+00:00,4048.18,4049.51,4047.77,4049.2,0.0
2026-07-23 17:11:00+00:00,4048.99,4048.99,4047.3,4047.95,0.0
2026-07-23 17:12:00+00:00,4047.95,4048.22,4047.35,4047.6,0.0
2026-07-23 17:13:00+00:00,4047.59,4048.68,4047.59,4047.96,0.0
2026-07-23 17:14:00+00:00,4047.92,4048.48,4047.03,4047.4,0.0
2026-07-23 17:15:00+00:00,4047.36,4048.73,4046.87,4048.73,0.0
2026-07-23 17:16:00+00:00,4048.91,4049.79,4048.33,4049.26,0.0
2026-07-23 17:17:00+00:00,4049.27,4049.64,4047.06,4047.53,0.0
2026-07-23 17:18:00+00:00,4047.28,4048.16,4047.14,4047.64,0.0
2026-07-23 17:19:00+00:00,4047.65,4047.67,4046.33,4046.66,0.0
2026-07-23 17:20:00+00:00,4046.67,4048.88,4046.67,4048.8,0.0
2026-07-23 17:21:00+00:00,4048.91,4050.59,4048.91,4049.31,0.0
2026-07-23 17:22:00+00:00,4049.31,4049.31,4048.17,4048.63,0.0
2026-07-23 17:23:00+00:00,4048.71,4049.52,4047.88,4049.52,0.0
2026-07-23 17:24:00+00:00,4049.42,4049.75,4048.17,4048.74,0.0
2026-07-23 17:25:00+00:00,4048.88,4049.86,4048.4,4048.42,0.0
2026-07-23 17:26:00+00:00,4048.41,4048.87,4047.66,4048.2,0.0
2026-07-23 17:27:00+00:00,4048.07,4048.66,4046.83,4047.78,0.0
2026-07-23 17:28:00+00:00,4047.82,4048.93,4047.46,4048.29,0.0
2026-07-23 17:29:00+00:00,4048.39,4048.68,4047.28,4047.31,0.0
2026-07-23 17:30:00+00:00,4047.37,4048.14,4046.99,4048.14,0.0
2026-07-23 17:31:00+00:00,4048.15,4049.25,4047.54,4047.85,0.0
2026-07-23 17:32:00+00:00,4048.03,4048.93,4047.84,4047.93,0.0
2026-07-23 17:33:00+00:00,4047.9,4048.71,4047.7,4047.7,0.0
2026-07-23 17:34:00+00:00,4047.67,4048.45,4047.64,4047.73,0.0
2026-07-23 17:35:00+00:00,4047.64,4047.64,4044.76,4045.2,0.0
2026-07-23 17:36:00+00:00,4045.14,4045.89,4044.9,4044.9,0.0
2026-07-23 17:37:00+00:00,4044.91,4045.95,4044.91,4045.32,0.0
2026-07-23 17:38:00+00:00,4045.31,4046.24,4045.11,4045.11,0.0
2026-07-23 17:39:00+00:00,4045.21,4045.84,4044.44,4044.45,0.0
2026-07-23 17:40:00+00:00,4044.88,4045.55,4042.09,4042.8,0.0
2026-07-23 17:41:00+00:00,4042.69,4044.98,4042.57,4044.88,0.0
2026-07-23 17:42:00+00:00,4044.9,4045.29,4044.08,4044.38,0.0
2026-07-23 17:43:00+00:00,4044.42,4045.41,4044.42,4044.72,0.0
2026-07-23 17:44:00+00:00,4044.65,4044.65,4042.89,4042.99,0.0
2026-07-23 17:45:00+00:00,4043.02,4044.35,4042.35,4043.87,0.0
2026-07-23 17:46:00+00:00,4043.87,4044.21,4043.33,4043.67,0.0
2026-07-23 17:47:00+00:00,4043.82,4044.31,4043.63,4043.79,0.0
2026-07-23 17:48:00+00:00,4043.65,4043.94,4042.79,4043.68,0.0
2026-07-23 17:49:00+00:00,4043.72,4044.24,4043.47,4044.18,0.0
2026-07-23 17:50:00+00:00,4044.26,4044.34,4043.4,4044.05,0.0
2026-07-23 17:51:00+00:00,4043.83,4044.09,4043.43,4043.69,0.0
2026-07-23 17:52:00+00:00,4043.71,4043.79,4042.74,4042.95,0.0
2026-07-23 17:53:00+00:00,4042.92,4043.31,4042.11,4042.97,0.0
2026-07-23 17:54:00+00:00,4042.97,4043.74,4042.6,4043.37,0.0
2026-07-23 17:55:00+00:00,4043.15,4043.62,4043.1,4043.45,0.0
2026-07-23 17:56:00+00:00,4043.51,4043.58,4042.48,4042.6,0.0
2026-07-23 17:57:00+00:00,4042.58,4043.36,4042.05,4042.44,0.0
2026-07-23 17:58:00+00:00,4042.47,4043.05,4042.45,4042.9,0.0
2026-07-23 17:59:00+00:00,4042.84,4042.85,4041.74,4041.97,0.0
2026-07-23 18:00:00+00:00,4041.88,4043.18,4040.98,4043.13,0.0
2026-07-23 18:01:00+00:00,4043.16,4043.26,4041.83,4042.38,0.0
2026-07-23 18:02:00+00:00,4042.4,4042.92,4042.06,4042.84,0.0
2026-07-23 18:03:00+00:00,4042.84,4043.39,4042.74,4043.06,0.0
2026-07-23 18:04:00+00:00,4043.16,4043.31,4041.79,4041.87,0.0
2026-07-23 18:05:00+00:00,4041.82,4042.18,4040.91,4042.18,0.0
2026-07-23 18:06:00+00:00,4042.01,4043.98,4041.82,4043.68,0.0
2026-07-23 18:07:00+00:00,4043.59,4043.59,4042.77,4043.14,0.0
2026-07-23 18:08:00+00:00,4043.14,4044.26,4042.93,4043.91,0.0
2026-07-23 18:09:00+00:00,4043.91,4044.23,4043.35,4043.43,0.0
2026-07-23 18:10:00+00:00,4043.4,4043.99,4042.79,4043.29,0.0
2026-07-23 18:11:00+00:00,4043.29,4044.19,4042.45,4043.32,0.0
2026-07-23 18:12:00+00:00,4043.29,4043.75,4043.05,4043.74,0.0
2026-07-23 18:13:00+00:00,4043.69,4043.69,4042.41,4043.07,0.0
2026-07-23 18:14:00+00:00,4042.58,4043.43,4041.69,4041.94,0.0
2026-07-23 18:15:00+00:00,4042.01,4042.24,4041.07,4042.2,0.0
2026-07-23 18:16:00+00:00,4042.12,4043.32,4042.09,4043.13,0.0
2026-07-23 18:17:00+00:00,4043.24,4043.94,4042.74,4043.18,0.0
2026-07-23 18:18:00+00:00,4043.15,4044.78,4042.8,4044.19,0.0
2026-07-23 18:19:00+00:00,4044.16,4044.16,4042.99,4043.26,0.0
2026-07-23 18:20:00+00:00,4043.16,4043.68,4042.75,4043.1,0.0
2026-07-23 18:21:00+00:00,4043.02,4043.12,4041.62,4041.62,0.0
2026-07-23 18:22:00+00:00,4041.62,4041.88,4040.98,4041.22,0.0
2026-07-23 18:23:00+00:00,4041.08,4041.92,4040.9,4041.77,0.0
2026-07-23 18:24:00+00:00,4041.78,4042.59,4041.78,4041.98,0.0
2026-07-23 18:25:00+00:00,4042.04,4042.36,4041.34,4041.82,0.0
2026-07-23 18:26:00+00:00,4042.07,4043.67,4042.07,4043.23,0.0
2026-07-23 18:27:00+00:00,4043.23,4045.14,4043.14,4044.0,0.0
2026-07-23 18:28:00+00:00,4043.78,4045.15,4043.77,4045.12,0.0
2026-07-23 18:29:00+00:00,4045.18,4045.18,4044.56,4044.59,0.0
2026-07-23 18:30:00+00:00,4044.58,4047.13,4044.58,4047.13,0.0
2026-07-23 18:31:00+00:00,4047.19,4048.08,4046.67,4046.67,0.0
2026-07-23 18:32:00+00:00,4046.62,4046.74,4045.79,4045.79,0.0
2026-07-23 18:33:00+00:00,4045.61,4046.31,4045.53,4045.92,0.0
2026-07-23 18:34:00+00:00,4045.91,4046.1,4045.06,4045.31,0.0
2026-07-23 18:35:00+00:00,4045.54,4045.67,4044.54,4045.65,0.0
2026-07-23 18:36:00+00:00,4045.69,4046.65,4045.69,4046.65,0.0
2026-07-23 18:37:00+00:00,4046.59,4046.95,4045.3,4046.0,0.0
2026-07-23 18:38:00+00:00,4045.95,4046.2,4045.41,4045.41,0.0
2026-07-23 18:39:00+00:00,4045.46,4045.72,4044.67,4045.36,0.0
2026-07-23 18:40:00+00:00,4045.44,4045.6,4045.09,4045.46,0.0
2026-07-23 18:41:00+00:00,4045.61,4046.02,4045.19,4045.99,0.0
2026-07-23 18:42:00+00:00,4045.99,4046.13,4045.73,4045.97,0.0
2026-07-23 18:43:00+00:00,4045.93,4046.8,4045.86,4046.26,0.0
2026-07-23 18:44:00+00:00,4046.22,4046.71,4045.25,4046.61,0.0
2026-07-23 18:45:00+00:00,4046.61,4047.34,4046.61,4046.86,0.0
2026-07-23 18:46:00+00:00,4046.87,4047.35,4046.79,4047.17,0.0
2026-07-23 18:47:00+00:00,4047.16,4048.15,4047.12,4048.15,0.0
2026-07-23 18:48:00+00:00,4048.14,4048.46,4047.75,4048.21,0.0
2026-07-23 18:49:00+00:00,4047.86,4048.1,4047.19,4047.34,0.0
2026-07-23 18:50:00+00:00,4047.41,4047.49,4046.54,4046.6,0.0
2026-07-23 18:51:00+00:00,4046.86,4047.11,4046.36,4046.9,0.0
2026-07-23 18:52:00+00:00,4046.92,4047.13,4046.77,4047.06,0.0
2026-07-23 18:53:00+00:00,4047.08,4047.1,4046.46,4046.47,0.0
2026-07-23 18:54:00+00:00,4046.39,4046.66,4045.97,4046.37,0.0
2026-07-23 18:55:00+00:00,4046.31,4046.88,4046.12,4046.82,0.0
2026-07-23 18:56:00+00:00,4046.93,4047.01,4046.37,4046.69,0.0
2026-07-23 18:57:00+00:00,4046.63,4046.63,4045.49,4045.52,0.0
2026-07-23 18:58:00+00:00,4045.63,4045.79,4044.76,4045.44,0.0
2026-07-23 18:59:00+00:00,4045.37,4046.4,4045.28,4046.23,0.0
2026-07-23 19:00:00+00:00,4046.13,4048.55,4046.13,4047.85,0.0
2026-07-23 19:01:00+00:00,4047.8,4048.24,4047.7,4048.03,0.0
2026-07-23 19:02:00+00:00,4048.02,4048.02,4047.05,4047.7,0.0
2026-07-23 19:03:00+00:00,4047.79,4047.79,4046.71,4046.71,0.0
2026-07-23 19:04:00+00:00,4046.68,4046.68,4045.17,4045.29,0.0
2026-07-23 19:05:00+00:00,4045.29,4045.89,4045.27,4045.86,0.0
2026-07-23 19:06:00+00:00,4045.91,4046.34,4045.82,4046.05,0.0
2026-07-23 19:07:00+00:00,4046.07,4046.16,4045.68,4045.94,0.0
2026-07-23 19:08:00+00:00,4045.91,4046.01,4045.18,4045.43,0.0
2026-07-23 19:09:00+00:00,4045.5,4045.62,4043.73,4043.73,0.0
2026-07-23 19:10:00+00:00,4043.69,4043.99,4043.21,4043.86,0.0
2026-07-23 19:11:00+00:00,4043.88,4044.47,4043.86,4044.47,0.0
2026-07-23 19:12:00+00:00,4044.49,4044.53,4043.42,4043.68,0.0
2026-07-23 19:13:00+00:00,4043.69,4043.69,4043.13,4043.3,0.0
2026-07-23 19:14:00+00:00,4043.36,4043.54,4043.11,4043.35,0.0
2026-07-23 19:15:00+00:00,4043.33,4045.09,4043.23,4044.82,0.0
2026-07-23 19:16:00+00:00,4044.81,4045.89,4044.8,4045.15,0.0
2026-07-23 19:17:00+00:00,4045.09,4045.49,4044.92,4045.43,0.0
2026-07-23 19:18:00+00:00,4045.36,4045.43,4044.76,4044.94,0.0
2026-07-23 19:19:00+00:00,4045.12,4045.48,4045.08,4045.13,0.0
2026-07-23 19:20:00+00:00,4045.12,4046.17,4045.11,4046.06,0.0
2026-07-23 19:21:00+00:00,4046.06,4047.17,4046.06,4047.01,0.0
2026-07-23 19:22:00+00:00,4047.01,4047.51,4046.42,4046.73,0.0
2026-07-23 19:23:00+00:00,4046.75,4047.44,4046.43,4047.42,0.0
2026-07-23 19:24:00+00:00,4047.18,4048.47,4047.18,4048.11,0.0
2026-07-23 19:25:00+00:00,4048.16,4049.26,4048.15,4048.2,0.0
2026-07-23 19:26:00+00:00,4048.2,4048.28,4047.45,4047.5,0.0
2026-07-23 19:27:00+00:00,4047.5,4048.4,4047.32,4048.12,0.0
2026-07-23 19:28:00+00:00,4048.21,4048.62,4047.26,4047.26,0.0
2026-07-23 19:29:00+00:00,4047.25,4048.43,4047.22,4048.28,0.0
2026-07-23 19:30:00+00:00,4048.34,4050.94,4048.19,4049.99,0.0
2026-07-23 19:31:00+00:00,4049.87,4049.87,4047.8,4047.84,0.0
2026-07-23 19:32:00+00:00,4047.71,4047.9,4047.23,4047.71,0.0
2026-07-23 19:33:00+00:00,4047.79,4047.87,4046.0,4046.67,0.0
2026-07-23 19:34:00+00:00,4046.71,4047.68,4046.71,4047.49,0.0
2026-07-23 19:35:00+00:00,4047.5,4047.98,4047.07,4047.09,0.0
2026-07-23 19:36:00+00:00,4047.1,4047.68,4046.97,4047.44,0.0
2026-07-23 19:37:00+00:00,4047.53,4048.05,4047.53,4047.62,0.0
2026-07-23 19:38:00+00:00,4047.59,4047.82,4047.38,4047.46,0.0
2026-07-23 19:39:00+00:00,4047.28,4048.37,4047.28,4048.04,0.0
2026-07-23 19:40:00+00:00,4047.98,4048.1,4047.2,4047.34,0.0
2026-07-23 19:41:00+00:00,4047.34,4048.28,4047.34,4047.91,0.0
2026-07-23 19:42:00+00:00,4047.87,4047.91,4047.03,4047.05,0.0
2026-07-23 19:43:00+00:00,4047.05,4047.26,4046.65,4046.72,0.0
2026-07-23 19:44:00+00:00,4046.71,4046.72,4046.03,4046.22,0.0
2026-07-23 19:45:00+00:00,4045.97,4046.26,4045.6,4045.98,0.0
2026-07-23 19:46:00+00:00,4046.01,4046.19,4045.34,4045.43,0.0
2026-07-23 19:47:00+00:00,4045.43,4046.82,4045.08,4046.77,0.0
2026-07-23 19:48:00+00:00,4046.82,4046.88,4045.63,4045.66,0.0
2026-07-23 19:49:00+00:00,4045.66,4046.37,4045.61,4046.21,0.0
2026-07-23 19:50:00+00:00,4046.2,4047.83,4046.2,4047.2,0.0
2026-07-23 19:51:00+00:00,4047.27,4049.92,4047.24,4049.9,0.0
2026-07-23 19:52:00+00:00,4049.9,4050.21,4049.06,4050.18,0.0
2026-07-23 19:53:00+00:00,4050.22,4050.24,4049.41,4049.41,0.0
2026-07-23 19:54:00+00:00,4049.53,4050.51,4049.47,4050.44,0.0
2026-07-23 19:55:00+00:00,4050.47,4050.7,4050.03,4050.13,0.0
2026-07-23 19:56:00+00:00,4050.18,4050.52,4049.74,4050.34,0.0
2026-07-23 19:57:00+00:00,4050.22,4050.61,4049.87,4050.61,0.0
2026-07-23 19:58:00+00:00,4050.6,4051.01,4049.95,4049.95,0.0
2026-07-23 19:59:00+00:00,4050.49,4050.68,4050.03,4050.17,0.0
2026-07-23 20:00:00+00:00,4050.46,4051.13,4049.9,4050.35,0.0
2026-07-23 20:01:00+00:00,4050.43,4050.43,4049.38,4049.38,0.0
2026-07-23 20:02:00+00:00,4049.41,4050.26,4049.41,4049.68,0.0
2026-07-23 20:03:00+00:00,4049.68,4050.14,4049.37,4049.37,0.0
2026-07-23 20:04:00+00:00,4049.38,4049.44,4048.98,4049.34,0.0
2026-07-23 20:05:00+00:00,4049.11,4049.41,4049.05,4049.22,0.0
2026-07-23 20:06:00+00:00,4048.64,4049.23,4048.47,4049.21,0.0
2026-07-23 20:07:00+00:00,4049.2,4049.22,4048.56,4049.21,0.0
2026-07-23 20:08:00+00:00,4049.21,4049.64,4049.04,4049.63,0.0
2026-07-23 20:09:00+00:00,4049.57,4050.03,4048.45,4048.72,0.0
2026-07-23 20:10:00+00:00,4048.82,4049.3,4048.82,4048.91,0.0
2026-07-23 20:11:00+00:00,4048.91,4049.49,4048.91,4049.37,0.0
2026-07-23 20:12:00+00:00,4049.37,4049.74,4048.92,4048.92,0.0
2026-07-23 20:13:00+00:00,4048.91,4050.11,4048.66,4050.07,0.0
2026-07-23 20:14:00+00:00,4049.92,4050.05,4049.6,4049.62,0.0
2026-07-23 20:15:00+00:00,4049.62,4049.73,4049.06,4049.11,0.0
2026-07-23 20:16:00+00:00,4049.12,4049.65,4048.62,4048.78,0.0
2026-07-23 20:17:00+00:00,4048.74,4048.98,4048.57,4048.86,0.0
2026-07-23 20:18:00+00:00,4048.81,4048.81,4048.54,4048.55,0.0
2026-07-23 20:19:00+00:00,4048.47,4048.87,4048.15,4048.78,0.0
2026-07-23 20:20:00+00:00,4048.78,4048.98,4048.14,4048.18,0.0
2026-07-23 20:21:00+00:00,4047.96,4048.62,4047.56,4048.45,0.0
2026-07-23 20:22:00+00:00,4048.42,4049.17,4048.4,4049.07,0.0
2026-07-23 20:23:00+00:00,4049.07,4049.07,4048.76,4048.95,0.0
2026-07-23 20:24:00+00:00,4048.93,4049.18,4048.8,4049.09,0.0
2026-07-23 20:25:00+00:00,4049.08,4049.42,4049.07,4049.28,0.0
2026-07-23 20:26:00+00:00,4049.28,4049.31,4048.96,4049.21,0.0
2026-07-23 20:27:00+00:00,4049.2,4050.21,4049.2,4050.21,0.0
2026-07-23 20:28:00+00:00,4050.18,4050.5,4050.11,4050.33,0.0
2026-07-23 20:29:00+00:00,4050.32,4050.63,4049.99,4050.27,0.0
2026-07-23 20:30:00+00:00,4050.31,4050.56,4049.35,4049.35,0.0
2026-07-23 20:31:00+00:00,4049.31,4049.97,4049.25,4049.97,0.0
2026-07-23 20:32:00+00:00,4049.93,4050.31,4049.92,4049.95,0.0
2026-07-23 20:33:00+00:00,4050.0,4050.09,4049.41,4049.41,0.0
2026-07-23 20:34:00+00:00,4049.4,4050.07,4049.4,4050.07,0.0
2026-07-23 20:35:00+00:00,4050.06,4050.25,4050.01,4050.15,0.0
2026-07-23 20:36:00+00:00,4050.14,4050.25,4050.12,4050.16,0.0
2026-07-23 20:37:00+00:00,4050.21,4050.41,4050.17,4050.3,0.0
2026-07-23 20:38:00+00:00,4050.3,4050.76,4050.19,4050.47,0.0
2026-07-23 20:39:00+00:00,4050.47,4050.54,4050.19,4050.35,0.0
2026-07-23 20:40:00+00:00,4050.32,4050.32,4049.64,4049.98,0.0
2026-07-23 20:41:00+00:00,4049.96,4049.98,4049.49,4049.59,0.0
2026-07-23 20:42:00+00:00,4049.59,4049.65,4048.99,4049.19,0.0
2026-07-23 20:43:00+00:00,4049.29,4049.57,4049.16,4049.56,0.0
2026-07-23 20:44:00+00:00,4049.62,4050.09,4049.55,4050.0,0.0
2026-07-23 20:45:00+00:00,4050.0,4050.1,4049.29,4049.29,0.0
2026-07-23 20:46:00+00:00,4049.27,4049.38,4049.05,4049.34,0.0
2026-07-23 20:47:00+00:00,4049.34,4049.52,4049.28,4049.4,0.0
2026-07-23 20:48:00+00:00,4049.4,4050.12,4049.35,4049.79,0.0
2026-07-23 20:49:00+00:00,4049.78,4049.92,4049.69,4049.73,0.0
2026-07-23 20:50:00+00:00,4049.73,4049.73,4049.22,4049.22,0.0
2026-07-23 20:51:00+00:00,4049.26,4049.57,4049.02,4049.09,0.0
2026-07-23 20:52:00+00:00,4049.09,4049.18,4047.61,4047.73,0.0
2026-07-23 20:53:00+00:00,4047.71,4048.02,4047.55,4047.94,0.0
2026-07-23 20:54:00+00:00,4047.94,4048.52,4047.94,4048.31,0.0
2026-07-23 20:55:00+00:00,4048.32,4049.69,4048.32,4049.57,0.0
2026-07-23 20:56:00+00:00,4049.56,4049.56,4048.86,4049.03,0.0
2026-07-23 20:57:00+00:00,4049.02,4049.43,4048.99,4049.18,0.0
2026-07-23 20:58:00+00:00,4049.16,4049.63,4049.16,4049.48,0.0
2026-07-23 20:59:00+00:00,4049.48,4049.6,4049.43,4049.48,0.0
2026-07-23 22:00:00+00:00,4050.16,4050.59,4048.86,4049.32,0.0
2026-07-23 22:01:00+00:00,4049.34,4049.87,4048.72,4049.78,0.0
2026-07-23 22:02:00+00:00,4049.72,4049.79,4049.47,4049.59,0.0
2026-07-23 22:03:00+00:00,4049.61,4049.73,4049.01,4049.11,0.0
2026-07-23 22:04:00+00:00,4049.07,4049.61,4048.74,4049.02,0.0
2026-07-23 22:05:00+00:00,4049.02,4049.4,4048.92,4048.92,0.0
2026-07-23 22:06:00+00:00,4049.16,4049.78,4048.86,4049.34,0.0
2026-07-23 22:07:00+00:00,4049.35,4050.08,4049.35,4050.08,0.0
2026-07-23 22:08:00+00:00,4050.09,4050.34,4049.41,4049.41,0.0
2026-07-23 22:09:00+00:00,4049.47,4049.49,4048.78,4049.13,0.0
2026-07-23 22:10:00+00:00,4049.13,4049.41,4049.13,4049.36,0.0
2026-07-23 22:11:00+00:00,4049.36,4049.49,4049.11,4049.39,0.0
2026-07-23 22:12:00+00:00,4049.39,4049.58,4049.36,4049.46,0.0
2026-07-23 22:13:00+00:00,4049.48,4049.49,4049.17,4049.21,0.0
2026-07-23 22:14:00+00:00,4049.21,4049.42,4049.02,4049.06,0.0
2026-07-23 22:15:00+00:00,4049.06,4049.75,4049.06,4049.75,0.0
2026-07-23 22:16:00+00:00,4049.71,4049.84,4049.39,4049.76,0.0
2026-07-23 22:17:00+00:00,4049.76,4049.8,4049.47,4049.55,0.0
2026-07-23 22:18:00+00:00,4049.54,4049.86,4049.54,4049.83,0.0
2026-07-23 22:19:00+00:00,4049.83,4049.99,4049.61,4049.8,0.0
2026-07-23 22:20:00+00:00,4049.8,4049.8,4049.58,4049.61,0.0
2026-07-23 22:21:00+00:00,4049.63,4050.15,4049.62,4050.11,0.0
2026-07-23 22:22:00+00:00,4050.1,4050.19,4049.73,4049.9,0.0
2026-07-23 22:23:00+00:00,4050.03,4050.17,4049.96,4050.0,0.0
2026-07-23 22:24:00+00:00,4050.02,4050.32,4050.02,4050.16,0.0
2026-07-23 22:25:00+00:00,4050.15,4050.15,4049.95,4050.02,0.0
2026-07-23 22:26:00+00:00,4049.95,4050.06,4049.62,4049.69,0.0
2026-07-23 22:27:00+00:00,4049.65,4049.95,4049.57,4049.7,0.0
2026-07-23 22:28:00+00:00,4049.68,4049.68,4049.45,4049.53,0.0
2026-07-23 22:29:00+00:00,4049.53,4050.08,4049.51,4050.08,0.0
2026-07-23 22:30:00+00:00,4050.06,4050.18,4049.86,4050.02,0.0
2026-07-23 22:31:00+00:00,4050.01,4050.28,4049.94,4050.25,0.0
2026-07-23 22:32:00+00:00,4050.24,4050.49,4050.1,4050.38,0.0
2026-07-23 22:33:00+00:00,4050.37,4050.37,4050.06,4050.1,0.0
2026-07-23 22:34:00+00:00,4050.11,4050.35,4050.1,4050.3,0.0
2026-07-23 22:35:00+00:00,4050.3,4050.37,4050.12,4050.12,0.0
2026-07-23 22:36:00+00:00,4050.13,4050.24,4050.03,4050.17,0.0
2026-07-23 22:37:00+00:00,4050.17,4050.17,4049.7,4050.05,0.0
2026-07-23 22:38:00+00:00,4049.98,4050.3,4049.98,4050.3,0.0
2026-07-23 22:39:00+00:00,4050.27,4050.3,4049.94,4049.95,0.0
2026-07-23 22:40:00+00:00,4049.94,4050.09,4049.65,4049.65,0.0
2026-07-23 22:41:00+00:00,4049.65,4050.09,4049.65,4050.02,0.0
2026-07-23 22:42:00+00:00,4050.02,4050.3,4049.4,4049.73,0.0
2026-07-23 22:43:00+00:00,4049.76,4049.9,4049.0,4049.0,0.0
2026-07-23 22:44:00+00:00,4048.98,4049.5,4048.94,4049.5,0.0
2026-07-23 22:45:00+00:00,4049.5,4049.65,4049.47,4049.65,0.0
2026-07-23 22:46:00+00:00,4049.65,4050.01,4049.65,4049.98,0.0
2026-07-23 22:47:00+00:00,4049.96,4049.96,4049.5,4049.68,0.0
2026-07-23 22:48:00+00:00,4049.68,4049.81,4049.01,4049.71,0.0
2026-07-23 22:49:00+00:00,4049.71,4049.71,4048.67,4048.69,0.0
2026-07-23 22:50:00+00:00,4048.75,4050.43,4048.75,4050.1,0.0
2026-07-23 22:51:00+00:00,4050.1,4050.11,4049.61,4049.89,0.0
2026-07-23 22:52:00+00:00,4049.89,4050.13,4049.86,4050.05,0.0
2026-07-23 22:53:00+00:00,4050.05,4050.14,4050.04,4050.05,0.0
2026-07-23 22:54:00+00:00,4050.09,4050.13,4049.99,4049.99,0.0
2026-07-23 22:55:00+00:00,4049.99,4050.21,4049.99,4050.12,0.0
2026-07-23 22:56:00+00:00,4050.12,4050.2,4049.94,4050.15,0.0
2026-07-23 22:57:00+00:00,4050.13,4050.2,4048.72,4049.15,0.0
2026-07-23 22:58:00+00:00,4049.15,4049.69,4049.15,4049.66,0.0
2026-07-23 22:59:00+00:00,4049.59,4049.65,4049.45,4049.63,0.0
2026-07-23 23:00:00+00:00,4049.63,4049.67,4049.56,4049.63,0.0
2026-07-23 23:01:00+00:00,4049.64,4049.93,4049.59,4049.69,0.0
2026-07-23 23:02:00+00:00,4049.69,4049.89,4049.47,4049.57,0.0
2026-07-23 23:03:00+00:00,4049.55,4049.56,4048.95,4049.13,0.0
2026-07-23 23:04:00+00:00,4049.2,4049.32,4048.85,4048.9,0.0
2026-07-23 23:05:00+00:00,4048.92,4049.19,4048.92,4049.14,0.0
2026-07-23 23:06:00+00:00,4049.14,4049.14,4048.85,4048.85,0.0
2026-07-23 23:07:00+00:00,4048.88,4048.88,4048.13,4048.15,0.0
2026-07-23 23:08:00+00:00,4048.15,4048.33,4047.85,4048.16,0.0
2026-07-23 23:09:00+00:00,4048.17,4048.62,4048.17,4048.42,0.0
2026-07-23 23:10:00+00:00,4048.42,4048.61,4047.83,4048.25,0.0
2026-07-23 23:11:00+00:00,4048.25,4048.25,4047.74,4047.8,0.0
2026-07-23 23:12:00+00:00,4047.77,4047.83,4047.62,4047.72,0.0
2026-07-23 23:13:00+00:00,4047.71,4047.95,4047.58,4047.93,0.0
2026-07-23 23:14:00+00:00,4047.93,4048.68,4047.59,4048.6,0.0
2026-07-23 23:15:00+00:00,4048.59,4049.3,4048.59,4048.84,0.0
2026-07-23 23:16:00+00:00,4048.83,4049.08,4048.76,4048.9,0.0
2026-07-23 23:17:00+00:00,4048.87,4048.91,4048.24,4048.54,0.0
2026-07-23 23:18:00+00:00,4048.55,4048.7,4048.16,4048.22,0.0
2026-07-23 23:19:00+00:00,4048.21,4048.25,4047.4,4047.4,0.0
2026-07-23 23:20:00+00:00,4047.42,4048.39,4047.32,4048.3,0.0
2026-07-23 23:21:00+00:00,4048.29,4049.13,4048.28,4049.08,0.0
2026-07-23 23:22:00+00:00,4049.08,4049.13,4048.76,4049.12,0.0
2026-07-23 23:23:00+00:00,4049.13,4049.16,4048.68,4048.72,0.0
2026-07-23 23:24:00+00:00,4048.73,4049.36,4048.72,4049.28,0.0
2026-07-23 23:25:00+00:00,4049.36,4050.03,4049.34,4049.97,0.0
2026-07-23 23:26:00+00:00,4049.84,4049.84,4049.26,4049.33,0.0
2026-07-23 23:27:00+00:00,4049.34,4049.36,4048.98,4049.22,0.0
2026-07-23 23:28:00+00:00,4049.1,4049.82,4049.1,4049.26,0.0
2026-07-23 23:29:00+00:00,4049.29,4049.47,4049.04,4049.22,0.0
2026-07-23 23:30:00+00:00,4049.37,4050.0,4049.27,4049.81,0.0
2026-07-23 23:31:00+00:00,4049.62,4049.74,4049.52,4049.7,0.0
2026-07-23 23:32:00+00:00,4049.7,4050.41,4049.7,4049.77,0.0
2026-07-23 23:33:00+00:00,4049.8,4050.44,4049.8,4050.34,0.0
2026-07-23 23:34:00+00:00,4050.38,4050.54,4050.08,4050.5,0.0
2026-07-23 23:35:00+00:00,4050.54,4050.54,4049.23,4049.23,0.0
2026-07-23 23:36:00+00:00,4049.3,4049.42,4048.86,4048.88,0.0
2026-07-23 23:37:00+00:00,4048.88,4049.55,4048.83,4049.46,0.0
2026-07-23 23:38:00+00:00,4049.46,4050.24,4049.03,4049.67,0.0
2026-07-23 23:39:00+00:00,4049.65,4049.73,4048.49,4048.49,0.0
2026-07-23 23:40:00+00:00,4048.49,4048.51,4047.29,4047.58,0.0
2026-07-23 23:41:00+00:00,4047.58,4048.5,4047.58,4048.24,0.0
2026-07-23 23:42:00+00:00,4048.23,4048.28,4047.52,4047.99,0.0
2026-07-23 23:43:00+00:00,4047.98,4048.13,4047.66,4047.81,0.0
2026-07-23 23:44:00+00:00,4047.8,4048.6,4047.73,4048.32,0.0
2026-07-23 23:45:00+00:00,4048.32,4048.82,4047.37,4047.59,0.0
2026-07-23 23:46:00+00:00,4047.56,4048.0,4047.25,4047.34,0.0
2026-07-23 23:47:00+00:00,4047.38,4048.16,4047.23,4047.97,0.0
2026-07-23 23:48:00+00:00,4047.97,4049.7,4047.9,4049.69,0.0
2026-07-23 23:49:00+00:00,4049.69,4049.69,4048.6,4048.63,0.0
2026-07-23 23:50:00+00:00,4048.63,4048.95,4048.16,4048.17,0.0
2026-07-23 23:51:00+00:00,4048.24,4048.37,4048.11,4048.2,0.0
2026-07-23 23:52:00+00:00,4048.2,4049.07,4048.17,4048.89,0.0
2026-07-23 23:53:00+00:00,4048.92,4049.61,4048.47,4048.58,0.0
2026-07-23 23:54:00+00:00,4048.58,4048.58,4047.36,4047.7,0.0
2026-07-23 23:55:00+00:00,4047.7,4048.2,4047.29,4047.8,0.0
2026-07-23 23:56:00+00:00,4047.81,4048.08,4047.6,4047.87,0.0
2026-07-23 23:57:00+00:00,4047.84,4048.47,4047.84,4048.09,0.0
2026-07-23 23:58:00+00:00,4048.12,4048.28,4047.94,4048.06,0.0
2026-07-23 23:59:00+00:00,4047.98,4047.98,4046.81,4047.16,0.0
2026-07-24 00:00:00+00:00,4047.18,4049.5,4047.06,4048.37,0.0
2026-07-24 00:01:00+00:00,4048.44,4049.5,4048.44,4049.15,0.0
2026-07-24 00:02:00+00:00,4049.24,4050.1,4048.5,4049.08,0.0
2026-07-24 00:03:00+00:00,4049.08,4049.65,4048.58,4049.28,0.0
2026-07-24 00:04:00+00:00,4048.94,4048.94,4047.25,4047.25,0.0
2026-07-24 00:05:00+00:00,4047.29,4047.53,4046.13,4046.95,0.0
2026-07-24 00:06:00+00:00,4046.99,4047.14,4045.85,4046.37,0.0
2026-07-24 00:07:00+00:00,4046.19,4046.19,4045.09,4045.91,0.0
2026-07-24 00:08:00+00:00,4045.9,4046.09,4045.15,4045.69,0.0
2026-07-24 00:09:00+00:00,4045.51,4046.62,4045.18,4045.75,0.0
2026-07-24 00:10:00+00:00,4045.75,4046.61,4044.01,4044.41,0.0
2026-07-24 00:11:00+00:00,4044.46,4044.61,4043.77,4043.83,0.0
2026-07-24 00:12:00+00:00,4043.83,4044.47,4043.31,4044.17,0.0
2026-07-24 00:13:00+00:00,4044.21,4044.37,4043.46,4043.94,0.0
2026-07-24 00:14:00+00:00,4043.78,4043.78,4041.47,4041.47,0.0
2026-07-24 00:15:00+00:00,4041.66,4042.32,4041.43,4041.87,0.0
2026-07-24 00:16:00+00:00,4041.81,4043.52,4041.63,4043.5,0.0
2026-07-24 00:17:00+00:00,4044.03,4044.15,4042.74,4043.27,0.0
2026-07-24 00:18:00+00:00,4043.27,4045.12,4043.22,4044.77,0.0
2026-07-24 00:19:00+00:00,4044.78,4045.04,4043.2,4043.23,0.0
2026-07-24 00:20:00+00:00,4043.28,4044.23,4043.02,4044.23,0.0
2026-07-24 00:21:00+00:00,4044.3,4046.04,4043.42,4045.45,0.0
2026-07-24 00:22:00+00:00,4045.32,4046.23,4045.0,4046.17,0.0
2026-07-24 00:23:00+00:00,4046.2,4048.03,4045.97,4047.05,0.0
2026-07-24 00:24:00+00:00,4047.04,4047.27,4046.18,4046.2,0.0
2026-07-24 00:25:00+00:00,4046.2,4046.9,4045.63,4045.63,0.0
2026-07-24 00:26:00+00:00,4045.66,4045.72,4045.13,4045.27,0.0
2026-07-24 00:27:00+00:00,4045.3,4045.85,4044.19,4045.07,0.0
2026-07-24 00:28:00+00:00,4045.1,4045.59,4044.73,4044.82,0.0
2026-07-24 00:29:00+00:00,4044.89,4046.73,4044.86,4046.68,0.0
2026-07-24 00:30:00+00:00,4046.73,4047.36,4046.43,4046.45,0.0
2026-07-24 00:31:00+00:00,4046.52,4047.05,4046.11,4046.66,0.0
2026-07-24 00:32:00+00:00,4046.73,4046.73,4045.94,4046.55,0.0
2026-07-24 00:33:00+00:00,4046.55,4047.24,4046.46,4047.24,0.0
2026-07-24 00:34:00+00:00,4047.17,4047.24,4045.05,4046.28,0.0
2026-07-24 00:35:00+00:00,4046.26,4046.61,4045.5,4045.77,0.0
2026-07-24 00:36:00+00:00,4045.8,4048.43,4045.8,4048.27,0.0
2026-07-24 00:37:00+00:00,4048.3,4049.75,4048.27,4049.35,0.0
2026-07-24 00:38:00+00:00,4049.23,4049.66,4048.97,4049.41,0.0
2026-07-24 00:39:00+00:00,4049.44,4049.95,4048.59,4048.6,0.0
2026-07-24 00:40:00+00:00,4048.61,4049.15,4048.26,4048.54,0.0
2026-07-24 00:41:00+00:00,4048.64,4048.88,4047.83,4047.84,0.0
2026-07-24 00:42:00+00:00,4048.02,4049.56,4047.92,4049.45,0.0
2026-07-24 00:43:00+00:00,4049.47,4050.26,4049.38,4049.78,0.0
2026-07-24 00:44:00+00:00,4049.78,4050.18,4049.1,4049.42,0.0
2026-07-24 00:45:00+00:00,4049.43,4049.86,4049.14,4049.72,0.0
2026-07-24 00:46:00+00:00,4049.69,4050.13,4049.08,4049.73,0.0
2026-07-24 00:47:00+00:00,4049.78,4050.46,4049.57,4050.21,0.0
2026-07-24 00:48:00+00:00,4050.22,4050.22,4049.75,4049.75,0.0
2026-07-24 00:49:00+00:00,4049.89,4049.89,4049.02,4049.03,0.0
2026-07-24 00:50:00+00:00,4049.05,4049.72,4048.81,4049.58,0.0
2026-07-24 00:51:00+00:00,4049.78,4049.94,4049.14,4049.16,0.0
2026-07-24 00:52:00+00:00,4049.09,4049.34,4048.77,4049.24,0.0
2026-07-24 00:53:00+00:00,4049.24,4049.45,4048.83,4048.86,0.0
2026-07-24 00:54:00+00:00,4048.81,4049.33,4048.58,4048.97,0.0
2026-07-24 00:55:00+00:00,4049.13,4049.88,4048.93,4049.69,0.0
2026-07-24 00:56:00+00:00,4049.71,4050.0,4049.19,4049.89,0.0
2026-07-24 00:57:00+00:00,4049.83,4050.25,4049.61,4050.22,0.0
2026-07-24 00:58:00+00:00,4050.25,4050.5,4049.54,4049.71,0.0
2026-07-24 00:59:00+00:00,4049.74,4050.57,4049.59,4049.83,0.0
2026-07-24 01:00:00+00:00,4049.92,4050.25,4046.61,4047.54,0.0
2026-07-24 01:01:00+00:00,4047.55,4048.13,4043.24,4044.94,0.0
2026-07-24 01:02:00+00:00,4045.02,4045.02,4041.51,4042.77,0.0
2026-07-24 01:03:00+00:00,4042.77,4043.31,4041.86,4041.86,0.0
2026-07-24 01:04:00+00:00,4042.01,4044.5,4040.75,4044.34,0.0
2026-07-24 01:05:00+00:00,4044.1,4044.97,4043.57,4043.83,0.0
2026-07-24 01:06:00+00:00,4043.84,4044.51,4042.12,4042.92,0.0
2026-07-24 01:07:00+00:00,4043.01,4043.79,4042.35,4042.98,0.0
2026-07-24 01:08:00+00:00,4042.89,4044.01,4042.09,4043.75,0.0
2026-07-24 01:09:00+00:00,4043.74,4044.21,4042.72,4043.09,0.0
2026-07-24 01:10:00+00:00,4043.19,4044.76,4042.42,4042.42,0.0
2026-07-24 01:11:00+00:00,4042.44,4043.35,4041.86,4041.86,0.0
2026-07-24 01:12:00+00:00,4041.58,4041.78,4040.9,4041.73,0.0
2026-07-24 01:13:00+00:00,4041.99,4041.99,4041.4,4041.68,0.0
2026-07-24 01:14:00+00:00,4041.74,4042.61,4041.59,4042.5,0.0
2026-07-24 01:15:00+00:00,4042.56,4043.57,4041.61,4043.11,0.0
2026-07-24 01:16:00+00:00,4043.12,4045.94,4043.02,4043.97,0.0
2026-07-24 01:17:00+00:00,4043.82,4044.44,4043.45,4043.52,0.0
2026-07-24 01:18:00+00:00,4043.5,4044.49,4042.85,4044.43,0.0
2026-07-24 01:19:00+00:00,4044.45,4045.2,4044.38,4044.92,0.0
2026-07-24 01:20:00+00:00,4044.93,4044.93,4042.96,4043.86,0.0
2026-07-24 01:21:00+00:00,4043.94,4044.07,4042.36,4042.39,0.0
2026-07-24 01:22:00+00:00,4042.38,4043.79,4042.28,4042.87,0.0
2026-07-24 01:23:00+00:00,4042.8,4044.16,4042.37,4044.06,0.0
2026-07-24 01:24:00+00:00,4044.03,4045.38,4043.62,4045.12,0.0
2026-07-24 01:25:00+00:00,4045.06,4045.62,4044.72,4045.46,0.0
2026-07-24 01:26:00+00:00,4045.36,4045.83,4043.84,4044.1,0.0
2026-07-24 01:27:00+00:00,4043.84,4045.73,4043.83,4045.46,0.0
2026-07-24 01:28:00+00:00,4045.42,4045.42,4044.09,4044.09,0.0
2026-07-24 01:29:00+00:00,4044.09,4044.37,4042.94,4042.99,0.0
2026-07-24 01:30:00+00:00,4042.87,4043.23,4041.85,4042.29,0.0
2026-07-24 01:31:00+00:00,4042.29,4043.87,4041.91,4041.99,0.0
2026-07-24 01:32:00+00:00,4042.06,4042.81,4042.06,4042.51,0.0
2026-07-24 01:33:00+00:00,4042.56,4045.18,4042.24,4044.71,0.0
2026-07-24 01:34:00+00:00,4044.8,4044.85,4043.88,4044.08,0.0
2026-07-24 01:35:00+00:00,4043.98,4044.2,4042.25,4042.83,0.0
2026-07-24 01:36:00+00:00,4042.74,4043.64,4042.57,4043.56,0.0
2026-07-24 01:37:00+00:00,4043.55,4044.49,4042.87,4043.72,0.0
2026-07-24 01:38:00+00:00,4043.68,4045.14,4043.29,4044.8,0.0
2026-07-24 01:39:00+00:00,4044.73,4044.93,4043.42,4043.63,0.0
2026-07-24 01:40:00+00:00,4043.62,4045.11,4043.6,4044.94,0.0
2026-07-24 01:41:00+00:00,4044.96,4046.08,4044.82,4045.91,0.0
2026-07-24 01:42:00+00:00,4045.92,4047.93,4045.82,4047.32,0.0
2026-07-24 01:43:00+00:00,4047.34,4047.77,4046.94,4047.53,0.0
2026-07-24 01:44:00+00:00,4047.74,4050.28,4047.66,4050.01,0.0
2026-07-24 01:45:00+00:00,4050.02,4050.02,4048.97,4049.52,0.0
2026-07-24 01:46:00+00:00,4049.44,4050.16,4049.22,4049.32,0.0
2026-07-24 01:47:00+00:00,4049.31,4049.31,4048.22,4048.37,0.0
2026-07-24 01:48:00+00:00,4048.4,4048.6,4048.13,4048.51,0.0
2026-07-24 01:49:00+00:00,4048.54,4049.03,4048.03,4048.03,0.0
2026-07-24 01:50:00+00:00,4048.0,4048.0,4046.04,4046.08,0.0
2026-07-24 01:51:00+00:00,4046.28,4046.64,4045.81,4046.39,0.0
2026-07-24 01:52:00+00:00,4046.43,4047.51,4045.2,4047.5,0.0
2026-07-24 01:53:00+00:00,4047.36,4047.68,4045.62,4046.03,0.0
2026-07-24 01:54:00+00:00,4046.04,4046.87,4045.72,4046.25,0.0
2026-07-24 01:55:00+00:00,4046.19,4046.46,4044.77,4044.97,0.0
2026-07-24 01:56:00+00:00,4045.1,4045.22,4044.63,4044.68,0.0
2026-07-24 01:57:00+00:00,4044.67,4044.72,4042.76,4043.7,0.0
2026-07-24 01:58:00+00:00,4043.68,4043.68,4041.61,4042.54,0.0
2026-07-24 01:59:00+00:00,4042.58,4043.88,4042.53,4043.78,0.0
2026-07-24 02:00:00+00:00,4043.73,4044.78,4043.49,4044.25,0.0
2026-07-24 02:01:00+00:00,4044.21,4045.29,4043.74,4045.25,0.0
2026-07-24 02:02:00+00:00,4045.24,4045.24,4044.34,4045.13,0.0
2026-07-24 02:03:00+00:00,4045.07,4045.22,4044.42,4044.99,0.0
2026-07-24 02:04:00+00:00,4044.91,4045.2,4042.56,4042.59,0.0
2026-07-24 02:05:00+00:00,4042.69,4043.25,4041.2,4042.76,0.0
2026-07-24 02:06:00+00:00,4042.7,4043.57,4042.22,4043.13,0.0
2026-07-24 02:07:00+00:00,4043.12,4044.24,4042.95,4044.12,0.0
2026-07-24 02:08:00+00:00,4044.13,4044.13,4043.13,4043.44,0.0
2026-07-24 02:09:00+00:00,4043.42,4044.73,4043.16,4044.64,0.0
2026-07-24 02:10:00+00:00,4044.89,4045.48,4044.08,4044.69,0.0
2026-07-24 02:11:00+00:00,4044.66,4045.21,4044.23,4044.96,0.0
2026-07-24 02:12:00+00:00,4044.94,4045.29,4044.87,4044.98,0.0
2026-07-24 02:13:00+00:00,4044.98,4045.82,4044.98,4045.56,0.0
2026-07-24 02:14:00+00:00,4045.47,4045.98,4045.18,4045.8,0.0
2026-07-24 02:15:00+00:00,4045.8,4045.96,4044.97,4045.58,0.0
2026-07-24 02:16:00+00:00,4045.59,4045.85,4045.28,4045.28,0.0
2026-07-24 02:17:00+00:00,4045.28,4045.95,4045.03,4045.44,0.0
2026-07-24 02:18:00+00:00,4045.44,4045.57,4045.1,4045.36,0.0
2026-07-24 02:19:00+00:00,4045.31,4045.75,4045.06,4045.06,0.0
2026-07-24 02:20:00+00:00,4045.06,4045.58,4044.58,4045.34,0.0
2026-07-24 02:21:00+00:00,4045.49,4045.67,4044.12,4044.2,0.0
2026-07-24 02:22:00+00:00,4044.2,4044.38,4043.21,4043.21,0.0
2026-07-24 02:23:00+00:00,4042.94,4045.4,4042.87,4045.2,0.0
2026-07-24 02:24:00+00:00,4045.18,4046.41,4044.96,4046.41,0.0
2026-07-24 02:25:00+00:00,4046.42,4046.62,4046.1,4046.28,0.0
2026-07-24 02:26:00+00:00,4046.28,4046.38,4045.88,4046.38,0.0
2026-07-24 02:27:00+00:00,4046.38,4047.95,4046.36,4047.94,0.0
2026-07-24 02:28:00+00:00,4047.94,4048.18,4046.76,4046.76,0.0
2026-07-24 02:29:00+00:00,4046.77,4046.78,4046.3,4046.65,0.0
2026-07-24 02:30:00+00:00,4046.54,4047.28,4045.22,4046.67,0.0
2026-07-24 02:31:00+00:00,4046.75,4048.17,4046.12,4047.55,0.0
2026-07-24 02:32:00+00:00,4047.54,4047.78,4046.34,4046.89,0.0
2026-07-24 02:33:00+00:00,4046.95,4046.95,4044.5,4044.58,0.0
2026-07-24 02:34:00+00:00,4044.78,4044.78,4043.88,4044.23,0.0
2026-07-24 02:35:00+00:00,4044.32,4044.85,4043.86,4044.44,0.0
2026-07-24 02:36:00+00:00,4044.43,4044.55,4043.14,4043.29,0.0
2026-07-24 02:37:00+00:00,4043.27,4043.76,4042.39,4043.0,0.0
2026-07-24 02:38:00+00:00,4043.05,4043.09,4042.64,4042.65,0.0
2026-07-24 02:39:00+00:00,4042.46,4042.54,4041.59,4042.54,0.0
2026-07-24 02:40:00+00:00,4042.54,4043.92,4042.51,4043.34,0.0
2026-07-24 02:41:00+00:00,4043.3,4043.69,4042.07,4042.72,0.0
2026-07-24 02:42:00+00:00,4042.69,4043.25,4041.61,4041.89,0.0
2026-07-24 02:43:00+00:00,4041.89,4042.25,4041.67,4042.06,0.0
2026-07-24 02:44:00+00:00,4042.0,4042.15,4041.69,4041.84,0.0
2026-07-24 02:45:00+00:00,4041.79,4041.82,4040.59,4040.67,0.0
2026-07-24 02:46:00+00:00,4040.66,4041.84,4040.6,4041.24,0.0
2026-07-24 02:47:00+00:00,4041.19,4041.43,4036.59,4036.59,0.0
2026-07-24 02:48:00+00:00,4035.84,4037.35,4028.5,4030.3,0.0
2026-07-24 02:49:00+00:00,4030.47,4031.58,4026.67,4026.89,0.0
2026-07-24 02:50:00+00:00,4026.55,4030.39,4026.05,4029.56,0.0
2026-07-24 02:51:00+00:00,4029.37,4030.16,4027.98,4029.1,0.0
2026-07-24 02:52:00+00:00,4029.15,4029.29,4027.62,4028.44,0.0
2026-07-24 02:53:00+00:00,4028.69,4030.26,4028.05,4028.92,0.0
2026-07-24 02:54:00+00:00,4028.91,4029.16,4025.68,4025.69,0.0
2026-07-24 02:55:00+00:00,4025.77,4026.6,4024.29,4024.29,0.0
2026-07-24 02:56:00+00:00,4024.31,4027.09,4024.31,4026.61,0.0
2026-07-24 02:57:00+00:00,4026.34,4027.49,4025.97,4026.21,0.0
2026-07-24 02:58:00+00:00,4026.32,4026.59,4023.49,4023.96,0.0
2026-07-24 02:59:00+00:00,4024.33,4024.78,4023.26,4024.78,0.0
2026-07-24 03:00:00+00:00,4024.61,4025.59,4023.32,4025.59,0.0
2026-07-24 03:01:00+00:00,4025.54,4025.82,4023.65,4023.65,0.0
2026-07-24 03:02:00+00:00,4024.07,4025.0,4023.62,4024.52,0.0
2026-07-24 03:03:00+00:00,4024.5,4026.01,4023.32,4026.01,0.0
2026-07-24 03:04:00+00:00,4025.77,4027.4,4025.67,4026.8,0.0
2026-07-24 03:05:00+00:00,4026.8,4028.0,4026.65,4027.87,0.0
2026-07-24 03:06:00+00:00,4027.84,4028.75,4027.1,4027.56,0.0
2026-07-24 03:07:00+00:00,4027.55,4028.29,4027.04,4028.19,0.0
2026-07-24 03:08:00+00:00,4028.01,4028.92,4027.54,4028.65,0.0
2026-07-24 03:09:00+00:00,4028.56,4028.56,4026.67,4026.96,0.0
2026-07-24 03:10:00+00:00,4026.98,4027.88,4026.46,4026.89,0.0
2026-07-24 03:11:00+00:00,4026.86,4028.02,4026.31,4028.02,0.0
2026-07-24 03:12:00+00:00,4028.49,4030.5,4028.49,4030.42,0.0
2026-07-24 03:13:00+00:00,4030.42,4032.31,4030.42,4031.11,0.0
2026-07-24 03:14:00+00:00,4031.15,4032.21,4031.15,4032.1,0.0
2026-07-24 03:15:00+00:00,4031.94,4033.59,4031.73,4032.47,0.0
2026-07-24 03:16:00+00:00,4032.42,4032.83,4031.79,4032.28,0.0
2026-07-24 03:17:00+00:00,4032.28,4032.64,4031.76,4032.06,0.0
2026-07-24 03:18:00+00:00,4032.05,4032.45,4031.59,4031.62,0.0
2026-07-24 03:19:00+00:00,4031.62,4031.95,4029.2,4029.23,0.0
2026-07-24 03:20:00+00:00,4029.3,4029.54,4028.38,4029.36,0.0
2026-07-24 03:21:00+00:00,4029.36,4031.46,4029.19,4031.35,0.0
2026-07-24 03:22:00+00:00,4031.36,4031.8,4030.18,4030.32,0.0
2026-07-24 03:23:00+00:00,4030.21,4030.25,4029.71,4030.15,0.0
2026-07-24 03:24:00+00:00,4030.0,4031.09,4029.92,4030.39,0.0
2026-07-24 03:25:00+00:00,4030.4,4030.93,4029.91,4030.21,0.0
2026-07-24 03:26:00+00:00,4030.33,4030.33,4028.68,4029.84,0.0
2026-07-24 03:27:00+00:00,4029.89,4030.91,4029.82,4030.72,0.0
2026-07-24 03:28:00+00:00,4030.72,4030.76,4029.53,4029.53,0.0
2026-07-24 03:29:00+00:00,4029.57,4030.44,4029.42,4030.37,0.0
2026-07-24 03:30:00+00:00,4030.45,4033.17,4030.45,4032.99,0.0
2026-07-24 03:31:00+00:00,4033.04,4033.1,4032.03,4032.67,0.0
2026-07-24 03:32:00+00:00,4032.55,4032.55,4031.11,4031.46,0.0
2026-07-24 03:33:00+00:00,4031.44,4031.94,4031.12,4031.23,0.0
2026-07-24 03:34:00+00:00,4031.26,4032.38,4031.11,4031.98,0.0
2026-07-24 03:35:00+00:00,4032.11,4032.85,4032.04,4032.64,0.0
2026-07-24 03:36:00+00:00,4032.75,4032.75,4031.44,4031.81,0.0
2026-07-24 03:37:00+00:00,4031.74,4032.15,4031.17,4032.08,0.0
2026-07-24 03:38:00+00:00,4031.91,4032.33,4031.21,4032.12,0.0
2026-07-24 03:39:00+00:00,4032.26,4033.0,4031.5,4031.54,0.0
2026-07-24 03:40:00+00:00,4031.57,4032.83,4031.57,4032.83,0.0
2026-07-24 03:41:00+00:00,4032.81,4032.87,4032.28,4032.29,0.0
2026-07-24 03:42:00+00:00,4032.31,4032.69,4032.12,4032.53,0.0
2026-07-24 03:43:00+00:00,4032.53,4032.57,4031.01,4031.22,0.0
2026-07-24 03:44:00+00:00,4031.22,4032.09,4031.17,4031.84,0.0
2026-07-24 03:45:00+00:00,4031.71,4031.71,4030.01,4030.57,0.0
2026-07-24 03:46:00+00:00,4030.34,4031.06,4030.29,4030.92,0.0
2026-07-24 03:47:00+00:00,4030.93,4031.4,4030.67,4031.04,0.0
2026-07-24 03:48:00+00:00,4031.06,4031.72,4030.96,4031.71,0.0
2026-07-24 03:49:00+00:00,4031.71,4032.13,4031.63,4031.63,0.0
2026-07-24 03:50:00+00:00,4031.63,4031.63,4030.48,4030.48,0.0
2026-07-24 03:51:00+00:00,4030.45,4032.2,4030.44,4031.67,0.0
2026-07-24 03:52:00+00:00,4031.68,4031.85,4031.19,4031.19,0.0
2026-07-24 03:53:00+00:00,4031.17,4031.19,4030.52,4030.77,0.0
2026-07-24 03:54:00+00:00,4030.76,4031.02,4029.96,4029.96,0.0
2026-07-24 03:55:00+00:00,4029.96,4029.96,4028.73,4029.01,0.0
2026-07-24 03:56:00+00:00,4029.0,4029.24,4028.65,4028.92,0.0
2026-07-24 03:57:00+00:00,4028.91,4029.08,4028.65,4028.95,0.0
2026-07-24 03:58:00+00:00,4028.97,4029.23,4028.55,4029.23,0.0
2026-07-24 03:59:00+00:00,4029.22,4029.95,4029.22,4029.45,0.0
2026-07-24 04:00:00+00:00,4029.45,4029.75,4028.47,4029.24,0.0
2026-07-24 04:01:00+00:00,4028.71,4029.08,4028.05,4028.31,0.0
2026-07-24 04:02:00+00:00,4028.29,4029.47,4028.26,4029.2,0.0
2026-07-24 04:03:00+00:00,4029.18,4029.69,4029.03,4029.62,0.0
2026-07-24 04:04:00+00:00,4029.62,4029.62,4028.81,4029.55,0.0
2026-07-24 04:05:00+00:00,4029.48,4030.35,4029.3,4029.35,0.0
2026-07-24 04:06:00+00:00,4029.34,4030.16,4029.17,4029.36,0.0
2026-07-24 04:07:00+00:00,4029.28,4029.31,4028.84,4029.14,0.0
2026-07-24 04:08:00+00:00,4029.5,4029.5,4028.42,4028.62,0.0
2026-07-24 04:09:00+00:00,4028.54,4029.61,4028.54,4029.43,0.0
2026-07-24 04:10:00+00:00,4029.43,4029.44,4028.28,4028.32,0.0
2026-07-24 04:11:00+00:00,4028.31,4028.33,4027.64,4027.65,0.0
2026-07-24 04:12:00+00:00,4027.65,4028.87,4027.27,4028.59,0.0
2026-07-24 04:13:00+00:00,4028.65,4029.14,4028.43,4028.57,0.0
2026-07-24 04:14:00+00:00,4028.56,4028.87,4028.26,4028.33,0.0
2026-07-24 04:15:00+00:00,4028.3,4028.93,4028.3,4028.75,0.0
2026-07-24 04:16:00+00:00,4028.74,4028.93,4028.51,4028.78,0.0
2026-07-24 04:17:00+00:00,4028.79,4028.79,4028.0,4028.43,0.0
2026-07-24 04:18:00+00:00,4028.43,4028.48,4027.8,4027.86,0.0
2026-07-24 04:19:00+00:00,4028.01,4028.71,4028.01,4028.64,0.0
2026-07-24 04:20:00+00:00,4028.64,4028.97,4028.05,4028.65,0.0
2026-07-24 04:21:00+00:00,4028.63,4029.13,4028.34,4029.13,0.0
2026-07-24 04:22:00+00:00,4029.15,4029.57,4028.68,4029.48,0.0
2026-07-24 04:23:00+00:00,4029.61,4029.79,4029.38,4029.7,0.0
2026-07-24 04:24:00+00:00,4029.78,4030.14,4029.43,4029.51,0.0
2026-07-24 04:25:00+00:00,4029.51,4029.96,4029.51,4029.82,0.0
2026-07-24 04:26:00+00:00,4029.82,4030.42,4029.62,4030.2,0.0
2026-07-24 04:27:00+00:00,4030.05,4030.36,4029.61,4029.75,0.0
2026-07-24 04:28:00+00:00,4029.74,4030.32,4029.53,4029.54,0.0
2026-07-24 04:29:00+00:00,4029.54,4029.96,4029.52,4029.85,0.0
2026-07-24 04:30:00+00:00,4029.87,4030.24,4029.8,4030.16,0.0
2026-07-24 04:31:00+00:00,4030.16,4030.36,4030.04,4030.26,0.0
2026-07-24 04:32:00+00:00,4030.27,4030.27,4029.51,4029.51,0.0
2026-07-24 04:33:00+00:00,4029.51,4029.59,4029.25,4029.25,0.0
2026-07-24 04:34:00+00:00,4029.27,4029.37,4028.8,4029.15,0.0
2026-07-24 04:35:00+00:00,4029.04,4029.85,4028.74,4028.74,0.0
2026-07-24 04:36:00+00:00,4028.71,4028.85,4027.62,4027.69,0.0
2026-07-24 04:37:00+00:00,4027.69,4028.06,4027.28,4027.85,0.0
2026-07-24 04:38:00+00:00,4027.85,4027.87,4027.36,4027.62,0.0
2026-07-24 04:39:00+00:00,4027.64,4027.73,4027.26,4027.28,0.0
2026-07-24 04:40:00+00:00,4027.37,4027.68,4026.55,4026.64,0.0
2026-07-24 04:41:00+00:00,4026.87,4027.02,4026.49,4026.81,0.0
2026-07-24 04:42:00+00:00,4026.82,4026.93,4026.34,4026.88,0.0
2026-07-24 04:43:00+00:00,4026.96,4027.15,4026.66,4026.66,0.0
2026-07-24 04:44:00+00:00,4026.63,4027.22,4026.15,4026.97,0.0
2026-07-24 04:45:00+00:00,4026.98,4027.02,4026.66,4027.02,0.0
2026-07-24 04:46:00+00:00,4027.01,4027.18,4025.7,4026.06,0.0
2026-07-24 04:47:00+00:00,4026.18,4026.46,4025.86,4026.19,0.0
2026-07-24 04:48:00+00:00,4026.18,4027.33,4026.11,4027.25,0.0
2026-07-24 04:49:00+00:00,4027.29,4027.29,4026.77,4027.06,0.0
2026-07-24 04:50:00+00:00,4027.03,4027.32,4026.47,4026.5,0.0
2026-07-24 04:51:00+00:00,4026.5,4026.55,4026.11,4026.33,0.0
2026-07-24 04:52:00+00:00,4026.33,4026.83,4026.33,4026.83,0.0
2026-07-24 04:53:00+00:00,4026.84,4027.17,4026.84,4027.0,0.0
2026-07-24 04:54:00+00:00,4027.11,4027.33,4027.1,4027.14,0.0
2026-07-24 04:55:00+00:00,4027.01,4027.24,4026.81,4026.9,0.0
2026-07-24 04:56:00+00:00,4026.86,4027.26,4026.8,4027.14,0.0
2026-07-24 04:57:00+00:00,4027.15,4028.86,4027.08,4028.36,0.0
2026-07-24 04:58:00+00:00,4028.38,4028.69,4027.47,4027.47,0.0
2026-07-24 04:59:00+00:00,4027.46,4028.07,4027.16,4027.16,0.0
2026-07-24 05:00:00+00:00,4027.16,4027.57,4026.44,4026.81,0.0
2026-07-24 05:01:00+00:00,4026.86,4027.2,4026.66,4026.88,0.0
2026-07-24 05:02:00+00:00,4026.82,4026.85,4025.92,4025.92,0.0
2026-07-24 05:03:00+00:00,4025.91,4027.84,4025.38,4027.75,0.0
2026-07-24 05:04:00+00:00,4027.75,4028.66,4027.41,4028.66,0.0
2026-07-24 05:05:00+00:00,4028.75,4029.71,4028.75,4029.63,0.0
2026-07-24 05:06:00+00:00,4029.62,4030.0,4028.67,4028.91,0.0
2026-07-24 05:07:00+00:00,4028.92,4029.09,4028.14,4028.26,0.0
2026-07-24 05:08:00+00:00,4028.27,4028.29,4027.86,4028.0,0.0
2026-07-24 05:09:00+00:00,4028.15,4029.51,4027.98,4029.04,0.0
2026-07-24 05:10:00+00:00,4029.09,4032.21,4029.09,4031.7,0.0
2026-07-24 05:11:00+00:00,4031.67,4032.1,4030.46,4030.51,0.0
2026-07-24 05:12:00+00:00,4030.51,4030.55,4029.6,4030.03,0.0
2026-07-24 05:13:00+00:00,4030.05,4030.47,4029.48,4029.66,0.0
2026-07-24 05:14:00+00:00,4029.77,4029.92,4027.54,4027.73,0.0
2026-07-24 05:15:00+00:00,4027.71,4027.77,4027.19,4027.35,0.0
2026-07-24 05:16:00+00:00,4027.34,4027.44,4025.68,4026.55,0.0
2026-07-24 05:17:00+00:00,4026.43,4027.03,4026.37,4026.84,0.0
2026-07-24 05:18:00+00:00,4026.84,4027.2,4022.58,4023.09,0.0
2026-07-24 05:19:00+00:00,4023.05,4024.58,4022.79,4024.47,0.0
2026-07-24 05:20:00+00:00,4024.5,4024.97,4024.34,4024.72,0.0
2026-07-24 05:21:00+00:00,4024.72,4026.73,4024.51,4026.73,0.0
2026-07-24 05:22:00+00:00,4026.73,4027.96,4026.64,4027.71,0.0
2026-07-24 05:23:00+00:00,4027.7,4029.74,4027.7,4029.48,0.0
2026-07-24 05:24:00+00:00,4029.48,4029.77,4027.55,4027.55,0.0
2026-07-24 05:25:00+00:00,4027.55,4027.55,4026.64,4027.35,0.0
2026-07-24 05:26:00+00:00,4027.31,4027.77,4027.23,4027.5,0.0
2026-07-24 05:27:00+00:00,4027.5,4027.78,4025.63,4025.71,0.0
2026-07-24 05:28:00+00:00,4025.72,4026.64,4025.72,4026.19,0.0
2026-07-24 05:29:00+00:00,4026.09,4026.39,4026.09,4026.29,0.0
2026-07-24 05:30:00+00:00,4026.3,4028.8,4025.8,4027.62,0.0
2026-07-24 05:31:00+00:00,4027.72,4029.17,4027.63,4028.95,0.0
2026-07-24 05:32:00+00:00,4029.07,4029.66,4027.96,4029.18,0.0
2026-07-24 05:33:00+00:00,4029.33,4029.58,4028.32,4029.05,0.0
2026-07-24 05:34:00+00:00,4029.07,4031.59,4028.83,4031.38,0.0
2026-07-24 05:35:00+00:00,4031.39,4031.39,4029.4,4029.97,0.0
2026-07-24 05:36:00+00:00,4030.07,4030.4,4029.36,4029.36,0.0
2026-07-24 05:37:00+00:00,4029.37,4029.37,4027.93,4028.2,0.0
2026-07-24 05:38:00+00:00,4028.17,4028.73,4027.32,4027.44,0.0
2026-07-24 05:39:00+00:00,4027.5,4027.5,4025.15,4026.3,0.0
2026-07-24 05:40:00+00:00,4026.24,4026.8,4025.8,4026.03,0.0
2026-07-24 05:41:00+00:00,4025.96,4027.91,4025.9,4027.91,0.0
2026-07-24 05:42:00+00:00,4028.12,4028.39,4026.69,4027.23,0.0
2026-07-24 05:43:00+00:00,4027.23,4027.23,4024.31,4026.12,0.0
2026-07-24 05:44:00+00:00,4026.04,4026.18,4024.26,4024.88,0.0
2026-07-24 05:45:00+00:00,4024.89,4027.55,4024.71,4027.43,0.0
2026-07-24 05:46:00+00:00,4027.42,4027.89,4027.05,4027.1,0.0
2026-07-24 05:47:00+00:00,4027.07,4029.01,4027.01,4028.82,0.0
2026-07-24 05:48:00+00:00,4028.75,4029.04,4028.22,4028.49,0.0
2026-07-24 05:49:00+00:00,4028.47,4028.47,4027.89,4028.22,0.0
2026-07-24 05:50:00+00:00,4028.21,4029.34,4027.5,4027.5,0.0
2026-07-24 05:51:00+00:00,4027.5,4027.86,4025.73,4025.81,0.0
2026-07-24 05:52:00+00:00,4025.81,4025.81,4024.04,4025.13,0.0
2026-07-24 05:53:00+00:00,4025.18,4025.49,4024.63,4024.92,0.0
2026-07-24 05:54:00+00:00,4024.88,4025.58,4023.1,4023.73,0.0
2026-07-24 05:55:00+00:00,4023.72,4023.72,4022.27,4022.75,0.0
2026-07-24 05:56:00+00:00,4022.48,4024.0,4022.39,4023.5,0.0
2026-07-24 05:57:00+00:00,4023.5,4023.53,4022.17,4022.95,0.0
2026-07-24 05:58:00+00:00,4022.93,4022.93,4022.34,4022.52,0.0
2026-07-24 05:59:00+00:00,4022.53,4023.17,4022.41,4023.17,0.0
2026-07-24 06:00:00+00:00,4023.13,4024.79,4023.13,4024.79,0.0
2026-07-24 06:01:00+00:00,4024.72,4025.32,4024.24,4024.87,0.0
2026-07-24 06:02:00+00:00,4024.86,4025.8,4024.62,4025.8,0.0
2026-07-24 06:03:00+00:00,4025.82,4025.82,4023.78,4024.01,0.0
2026-07-24 06:04:00+00:00,4023.99,4025.67,4023.99,4025.13,0.0
2026-07-24 06:05:00+00:00,4025.28,4026.17,4024.94,4025.29,0.0
2026-07-24 06:06:00+00:00,4025.28,4026.24,4024.69,4026.22,0.0
2026-07-24 06:07:00+00:00,4026.22,4026.52,4025.69,4026.14,0.0
2026-07-24 06:08:00+00:00,4026.15,4027.23,4025.7,4027.21,0.0
2026-07-24 06:09:00+00:00,4027.21,4027.39,4026.83,4027.19,0.0
2026-07-24 06:10:00+00:00,4027.34,4028.42,4027.2,4027.35,0.0
2026-07-24 06:11:00+00:00,4027.66,4028.11,4026.68,4027.7,0.0
2026-07-24 06:12:00+00:00,4027.78,4030.61,4027.68,4030.61,0.0
2026-07-24 06:13:00+00:00,4030.57,4031.37,4029.69,4030.68,0.0
2026-07-24 06:14:00+00:00,4030.54,4031.38,4030.32,4030.94,0.0
2026-07-24 06:15:00+00:00,4031.01,4031.43,4030.57,4030.9,0.0
2026-07-24 06:16:00+00:00,4030.83,4031.03,4029.49,4030.45,0.0
2026-07-24 06:17:00+00:00,4030.58,4030.96,4029.51,4030.41,0.0
2026-07-24 06:18:00+00:00,4030.44,4030.44,4029.64,4030.28,0.0
2026-07-24 06:19:00+00:00,4030.43,4034.12,4030.42,4034.12,0.0
2026-07-24 06:20:00+00:00,4034.13,4035.76,4033.71,4035.47,0.0
2026-07-24 06:21:00+00:00,4035.47,4036.67,4035.21,4035.45,0.0
2026-07-24 06:22:00+00:00,4035.44,4035.91,4034.41,4035.44,0.0
2026-07-24 06:23:00+00:00,4035.8,4036.12,4034.94,4036.12,0.0
2026-07-24 06:24:00+00:00,4036.14,4036.97,4035.89,4036.36,0.0
2026-07-24 06:25:00+00:00,4036.34,4037.81,4035.97,4037.12,0.0
2026-07-24 06:26:00+00:00,4037.1,4038.58,4036.71,4038.58,0.0
2026-07-24 06:27:00+00:00,4039.05,4039.05,4036.92,4036.97,0.0
2026-07-24 06:28:00+00:00,4036.79,4036.79,4035.37,4035.78,0.0
2026-07-24 06:29:00+00:00,4035.68,4036.8,4035.37,4036.66,0.0
2026-07-24 06:30:00+00:00,4036.69,4036.69,4033.4,4033.76,0.0
2026-07-24 06:31:00+00:00,4033.77,4035.36,4033.55,4035.29,0.0
2026-07-24 06:32:00+00:00,4035.27,4035.5,4034.86,4035.17,0.0
2026-07-24 06:33:00+00:00,4035.17,4035.67,4034.52,4035.18,0.0
2026-07-24 06:34:00+00:00,4035.12,4035.22,4034.25,4034.5,0.0
2026-07-24 06:35:00+00:00,4034.69,4036.27,4034.6,4035.21,0.0
2026-07-24 06:36:00+00:00,4035.24,4035.86,4034.93,4035.86,0.0
2026-07-24 06:37:00+00:00,4035.83,4036.34,4035.29,4035.6,0.0
2026-07-24 06:38:00+00:00,4035.59,4037.23,4035.53,4035.81,0.0
2026-07-24 06:39:00+00:00,4035.77,4036.14,4034.8,4035.53,0.0
2026-07-24 06:40:00+00:00,4035.58,4035.86,4034.22,4034.82,0.0
2026-07-24 06:41:00+00:00,4034.89,4036.2,4034.69,4035.89,0.0
2026-07-24 06:42:00+00:00,4035.89,4036.86,4035.63,4035.72,0.0
2026-07-24 06:43:00+00:00,4035.68,4035.75,4034.16,4034.42,0.0
2026-07-24 06:44:00+00:00,4034.44,4034.44,4033.69,4033.94,0.0
2026-07-24 06:45:00+00:00,4033.98,4036.99,4033.94,4036.71,0.0
2026-07-24 06:46:00+00:00,4036.52,4036.86,4036.02,4036.03,0.0
2026-07-24 06:47:00+00:00,4036.03,4036.36,4035.61,4036.25,0.0
2026-07-24 06:48:00+00:00,4036.3,4036.3,4034.33,4034.65,0.0
2026-07-24 06:49:00+00:00,4034.65,4035.04,4033.99,4034.16,0.0
2026-07-24 06:50:00+00:00,4034.11,4034.53,4033.5,4034.32,0.0
2026-07-24 06:51:00+00:00,4034.41,4034.6,4032.57,4032.88,0.0
2026-07-24 06:52:00+00:00,4032.84,4033.21,4031.84,4032.43,0.0
2026-07-24 06:53:00+00:00,4032.3,4033.47,4032.3,4033.43,0.0
2026-07-24 06:54:00+00:00,4033.42,4035.64,4033.14,4035.51,0.0
2026-07-24 06:55:00+00:00,4035.4,4036.76,4035.15,4036.4,0.0
2026-07-24 06:56:00+00:00,4036.48,4037.33,4035.96,4037.15,0.0
2026-07-24 06:57:00+00:00,4037.16,4037.33,4036.36,4036.37,0.0
2026-07-24 06:58:00+00:00,4036.39,4037.92,4036.39,4037.55,0.0
2026-07-24 06:59:00+00:00,4037.55,4038.53,4035.73,4035.94,0.0
2026-07-24 07:00:00+00:00,4035.82,4038.32,4035.3,4038.08,0.0
2026-07-24 07:01:00+00:00,4038.21,4038.41,4037.34,4037.89,0.0
2026-07-24 07:02:00+00:00,4037.82,4039.48,4037.55,4039.48,0.0
2026-07-24 07:03:00+00:00,4039.39,4039.39,4036.83,4038.77,0.0
2026-07-24 07:04:00+00:00,4038.54,4040.21,4038.36,4038.52,0.0
2026-07-24 07:05:00+00:00,4038.5,4040.6,4038.46,4039.85,0.0
2026-07-24 07:06:00+00:00,4039.82,4042.45,4038.83,4041.91,0.0
2026-07-24 07:07:00+00:00,4042.08,4042.55,4041.32,4042.15,0.0
2026-07-24 07:08:00+00:00,4042.29,4043.53,4041.94,4043.53,0.0
2026-07-24 07:09:00+00:00,4043.54,4045.8,4043.54,4045.79,0.0
2026-07-24 07:10:00+00:00,4045.79,4047.46,4045.79,4046.47,0.0
2026-07-24 07:11:00+00:00,4046.47,4046.47,4045.37,4045.37,0.0
2026-07-24 07:12:00+00:00,4045.42,4047.08,4045.09,4045.94,0.0
2026-07-24 07:13:00+00:00,4046.21,4047.08,4046.1,4046.9,0.0
2026-07-24 07:14:00+00:00,4046.83,4046.83,4045.41,4045.78,0.0
2026-07-24 07:15:00+00:00,4045.54,4046.08,4044.29,4045.1,0.0
2026-07-24 07:16:00+00:00,4044.93,4046.0,4044.41,4045.88,0.0
2026-07-24 07:17:00+00:00,4045.91,4045.91,4044.17,4045.54,0.0
2026-07-24 07:18:00+00:00,4045.5,4046.26,4045.07,4045.98,0.0
2026-07-24 07:19:00+00:00,4046.17,4047.51,4045.97,4047.45,0.0
2026-07-24 07:20:00+00:00,4047.43,4047.95,4046.87,4047.26,0.0
2026-07-24 07:21:00+00:00,4047.28,4048.65,4046.11,4048.65,0.0
2026-07-24 07:22:00+00:00,4048.98,4049.03,4047.92,4048.77,0.0
2026-07-24 07:23:00+00:00,4048.79,4048.79,4047.41,4047.41,0.0
2026-07-24 07:24:00+00:00,4047.41,4048.82,4047.41,4048.35,0.0
2026-07-24 07:25:00+00:00,4048.26,4049.65,4047.83,4049.65,0.0
2026-07-24 07:26:00+00:00,4049.7,4050.17,4049.1,4049.14,0.0
2026-07-24 07:27:00+00:00,4049.17,4050.79,4049.07,4050.16,0.0
2026-07-24 07:28:00+00:00,4050.19,4050.69,4049.34,4050.47,0.0
2026-07-24 07:29:00+00:00,4050.46,4050.46,4048.51,4048.94,0.0
2026-07-24 07:30:00+00:00,4048.93,4050.29,4048.93,4050.29,0.0
2026-07-24 07:31:00+00:00,4050.25,4051.51,4049.88,4049.89,0.0
2026-07-24 07:32:00+00:00,4049.31,4049.98,4048.04,4048.86,0.0
2026-07-24 07:33:00+00:00,4048.84,4051.18,4048.84,4050.82,0.0
2026-07-24 07:34:00+00:00,4050.87,4053.46,4050.87,4053.46,0.0
2026-07-24 07:35:00+00:00,4053.64,4053.64,4051.43,4051.43,0.0
2026-07-24 07:36:00+00:00,4051.39,4051.9,4051.01,4051.03,0.0
2026-07-24 07:37:00+00:00,4050.88,4050.96,4049.6,4049.71,0.0
2026-07-24 07:38:00+00:00,4049.77,4050.05,4048.92,4048.96,0.0
2026-07-24 07:39:00+00:00,4048.93,4048.93,4046.75,4046.93,0.0
2026-07-24 07:40:00+00:00,4046.93,4047.89,4046.93,4047.43,0.0
2026-07-24 07:41:00+00:00,4047.43,4047.58,4047.11,4047.11,0.0
2026-07-24 07:42:00+00:00,4047.11,4047.35,4046.64,4046.79,0.0
2026-07-24 07:43:00+00:00,4046.79,4046.82,4045.99,4046.71,0.0
2026-07-24 07:44:00+00:00,4046.76,4048.58,4046.76,4048.5,0.0
2026-07-24 07:45:00+00:00,4048.51,4048.51,4047.4,4048.07,0.0
2026-07-24 07:46:00+00:00,4048.03,4048.43,4047.86,4048.03,0.0
2026-07-24 07:47:00+00:00,4048.04,4048.29,4047.52,4047.83,0.0
2026-07-24 07:48:00+00:00,4047.86,4048.04,4046.62,4046.85,0.0
2026-07-24 07:49:00+00:00,4046.88,4047.53,4046.23,4047.41,0.0
2026-07-24 07:50:00+00:00,4047.4,4048.21,4047.38,4047.39,0.0
2026-07-24 07:51:00+00:00,4047.39,4047.84,4047.16,4047.53,0.0
2026-07-24 07:52:00+00:00,4047.54,4047.93,4047.03,4047.32,0.0
2026-07-24 07:53:00+00:00,4047.3,4048.61,4047.29,4048.08,0.0
2026-07-24 07:54:00+00:00,4048.09,4048.49,4047.89,4047.89,0.0
2026-07-24 07:55:00+00:00,4047.92,4049.01,4047.92,4048.65,0.0
2026-07-24 07:56:00+00:00,4048.61,4048.87,4047.76,4048.29,0.0
2026-07-24 07:57:00+00:00,4048.23,4049.72,4048.23,4049.36,0.0
2026-07-24 07:58:00+00:00,4049.44,4049.47,4048.32,4048.4,0.0
2026-07-24 07:59:00+00:00,4048.41,4048.93,4048.0,4048.4,0.0
2026-07-24 08:00:00+00:00,4048.43,4048.97,4048.04,4048.97,0.0
2026-07-24 08:01:00+00:00,4048.84,4049.18,4047.99,4048.05,0.0
2026-07-24 08:02:00+00:00,4048.09,4048.41,4047.33,4047.46,0.0
2026-07-24 08:03:00+00:00,4047.38,4047.41,4046.76,4047.24,0.0
2026-07-24 08:04:00+00:00,4047.18,4047.68,4047.09,4047.42,0.0
2026-07-24 08:05:00+00:00,4047.53,4047.53,4045.55,4045.68,0.0
2026-07-24 08:06:00+00:00,4045.69,4046.04,4045.4,4045.86,0.0
2026-07-24 08:07:00+00:00,4045.87,4046.83,4045.58,4046.71,0.0
2026-07-24 08:08:00+00:00,4046.61,4047.49,4046.28,4046.97,0.0
2026-07-24 08:09:00+00:00,4046.97,4047.89,4046.92,4047.5,0.0
2026-07-24 08:10:00+00:00,4047.55,4047.78,4046.98,4047.22,0.0
2026-07-24 08:11:00+00:00,4047.17,4047.71,4047.07,4047.33,0.0
2026-07-24 08:12:00+00:00,4047.19,4047.19,4045.84,4046.18,0.0
2026-07-24 08:13:00+00:00,4046.2,4046.83,4046.2,4046.66,0.0
2026-07-24 08:14:00+00:00,4046.57,4047.36,4046.57,4046.95,0.0
2026-07-24 08:15:00+00:00,4046.96,4046.96,4046.2,4046.41,0.0
2026-07-24 08:16:00+00:00,4046.5,4047.65,4046.36,4047.65,0.0
2026-07-24 08:17:00+00:00,4047.71,4047.87,4046.18,4046.18,0.0
2026-07-24 08:18:00+00:00,4046.17,4046.95,4045.29,4045.29,0.0
2026-07-24 08:19:00+00:00,4045.37,4046.88,4045.35,4046.88,0.0
2026-07-24 08:20:00+00:00,4046.81,4047.67,4046.33,4047.64,0.0
2026-07-24 08:21:00+00:00,4047.64,4048.14,4046.65,4046.75,0.0
2026-07-24 08:22:00+00:00,4046.84,4047.94,4046.84,4047.83,0.0
2026-07-24 08:23:00+00:00,4047.63,4048.11,4047.07,4047.13,0.0
2026-07-24 08:24:00+00:00,4047.22,4047.55,4046.54,4046.74,0.0
2026-07-24 08:25:00+00:00,4046.94,4047.05,4046.36,4046.97,0.0
2026-07-24 08:26:00+00:00,4046.9,4048.77,4046.9,4048.49,0.0
2026-07-24 08:27:00+00:00,4048.44,4049.52,4048.36,4048.92,0.0
2026-07-24 08:28:00+00:00,4048.92,4049.36,4048.43,4048.61,0.0
2026-07-24 08:29:00+00:00,4048.66,4052.47,4048.66,4052.47,0.0
2026-07-24 08:30:00+00:00,4052.53,4052.53,4050.95,4052.26,0.0
2026-07-24 08:31:00+00:00,4052.21,4052.21,4050.48,4051.17,0.0
2026-07-24 08:32:00+00:00,4051.16,4051.18,4050.77,4051.0,0.0
2026-07-24 08:33:00+00:00,4050.85,4051.67,4050.8,4051.58,0.0
2026-07-24 08:34:00+00:00,4051.52,4051.54,4050.13,4050.15,0.0
2026-07-24 08:35:00+00:00,4050.06,4050.36,4048.95,4049.61,0.0
2026-07-24 08:36:00+00:00,4049.69,4052.32,4049.69,4051.73,0.0
2026-07-24 08:37:00+00:00,4051.89,4052.37,4051.76,4051.89,0.0
2026-07-24 08:38:00+00:00,4051.95,4052.6,4051.95,4052.17,0.0
2026-07-24 08:39:00+00:00,4052.18,4053.08,4052.12,4052.93,0.0
2026-07-24 08:40:00+00:00,4052.79,4053.96,4052.77,4053.79,0.0
2026-07-24 08:41:00+00:00,4053.8,4054.05,4052.92,4053.51,0.0
2026-07-24 08:42:00+00:00,4053.51,4054.91,4053.51,4054.91,0.0
2026-07-24 08:43:00+00:00,4054.86,4055.08,4054.26,4054.98,0.0
2026-07-24 08:44:00+00:00,4055.45,4055.5,4054.76,4054.87,0.0
2026-07-24 08:45:00+00:00,4054.85,4054.99,4053.76,4053.76,0.0
2026-07-24 08:46:00+00:00,4053.77,4053.77,4052.46,4053.53,0.0
2026-07-24 08:47:00+00:00,4053.47,4054.07,4052.61,4052.76,0.0
2026-07-24 08:48:00+00:00,4052.83,4053.32,4052.46,4053.32,0.0
2026-07-24 08:49:00+00:00,4053.3,4054.91,4053.05,4054.86,0.0
2026-07-24 08:50:00+00:00,4054.86,4055.46,4054.43,4054.72,0.0
2026-07-24 08:51:00+00:00,4054.75,4056.28,4054.46,4056.08,0.0
2026-07-24 08:52:00+00:00,4056.11,4056.36,4055.81,4055.99,0.0
2026-07-24 08:53:00+00:00,4056.61,4057.18,4056.24,4056.47,0.0
2026-07-24 08:54:00+00:00,4056.47,4056.55,4056.02,4056.53,0.0
2026-07-24 08:55:00+00:00,4056.39,4057.07,4056.29,4056.75,0.0
2026-07-24 08:56:00+00:00,4056.77,4057.71,4056.31,4056.98,0.0
2026-07-24 08:57:00+00:00,4056.97,4057.1,4056.72,4057.06,0.0
2026-07-24 08:58:00+00:00,4057.07,4057.17,4056.61,4056.75,0.0
2026-07-24 08:59:00+00:00,4056.74,4058.72,4056.63,4057.62,0.0
2026-07-24 09:00:00+00:00,4057.68,4059.06,4057.31,4059.06,0.0
2026-07-24 09:01:00+00:00,4059.09,4059.31,4058.01,4059.04,0.0
2026-07-24 09:02:00+00:00,4059.04,4060.68,4058.57,4060.17,0.0
2026-07-24 09:03:00+00:00,4059.72,4059.92,4057.16,4058.23,0.0
2026-07-24 09:04:00+00:00,4058.24,4058.24,4056.07,4056.76,0.0
2026-07-24 09:05:00+00:00,4056.74,4056.74,4055.7,4055.7,0.0
2026-07-24 09:06:00+00:00,4055.68,4056.2,4055.26,4055.95,0.0
2026-07-24 09:07:00+00:00,4055.95,4056.63,4055.59,4056.63,0.0
2026-07-24 09:08:00+00:00,4056.7,4056.74,4055.98,4056.45,0.0
2026-07-24 09:09:00+00:00,4056.45,4057.6,4056.32,4057.6,0.0
2026-07-24 09:10:00+00:00,4057.64,4057.99,4056.53,4056.91,0.0
2026-07-24 09:11:00+00:00,4056.3,4056.65,4054.9,4054.94,0.0
2026-07-24 09:12:00+00:00,4054.98,4054.98,4053.37,4053.74,0.0
2026-07-24 09:13:00+00:00,4053.79,4054.53,4053.63,4054.4,0.0
2026-07-24 09:14:00+00:00,4054.33,4054.34,4054.04,4054.31,0.0
2026-07-24 09:15:00+00:00,4054.25,4054.62,4053.43,4053.55,0.0
2026-07-24 09:16:00+00:00,4053.52,4054.75,4053.44,4054.74,0.0
2026-07-24 09:17:00+00:00,4054.74,4055.37,4054.65,4054.88,0.0
2026-07-24 09:18:00+00:00,4054.77,4056.63,4054.75,4054.77,0.0
2026-07-24 09:19:00+00:00,4054.72,4055.32,4053.59,4055.23,0.0
2026-07-24 09:20:00+00:00,4055.12,4055.12,4053.91,4054.28,0.0
2026-07-24 09:21:00+00:00,4054.26,4054.64,4054.13,4054.64,0.0
2026-07-24 09:22:00+00:00,4054.65,4054.7,4053.46,4053.57,0.0
2026-07-24 09:23:00+00:00,4053.82,4055.13,4053.69,4055.12,0.0
2026-07-24 09:24:00+00:00,4055.1,4055.11,4054.33,4054.93,0.0
2026-07-24 09:25:00+00:00,4054.81,4055.76,4054.7,4055.62,0.0
2026-07-24 09:26:00+00:00,4055.49,4056.08,4055.45,4055.57,0.0
2026-07-24 09:27:00+00:00,4055.59,4055.7,4054.55,4054.98,0.0
2026-07-24 09:28:00+00:00,4054.95,4055.12,4054.12,4054.57,0.0
2026-07-24 09:29:00+00:00,4054.54,4054.65,4052.61,4052.97,0.0
2026-07-24 09:30:00+00:00,4053.08,4053.4,4051.97,4052.6,0.0
2026-07-24 09:31:00+00:00,4052.61,4052.92,4052.39,4052.79,0.0
2026-07-24 09:32:00+00:00,4052.61,4053.57,4052.61,4053.18,0.0
2026-07-24 09:33:00+00:00,4053.19,4054.22,4053.19,4054.14,0.0
2026-07-24 09:34:00+00:00,4054.15,4054.62,4053.61,4053.88,0.0
2026-07-24 09:35:00+00:00,4053.92,4054.3,4053.66,4053.68,0.0
2026-07-24 09:36:00+00:00,4053.68,4054.73,4053.68,4054.11,0.0
2026-07-24 09:37:00+00:00,4054.1,4054.8,4053.94,4054.77,0.0
2026-07-24 09:38:00+00:00,4054.78,4055.16,4054.35,4054.52,0.0
2026-07-24 09:39:00+00:00,4054.58,4055.01,4054.36,4055.01,0.0
2026-07-24 09:40:00+00:00,4055.03,4055.13,4054.2,4054.81,0.0
2026-07-24 09:41:00+00:00,4054.84,4055.44,4054.79,4055.38,0.0
2026-07-24 09:42:00+00:00,4055.39,4056.23,4055.39,4055.9,0.0
2026-07-24 09:43:00+00:00,4055.9,4055.95,4054.83,4054.83,0.0
2026-07-24 09:44:00+00:00,4054.7,4055.95,4054.7,4055.75,0.0
2026-07-24 09:45:00+00:00,4055.75,4056.21,4055.55,4055.8,0.0
2026-07-24 09:46:00+00:00,4055.68,4055.76,4055.29,4055.3,0.0
2026-07-24 09:47:00+00:00,4055.32,4056.0,4055.31,4055.69,0.0
2026-07-24 09:48:00+00:00,4055.68,4055.76,4055.26,4055.42,0.0
2026-07-24 09:49:00+00:00,4055.42,4055.85,4055.33,4055.33,0.0
2026-07-24 09:50:00+00:00,4055.35,4055.7,4054.94,4055.0,0.0
2026-07-24 09:51:00+00:00,4055.05,4055.19,4054.79,4055.04,0.0
2026-07-24 09:52:00+00:00,4055.05,4057.15,4054.97,4057.12,0.0
2026-07-24 09:53:00+00:00,4057.16,4058.47,4056.05,4058.31,0.0
2026-07-24 09:54:00+00:00,4058.29,4058.35,4057.62,4058.31,0.0
2026-07-24 09:55:00+00:00,4058.29,4058.93,4058.29,4058.8,0.0
2026-07-24 09:56:00+00:00,4058.81,4059.34,4058.78,4059.3,0.0
2026-07-24 09:57:00+00:00,4059.3,4059.35,4058.66,4059.05,0.0
2026-07-24 09:58:00+00:00,4059.18,4059.66,4059.11,4059.58,0.0
2026-07-24 09:59:00+00:00,4059.58,4059.93,4059.34,4059.72,0.0
2026-07-24 10:00:00+00:00,4059.9,4060.34,4059.37,4059.63,0.0
2026-07-24 10:01:00+00:00,4059.63,4059.67,4058.71,4059.39,0.0
2026-07-24 10:02:00+00:00,4059.38,4060.21,4059.04,4059.65,0.0
2026-07-24 10:03:00+00:00,4059.62,4060.33,4059.62,4060.23,0.0
2026-07-24 10:04:00+00:00,4060.23,4061.56,4059.95,4059.95,0.0
2026-07-24 10:05:00+00:00,4059.95,4060.18,4059.23,4059.92,0.0
2026-07-24 10:06:00+00:00,4059.85,4060.17,4059.44,4059.55,0.0
2026-07-24 10:07:00+00:00,4059.55,4059.62,4058.98,4059.23,0.0
2026-07-24 10:08:00+00:00,4059.17,4059.98,4058.87,4059.54,0.0
2026-07-24 10:09:00+00:00,4059.54,4060.48,4059.53,4060.36,0.0
2026-07-24 10:10:00+00:00,4060.36,4060.52,4058.58,4059.05,0.0
2026-07-24 10:11:00+00:00,4058.98,4059.51,4058.44,4059.32,0.0
2026-07-24 10:12:00+00:00,4059.29,4059.4,4058.47,4058.47,0.0
2026-07-24 10:13:00+00:00,4058.46,4059.02,4058.46,4058.48,0.0
2026-07-24 10:14:00+00:00,4058.36,4058.82,4058.04,4058.25,0.0
2026-07-24 10:15:00+00:00,4058.23,4059.18,4057.64,4059.18,0.0
2026-07-24 10:16:00+00:00,4059.17,4059.94,4059.02,4059.65,0.0
2026-07-24 10:17:00+00:00,4059.66,4061.43,4059.63,4060.74,0.0
2026-07-24 10:18:00+00:00,4060.74,4061.96,4060.16,4060.39,0.0
2026-07-24 10:19:00+00:00,4060.4,4060.48,4059.62,4059.62,0.0
2026-07-24 10:20:00+00:00,4059.69,4059.86,4059.34,4059.73,0.0
2026-07-24 10:21:00+00:00,4059.73,4059.97,4059.33,4059.43,0.0
2026-07-24 10:22:00+00:00,4059.41,4060.65,4059.38,4060.65,0.0
2026-07-24 10:23:00+00:00,4060.68,4061.28,4060.54,4060.99,0.0
2026-07-24 10:24:00+00:00,4060.98,4061.19,4060.42,4060.42,0.0
2026-07-24 10:25:00+00:00,4060.42,4060.46,4060.0,4060.18,0.0
2026-07-24 10:26:00+00:00,4059.97,4061.56,4059.92,4060.82,0.0
2026-07-24 10:27:00+00:00,4060.82,4063.59,4060.73,4063.59,0.0
2026-07-24 10:28:00+00:00,4063.4,4063.74,4063.24,4063.41,0.0
2026-07-24 10:29:00+00:00,4063.41,4063.65,4062.12,4062.12,0.0
2026-07-24 10:30:00+00:00,4062.11,4063.63,4061.99,4063.62,0.0
2026-07-24 10:31:00+00:00,4063.68,4063.9,4063.59,4063.59,0.0
2026-07-24 10:32:00+00:00,4063.6,4063.6,4062.92,4063.44,0.0
2026-07-24 10:33:00+00:00,4063.45,4063.95,4062.33,4062.36,0.0
2026-07-24 10:34:00+00:00,4062.38,4062.38,4061.54,4061.63,0.0
2026-07-24 10:35:00+00:00,4061.66,4061.7,4060.83,4061.21,0.0
2026-07-24 10:36:00+00:00,4061.21,4061.49,4061.08,4061.22,0.0
2026-07-24 10:37:00+00:00,4061.19,4061.73,4060.87,4061.7,0.0
2026-07-24 10:38:00+00:00,4061.47,4061.47,4060.9,4060.9,0.0
2026-07-24 10:39:00+00:00,4060.88,4060.97,4060.19,4060.2,0.0
2026-07-24 10:40:00+00:00,4060.18,4060.22,4059.33,4059.5,0.0
2026-07-24 10:41:00+00:00,4059.51,4059.81,4059.23,4059.57,0.0
2026-07-24 10:42:00+00:00,4059.57,4059.81,4059.25,4059.29,0.0
2026-07-24 10:43:00+00:00,4059.33,4059.45,4058.9,4059.03,0.0
2026-07-24 10:44:00+00:00,4059.16,4059.21,4058.29,4058.45,0.0
2026-07-24 10:45:00+00:00,4058.36,4059.16,4058.36,4059.09,0.0
2026-07-24 10:46:00+00:00,4059.1,4059.12,4058.29,4058.42,0.0
2026-07-24 10:47:00+00:00,4058.46,4059.21,4058.3,4059.14,0.0
2026-07-24 10:48:00+00:00,4059.13,4059.13,4057.95,4058.22,0.0
2026-07-24 10:49:00+00:00,4058.16,4059.05,4057.87,4059.0,0.0
2026-07-24 10:50:00+00:00,4058.95,4059.35,4058.7,4059.06,0.0
2026-07-24 10:51:00+00:00,4059.07,4059.5,4058.91,4059.42,0.0
2026-07-24 10:52:00+00:00,4059.42,4059.52,4058.91,4059.14,0.0
2026-07-24 10:53:00+00:00,4059.16,4059.51,4057.37,4057.52,0.0
2026-07-24 10:54:00+00:00,4057.4,4058.71,4057.35,4057.89,0.0
2026-07-24 10:55:00+00:00,4057.92,4058.56,4057.54,4058.56,0.0
2026-07-24 10:56:00+00:00,4058.77,4058.96,4058.65,4058.84,0.0
2026-07-24 10:57:00+00:00,4058.85,4059.63,4058.69,4059.63,0.0
2026-07-24 10:58:00+00:00,4059.64,4060.33,4059.64,4060.24,0.0
2026-07-24 10:59:00+00:00,4060.23,4060.32,4060.0,4060.21,0.0
2026-07-24 11:00:00+00:00,4060.13,4060.45,4058.63,4058.93,0.0
2026-07-24 11:01:00+00:00,4058.95,4061.06,4058.81,4060.96,0.0
2026-07-24 11:02:00+00:00,4061.03,4061.25,4059.57,4059.57,0.0
2026-07-24 11:03:00+00:00,4059.65,4062.74,4059.59,4062.74,0.0
2026-07-24 11:04:00+00:00,4062.74,4062.81,4062.13,4062.35,0.0
2026-07-24 11:05:00+00:00,4062.36,4063.47,4062.28,4062.92,0.0
2026-07-24 11:06:00+00:00,4062.91,4062.92,4061.98,4062.21,0.0
2026-07-24 11:07:00+00:00,4062.14,4062.68,4061.23,4061.59,0.0
2026-07-24 11:08:00+00:00,4061.56,4061.79,4061.13,4061.27,0.0
2026-07-24 11:09:00+00:00,4061.27,4061.35,4060.71,4061.18,0.0
2026-07-24 11:10:00+00:00,4061.18,4061.18,4060.55,4060.76,0.0
2026-07-24 11:11:00+00:00,4060.75,4061.0,4060.45,4061.0,0.0
2026-07-24 11:12:00+00:00,4060.98,4061.02,4060.78,4060.98,0.0
2026-07-24 11:13:00+00:00,4060.91,4060.95,4060.55,4060.81,0.0
2026-07-24 11:14:00+00:00,4060.81,4061.37,4060.71,4061.02,0.0
2026-07-24 11:15:00+00:00,4061.33,4061.77,4060.99,4061.7,0.0
2026-07-24 11:16:00+00:00,4061.71,4061.71,4061.13,4061.49,0.0
2026-07-24 11:17:00+00:00,4061.4,4061.84,4060.81,4060.84,0.0
2026-07-24 11:18:00+00:00,4060.84,4061.0,4060.59,4060.87,0.0
2026-07-24 11:19:00+00:00,4060.9,4061.6,4060.2,4061.37,0.0
2026-07-24 11:20:00+00:00,4061.36,4061.37,4060.61,4060.81,0.0
2026-07-24 11:21:00+00:00,4060.79,4060.97,4060.48,4060.79,0.0
2026-07-24 11:22:00+00:00,4060.74,4060.87,4060.62,4060.68,0.0
2026-07-24 11:23:00+00:00,4060.66,4061.65,4060.37,4061.65,0.0
2026-07-24 11:24:00+00:00,4061.84,4062.04,4061.57,4061.6,0.0
2026-07-24 11:25:00+00:00,4061.59,4061.76,4060.78,4060.78,0.0
2026-07-24 11:26:00+00:00,4060.79,4060.79,4059.42,4059.54,0.0
2026-07-24 11:27:00+00:00,4059.47,4059.9,4059.39,4059.66,0.0
2026-07-24 11:28:00+00:00,4059.69,4060.24,4059.65,4059.87,0.0
2026-07-24 11:29:00+00:00,4059.87,4059.87,4059.29,4059.3,0.0
2026-07-24 11:30:00+00:00,4059.29,4059.55,4058.22,4058.66,0.0
2026-07-24 11:31:00+00:00,4058.81,4059.43,4058.47,4058.93,0.0
2026-07-24 11:32:00+00:00,4058.91,4060.35,4058.84,4060.19,0.0
2026-07-24 11:33:00+00:00,4060.19,4060.47,4059.66,4059.96,0.0
2026-07-24 11:34:00+00:00,4059.9,4060.45,4059.69,4059.98,0.0
2026-07-24 11:35:00+00:00,4059.96,4059.97,4058.48,4058.5,0.0
2026-07-24 11:36:00+00:00,4058.53,4059.85,4058.53,4059.85,0.0
2026-07-24 11:37:00+00:00,4059.98,4059.98,4058.32,4058.65,0.0
2026-07-24 11:38:00+00:00,4058.6,4058.69,4057.8,4057.8,0.0
2026-07-24 11:39:00+00:00,4057.85,4057.94,4057.0,4057.28,0.0
2026-07-24 11:40:00+00:00,4057.3,4057.38,4056.56,4057.06,0.0
2026-07-24 11:41:00+00:00,4057.11,4057.98,4057.03,4057.37,0.0
2026-07-24 11:42:00+00:00,4057.35,4057.38,4056.41,4056.54,0.0
2026-07-24 11:43:00+00:00,4056.66,4056.67,4055.78,4055.89,0.0
2026-07-24 11:44:00+00:00,4055.88,4056.21,4055.38,4055.38,0.0
2026-07-24 11:45:00+00:00,4055.38,4056.73,4055.38,4056.68,0.0
2026-07-24 11:46:00+00:00,4056.67,4056.84,4055.62,4055.69,0.0
2026-07-24 11:47:00+00:00,4055.7,4055.72,4055.31,4055.53,0.0
2026-07-24 11:48:00+00:00,4055.52,4055.67,4053.96,4054.33,0.0
2026-07-24 11:49:00+00:00,4054.34,4055.28,4054.31,4055.28,0.0
2026-07-24 11:50:00+00:00,4055.33,4055.34,4053.93,4054.53,0.0
2026-07-24 11:51:00+00:00,4054.53,4054.72,4054.35,4054.46,0.0
2026-07-24 11:52:00+00:00,4054.45,4054.45,4053.43,4053.61,0.0
2026-07-24 11:53:00+00:00,4053.6,4053.68,4052.94,4053.03,0.0
2026-07-24 11:54:00+00:00,4053.03,4053.24,4052.69,4052.92,0.0
2026-07-24 11:55:00+00:00,4052.79,4053.08,4052.42,4052.82,0.0
2026-07-24 11:56:00+00:00,4052.82,4053.2,4052.21,4052.21,0.0
2026-07-24 11:57:00+00:00,4052.12,4052.31,4051.75,4051.91,0.0
2026-07-24 11:58:00+00:00,4051.65,4057.81,4051.6,4057.55,0.0
2026-07-24 11:59:00+00:00,4057.87,4061.22,4057.42,4057.96,0.0
2026-07-24 12:00:00+00:00,4057.89,4058.24,4055.98,4057.13,0.0
2026-07-24 12:01:00+00:00,4057.16,4057.19,4054.0,4054.01,0.0
2026-07-24 12:02:00+00:00,4054.06,4054.34,4052.57,4053.41,0.0
2026-07-24 12:03:00+00:00,4053.41,4054.74,4053.41,4054.45,0.0
2026-07-24 12:04:00+00:00,4054.47,4055.05,4053.72,4054.14,0.0
2026-07-24 12:05:00+00:00,4054.23,4054.23,4052.88,4054.2,0.0
2026-07-24 12:06:00+00:00,4054.14,4055.45,4054.07,4054.94,0.0
2026-07-24 12:07:00+00:00,4054.96,4055.99,4054.67,4055.97,0.0
2026-07-24 12:08:00+00:00,4055.99,4056.41,4055.14,4056.41,0.0
2026-07-24 12:09:00+00:00,4056.34,4058.44,4056.31,4056.93,0.0
2026-07-24 12:10:00+00:00,4056.94,4056.94,4055.7,4056.37,0.0
2026-07-24 12:11:00+00:00,4056.21,4057.41,4056.19,4056.38,0.0
2026-07-24 12:12:00+00:00,4056.39,4057.13,4056.16,4056.24,0.0
2026-07-24 12:13:00+00:00,4056.24,4056.46,4055.76,4055.81,0.0
2026-07-24 12:14:00+00:00,4055.88,4057.15,4055.85,4056.59,0.0
2026-07-24 12:15:00+00:00,4056.68,4056.89,4055.98,4056.52,0.0
2026-07-24 12:16:00+00:00,4056.45,4057.74,4056.29,4057.32,0.0
2026-07-24 12:17:00+00:00,4057.41,4057.41,4056.37,4056.95,0.0
2026-07-24 12:18:00+00:00,4056.94,4057.46,4056.77,4057.01,0.0
2026-07-24 12:19:00+00:00,4057.0,4057.52,4055.97,4056.89,0.0
2026-07-24 12:20:00+00:00,4056.92,4056.92,4055.38,4056.04,0.0
2026-07-24 12:21:00+00:00,4056.02,4056.43,4055.57,4055.68,0.0
2026-07-24 12:22:00+00:00,4055.73,4056.12,4055.02,4055.89,0.0
2026-07-24 12:23:00+00:00,4055.88,4057.71,4055.84,4057.71,0.0
2026-07-24 12:24:00+00:00,4057.73,4058.47,4057.38,4058.47,0.0
2026-07-24 12:25:00+00:00,4058.5,4059.77,4056.72,4058.26,0.0
2026-07-24 12:26:00+00:00,4058.32,4058.35,4057.6,4058.01,0.0
2026-07-24 12:27:00+00:00,4057.99,4060.11,4057.99,4059.56,0.0
2026-07-24 12:28:00+00:00,4059.57,4059.82,4058.41,4059.71,0.0
2026-07-24 12:29:00+00:00,4059.54,4059.98,4059.07,4059.67,0.0
2026-07-24 12:30:00+00:00,4059.67,4059.67,4057.6,4059.1,0.0
2026-07-24 12:31:00+00:00,4059.02,4059.02,4056.71,4056.71,0.0
2026-07-24 12:32:00+00:00,4056.7,4057.64,4056.49,4057.16,0.0
2026-07-24 12:33:00+00:00,4057.12,4058.01,4056.66,4057.86,0.0
2026-07-24 12:34:00+00:00,4057.71,4059.3,4057.71,4057.75,0.0
2026-07-24 12:35:00+00:00,4057.28,4058.29,4056.68,4058.29,0.0
2026-07-24 12:36:00+00:00,4058.29,4058.29,4056.53,4056.95,0.0
2026-07-24 12:37:00+00:00,4057.0,4057.41,4056.68,4057.1,0.0
2026-07-24 12:38:00+00:00,4057.01,4057.01,4055.33,4055.94,0.0
2026-07-24 12:39:00+00:00,4055.87,4056.91,4055.73,4055.83,0.0
2026-07-24 12:40:00+00:00,4055.82,4056.72,4055.82,4056.08,0.0
2026-07-24 12:41:00+00:00,4056.03,4056.03,4053.36,4053.45,0.0
2026-07-24 12:42:00+00:00,4053.37,4053.39,4052.14,4053.06,0.0
2026-07-24 12:43:00+00:00,4053.06,4053.62,4052.75,4053.59,0.0
2026-07-24 12:44:00+00:00,4053.41,4055.64,4053.39,4055.35,0.0
2026-07-24 12:45:00+00:00,4055.23,4056.33,4055.04,4055.85,0.0
2026-07-24 12:46:00+00:00,4055.87,4056.3,4053.36,4053.52,0.0
2026-07-24 12:47:00+00:00,4053.52,4053.52,4051.84,4052.47,0.0
2026-07-24 12:48:00+00:00,4052.51,4053.78,4052.47,4053.7,0.0
2026-07-24 12:49:00+00:00,4053.69,4054.15,4053.34,4054.05,0.0
2026-07-24 12:50:00+00:00,4054.12,4054.81,4054.02,4054.14,0.0
2026-07-24 12:51:00+00:00,4054.16,4055.37,4054.05,4054.66,0.0
2026-07-24 12:52:00+00:00,4054.74,4055.16,4054.24,4055.16,0.0
2026-07-24 12:53:00+00:00,4055.02,4055.82,4054.8,4055.3,0.0
2026-07-24 12:54:00+00:00,4055.23,4055.23,4054.62,4055.15,0.0
2026-07-24 12:55:00+00:00,4055.24,4055.42,4054.1,4054.14,0.0
2026-07-24 12:56:00+00:00,4054.15,4054.35,4052.12,4052.12,0.0
2026-07-24 12:57:00+00:00,4052.11,4052.85,4051.91,4052.48,0.0
2026-07-24 12:58:00+00:00,4052.45,4053.56,4052.35,4053.1,0.0
2026-07-24 12:59:00+00:00,4053.23,4056.14,4053.23,4056.14,0.0
2026-07-24 13:00:00+00:00,4056.15,4058.3,4055.49,4055.82,0.0
2026-07-24 13:01:00+00:00,4055.96,4056.34,4053.3,4053.3,0.0
2026-07-24 13:02:00+00:00,4053.11,4054.43,4053.11,4054.16,0.0
2026-07-24 13:03:00+00:00,4054.22,4054.39,4051.71,4052.94,0.0
2026-07-24 13:04:00+00:00,4053.21,4053.82,4052.31,4052.31,0.0
2026-07-24 13:05:00+00:00,4052.31,4053.08,4050.48,4050.7,0.0
2026-07-24 13:06:00+00:00,4050.66,4050.66,4048.92,4049.19,0.0
2026-07-24 13:07:00+00:00,4049.12,4049.2,4047.65,4048.27,0.0
2026-07-24 13:08:00+00:00,4048.05,4048.06,4046.62,4047.65,0.0
2026-07-24 13:09:00+00:00,4047.66,4047.8,4046.15,4046.65,0.0
2026-07-24 13:10:00+00:00,4046.7,4047.04,4045.05,4046.86,0.0
2026-07-24 13:11:00+00:00,4047.23,4047.23,4045.82,4047.17,0.0
2026-07-24 13:12:00+00:00,4047.1,4049.58,4047.1,4049.58,0.0
2026-07-24 13:13:00+00:00,4049.43,4049.72,4047.28,4048.02,0.0
2026-07-24 13:14:00+00:00,4048.1,4048.55,4047.5,4048.24,0.0
2026-07-24 13:15:00+00:00,4048.27,4048.55,4046.16,4046.47,0.0
2026-07-24 13:16:00+00:00,4046.54,4047.08,4045.59,4046.18,0.0
2026-07-24 13:17:00+00:00,4046.25,4046.91,4045.58,4046.55,0.0
2026-07-24 13:18:00+00:00,4046.59,4046.59,4045.05,4045.2,0.0
2026-07-24 13:19:00+00:00,4045.25,4046.14,4045.06,4046.0,0.0
2026-07-24 13:20:00+00:00,4046.34,4047.65,4045.84,4046.36,0.0
2026-07-24 13:21:00+00:00,4046.4,4048.28,4046.35,4048.27,0.0
2026-07-24 13:22:00+00:00,4048.2,4049.39,4047.51,4047.8,0.0
2026-07-24 13:23:00+00:00,4047.69,4048.09,4047.33,4047.93,0.0
2026-07-24 13:24:00+00:00,4047.87,4048.08,4046.77,4047.02,0.0
2026-07-24 13:25:00+00:00,4047.08,4048.41,4046.46,4046.85,0.0
2026-07-24 13:26:00+00:00,4046.81,4046.98,4045.98,4046.98,0.0
2026-07-24 13:27:00+00:00,4047.11,4048.64,4047.06,4048.31,0.0
2026-07-24 13:28:00+00:00,4048.36,4048.58,4047.69,4047.93,0.0
2026-07-24 13:29:00+00:00,4047.92,4048.37,4046.43,4046.57,0.0
2026-07-24 13:30:00+00:00,4046.51,4047.64,4045.12,4045.9,0.0
2026-07-24 13:31:00+00:00,4046.76,4049.9,4046.16,4049.53,0.0
2026-07-24 13:32:00+00:00,4049.75,4050.41,4047.41,4047.8,0.0
2026-07-24 13:33:00+00:00,4047.72,4050.15,4047.47,4050.15,0.0
2026-07-24 13:34:00+00:00,4050.1,4050.23,4048.04,4049.85,0.0
2026-07-24 13:35:00+00:00,4049.5,4051.77,4049.5,4051.75,0.0
2026-07-24 13:36:00+00:00,4052.11,4052.18,4050.44,4051.64,0.0
2026-07-24 13:37:00+00:00,4051.76,4055.19,4051.76,4054.67,0.0
2026-07-24 13:38:00+00:00,4054.73,4056.16,4054.67,4055.99,0.0
2026-07-24 13:39:00+00:00,4055.92,4056.72,4055.1,4056.47,0.0
2026-07-24 13:40:00+00:00,4056.28,4056.69,4054.34,4054.6,0.0
2026-07-24 13:41:00+00:00,4054.48,4055.14,4053.55,4054.2,0.0
2026-07-24 13:42:00+00:00,4054.3,4054.39,4051.51,4052.11,0.0
2026-07-24 13:43:00+00:00,4052.36,4053.29,4051.65,4051.91,0.0
2026-07-24 13:44:00+00:00,4051.89,4052.45,4051.68,4052.45,0.0
2026-07-24 13:45:00+00:00,4052.31,4052.75,4049.05,4052.75,0.0
2026-07-24 13:46:00+00:00,4052.92,4055.57,4052.75,4055.57,0.0
2026-07-24 13:47:00+00:00,4055.92,4056.46,4055.23,4056.11,0.0
2026-07-24 13:48:00+00:00,4056.16,4059.9,4055.17,4059.9,0.0
2026-07-24 13:49:00+00:00,4059.86,4060.93,4057.51,4058.59,0.0
2026-07-24 13:50:00+00:00,4058.44,4059.94,4057.25,4058.79,0.0
2026-07-24 13:51:00+00:00,4058.8,4059.09,4056.55,4056.55,0.0
2026-07-24 13:52:00+00:00,4056.44,4058.39,4056.09,4058.39,0.0
2026-07-24 13:53:00+00:00,4058.27,4058.7,4057.34,4058.09,0.0
2026-07-24 13:54:00+00:00,4057.91,4061.05,4057.5,4059.9,0.0
2026-07-24 13:55:00+00:00,4059.79,4059.81,4057.18,4057.94,0.0
2026-07-24 13:56:00+00:00,4058.06,4060.5,4058.05,4060.1,0.0
2026-07-24 13:57:00+00:00,4059.83,4059.85,4058.31,4059.78,0.0
2026-07-24 13:58:00+00:00,4059.76,4066.06,4059.37,4066.06,0.0
2026-07-24 13:59:00+00:00,4066.66,4068.69,4065.75,4067.42,0.0
2026-07-24 14:00:00+00:00,4067.65,4069.59,4066.56,4069.23,0.0
2026-07-24 14:01:00+00:00,4069.9,4069.9,4064.29,4065.62,0.0
2026-07-24 14:02:00+00:00,4065.7,4067.87,4065.63,4066.52,0.0
2026-07-24 14:03:00+00:00,4066.52,4067.85,4064.79,4065.32,0.0
2026-07-24 14:04:00+00:00,4064.97,4065.23,4063.11,4063.19,0.0
2026-07-24 14:05:00+00:00,4062.78,4064.71,4062.78,4063.68,0.0
2026-07-24 14:06:00+00:00,4063.7,4064.08,4060.4,4060.72,0.0
2026-07-24 14:07:00+00:00,4060.53,4060.58,4057.57,4058.01,0.0
2026-07-24 14:08:00+00:00,4058.24,4060.48,4058.24,4059.08,0.0
2026-07-24 14:09:00+00:00,4059.19,4062.69,4058.36,4062.41,0.0
2026-07-24 14:10:00+00:00,4062.46,4063.71,4061.4,4062.14,0.0
2026-07-24 14:11:00+00:00,4062.06,4062.1,4060.2,4061.46,0.0
2026-07-24 14:12:00+00:00,4061.47,4061.84,4059.5,4059.51,0.0
2026-07-24 14:13:00+00:00,4059.54,4060.95,4059.52,4060.38,0.0
2026-07-24 14:14:00+00:00,4060.44,4062.08,4058.95,4058.97,0.0
2026-07-24 14:15:00+00:00,4058.92,4060.33,4058.08,4058.92,0.0
2026-07-24 14:16:00+00:00,4058.81,4059.45,4058.37,4059.18,0.0
2026-07-24 14:17:00+00:00,4058.87,4058.87,4056.18,4057.62,0.0
2026-07-24 14:18:00+00:00,4057.55,4058.01,4056.39,4057.24,0.0
2026-07-24 14:19:00+00:00,4057.24,4058.49,4056.41,4058.2,0.0
2026-07-24 14:20:00+00:00,4058.16,4058.95,4057.09,4058.95,0.0
2026-07-24 14:21:00+00:00,4059.01,4061.21,4058.05,4060.79,0.0
2026-07-24 14:22:00+00:00,4060.97,4062.04,4060.81,4061.45,0.0
2026-07-24 14:23:00+00:00,4062.01,4063.59,4061.48,4062.46,0.0
2026-07-24 14:24:00+00:00,4062.49,4064.9,4062.49,4064.6,0.0
2026-07-24 14:25:00+00:00,4064.82,4066.93,4064.82,4066.43,0.0
2026-07-24 14:26:00+00:00,4066.3,4069.26,4065.96,4068.43,0.0
2026-07-24 14:27:00+00:00,4068.46,4068.46,4064.73,4065.71,0.0
2026-07-24 14:28:00+00:00,4065.69,4066.08,4065.05,4065.63,0.0
2026-07-24 14:29:00+00:00,4065.66,4066.63,4065.49,4066.17,0.0
2026-07-24 14:30:00+00:00,4066.11,4067.18,4064.95,4065.85,0.0
2026-07-24 14:31:00+00:00,4065.78,4066.96,4065.5,4066.79,0.0
2026-07-24 14:32:00+00:00,4066.85,4067.62,4065.42,4066.91,0.0
2026-07-24 14:33:00+00:00,4066.83,4068.03,4066.2,4066.44,0.0
2026-07-24 14:34:00+00:00,4066.13,4066.2,4065.06,4065.17,0.0
2026-07-24 14:35:00+00:00,4064.71,4066.65,4064.71,4066.21,0.0
2026-07-24 14:36:00+00:00,4066.25,4066.42,4064.44,4064.47,0.0
2026-07-24 14:37:00+00:00,4064.4,4064.4,4062.68,4062.71,0.0
2026-07-24 14:38:00+00:00,4062.67,4063.41,4061.91,4061.91,0.0
2026-07-24 14:39:00+00:00,4061.95,4062.63,4060.09,4060.8,0.0
2026-07-24 14:40:00+00:00,4060.68,4061.28,4060.28,4061.22,0.0
2026-07-24 14:41:00+00:00,4061.34,4062.48,4060.73,4062.28,0.0
2026-07-24 14:42:00+00:00,4062.14,4062.14,4059.45,4059.88,0.0
2026-07-24 14:43:00+00:00,4059.93,4062.17,4059.51,4061.99,0.0
2026-07-24 14:44:00+00:00,4061.98,4061.98,4060.35,4060.44,0.0
2026-07-24 14:45:00+00:00,4060.44,4061.12,4059.14,4059.14,0.0
2026-07-24 14:46:00+00:00,4059.15,4061.33,4058.7,4061.19,0.0
2026-07-24 14:47:00+00:00,4061.44,4061.83,4059.86,4059.96,0.0
2026-07-24 14:48:00+00:00,4059.81,4061.42,4059.81,4060.66,0.0
2026-07-24 14:49:00+00:00,4060.72,4063.59,4060.1,4063.24,0.0
2026-07-24 14:50:00+00:00,4063.2,4064.8,4063.11,4064.08,0.0
2026-07-24 14:51:00+00:00,4064.1,4064.14,4063.03,4063.63,0.0
2026-07-24 14:52:00+00:00,4063.6,4063.6,4061.57,4061.63,0.0
2026-07-24 14:53:00+00:00,4061.66,4062.58,4061.57,4061.78,0.0
2026-07-24 14:54:00+00:00,4061.59,4062.09,4061.3,4061.78,0.0
2026-07-24 14:55:00+00:00,4061.74,4062.27,4061.58,4061.78,0.0
2026-07-24 14:56:00+00:00,4061.77,4064.4,4061.77,4064.31,0.0
2026-07-24 14:57:00+00:00,4064.3,4066.48,4064.2,4065.82,0.0
2026-07-24 14:58:00+00:00,4065.81,4065.81,4064.75,4065.2,0.0
2026-07-24 14:59:00+00:00,4065.13,4065.21,4063.35,4063.39,0.0
2026-07-24 15:00:00+00:00,4063.41,4064.21,4062.27,4064.16,0.0
2026-07-24 15:01:00+00:00,4064.21,4065.88,4063.95,4065.85,0.0
2026-07-24 15:02:00+00:00,4065.88,4067.13,4065.58,4066.16,0.0
2026-07-24 15:03:00+00:00,4065.98,4066.3,4064.9,4065.01,0.0
2026-07-24 15:04:00+00:00,4065.02,4065.02,4063.54,4064.0,0.0
2026-07-24 15:05:00+00:00,4064.02,4064.71,4063.82,4064.43,0.0
2026-07-24 15:06:00+00:00,4064.74,4064.74,4062.26,4062.38,0.0
2026-07-24 15:07:00+00:00,4062.29,4062.84,4062.0,4062.43,0.0
2026-07-24 15:08:00+00:00,4062.36,4063.3,4062.33,4062.62,0.0
2026-07-24 15:09:00+00:00,4062.74,4063.98,4062.74,4063.49,0.0
2026-07-24 15:10:00+00:00,4063.35,4072.14,4063.29,4071.06,0.0
2026-07-24 15:11:00+00:00,4070.71,4074.6,4068.92,4069.42,0.0
2026-07-24 15:12:00+00:00,4069.29,4070.8,4067.35,4067.39,0.0
2026-07-24 15:13:00+00:00,4067.48,4069.98,4066.92,4069.59,0.0
2026-07-24 15:14:00+00:00,4069.62,4076.45,4069.53,4075.06,0.0
2026-07-24 15:15:00+00:00,4074.79,4079.35,4072.24,4078.86,0.0
2026-07-24 15:16:00+00:00,4078.69,4079.64,4075.84,4078.24,0.0
2026-07-24 15:17:00+00:00,4077.6,4079.91,4077.6,4078.78,0.0
2026-07-24 15:18:00+00:00,4078.77,4080.04,4076.57,4078.81,0.0
2026-07-24 15:19:00+00:00,4079.12,4081.36,4075.49,4076.76,0.0
2026-07-24 15:20:00+00:00,4077.12,4082.1,4076.82,4081.67,0.0
2026-07-24 15:21:00+00:00,4081.64,4081.87,4077.08,4077.08,0.0
2026-07-24 15:22:00+00:00,4077.31,4077.52,4074.39,4074.39,0.0
2026-07-24 15:23:00+00:00,4074.36,4075.02,4073.69,4074.63,0.0
2026-07-24 15:24:00+00:00,4074.58,4075.15,4073.15,4074.28,0.0
2026-07-24 15:25:00+00:00,4074.09,4075.52,4074.07,4074.33,0.0
2026-07-24 15:26:00+00:00,4074.4,4074.41,4073.55,4073.59,0.0
2026-07-24 15:27:00+00:00,4073.19,4074.51,4072.68,4073.89,0.0
2026-07-24 15:28:00+00:00,4074.01,4077.22,4073.97,4075.75,0.0
2026-07-24 15:29:00+00:00,4075.8,4075.8,4074.46,4075.24,0.0
2026-07-24 15:30:00+00:00,4075.15,4075.72,4074.18,4074.48,0.0
2026-07-24 15:31:00+00:00,4074.38,4076.76,4074.38,4076.59,0.0
2026-07-24 15:32:00+00:00,4076.73,4076.89,4074.64,4075.65,0.0
2026-07-24 15:33:00+00:00,4075.34,4076.31,4074.84,4075.6,0.0
2026-07-24 15:34:00+00:00,4075.34,4075.92,4074.3,4074.3,0.0
2026-07-24 15:35:00+00:00,4074.24,4075.13,4074.0,4074.54,0.0
2026-07-24 15:36:00+00:00,4074.23,4075.6,4073.63,4075.47,0.0
2026-07-24 15:37:00+00:00,4075.71,4078.12,4075.3,4078.02,0.0
2026-07-24 15:38:00+00:00,4078.13,4078.78,4077.36,4077.84,0.0
2026-07-24 15:39:00+00:00,4077.84,4078.81,4077.84,4078.01,0.0
2026-07-24 15:40:00+00:00,4077.99,4079.66,4077.72,4079.25,0.0
2026-07-24 15:41:00+00:00,4079.26,4079.26,4075.37,4076.42,0.0
2026-07-24 15:42:00+00:00,4076.49,4076.63,4074.3,4074.3,0.0
2026-07-24 15:43:00+00:00,4074.21,4074.95,4072.04,4072.66,0.0
2026-07-24 15:44:00+00:00,4072.65,4073.63,4072.17,4072.17,0.0
2026-07-24 15:45:00+00:00,4072.14,4073.59,4071.59,4072.43,0.0
2026-07-24 15:46:00+00:00,4072.45,4072.73,4071.55,4071.55,0.0
2026-07-24 15:47:00+00:00,4071.22,4072.81,4071.22,4071.5,0.0
2026-07-24 15:48:00+00:00,4071.54,4072.76,4071.28,4072.57,0.0
2026-07-24 15:49:00+00:00,4072.48,4073.16,4072.03,4073.14,0.0
2026-07-24 15:50:00+00:00,4073.06,4074.36,4072.95,4073.86,0.0
2026-07-24 15:51:00+00:00,4073.85,4074.49,4073.82,4074.08,0.0
2026-07-24 15:52:00+00:00,4074.05,4075.35,4074.05,4074.68,0.0
2026-07-24 15:53:00+00:00,4074.62,4075.97,4074.35,4075.8,0.0
2026-07-24 15:54:00+00:00,4075.76,4076.18,4074.86,4075.43,0.0
2026-07-24 15:55:00+00:00,4075.35,4077.15,4075.14,4076.21,0.0
2026-07-24 15:56:00+00:00,4076.18,4076.89,4076.14,4076.59,0.0
2026-07-24 15:57:00+00:00,4076.61,4076.61,4075.5,4076.24,0.0
2026-07-24 15:58:00+00:00,4076.08,4077.04,4076.08,4076.9,0.0
2026-07-24 15:59:00+00:00,4076.81,4077.87,4076.66,4077.27,0.0
2026-07-24 16:00:00+00:00,4077.42,4077.42,4075.16,4075.46,0.0
2026-07-24 16:01:00+00:00,4075.63,4077.11,4075.35,4077.11,0.0
2026-07-24 16:02:00+00:00,4077.02,4077.24,4075.91,4076.15,0.0
2026-07-24 16:03:00+00:00,4076.13,4076.86,4075.76,4076.27,0.0
2026-07-24 16:04:00+00:00,4076.24,4077.46,4076.16,4076.78,0.0
2026-07-24 16:05:00+00:00,4076.68,4076.86,4075.3,4075.43,0.0
2026-07-24 16:06:00+00:00,4075.19,4075.97,4075.19,4075.63,0.0
2026-07-24 16:07:00+00:00,4075.59,4076.7,4075.41,4076.57,0.0
2026-07-24 16:08:00+00:00,4076.41,4077.57,4076.27,4077.07,0.0
2026-07-24 16:09:00+00:00,4076.93,4077.06,4076.23,4076.23,0.0
2026-07-24 16:10:00+00:00,4076.22,4077.04,4075.89,4075.89,0.0
2026-07-24 16:11:00+00:00,4075.92,4076.79,4075.42,4075.67,0.0
2026-07-24 16:12:00+00:00,4075.62,4076.5,4075.28,4075.49,0.0
2026-07-24 16:13:00+00:00,4075.45,4075.47,4074.65,4075.12,0.0
2026-07-24 16:14:00+00:00,4074.88,4075.43,4074.59,4075.02,0.0
2026-07-24 16:15:00+00:00,4074.95,4075.96,4074.95,4075.38,0.0
2026-07-24 16:16:00+00:00,4075.56,4075.57,4074.11,4074.26,0.0
2026-07-24 16:17:00+00:00,4074.22,4074.82,4074.03,4074.55,0.0
2026-07-24 16:18:00+00:00,4074.61,4075.88,4074.5,4075.36,0.0
2026-07-24 16:19:00+00:00,4075.29,4075.42,4074.71,4074.85,0.0
2026-07-24 16:20:00+00:00,4074.85,4075.06,4073.91,4075.06,0.0
2026-07-24 16:21:00+00:00,4075.06,4075.29,4074.45,4075.25,0.0
2026-07-24 16:22:00+00:00,4075.32,4075.4,4074.55,4075.07,0.0
2026-07-24 16:23:00+00:00,4075.3,4076.56,4075.11,4076.34,0.0
2026-07-24 16:24:00+00:00,4076.34,4077.76,4076.34,4077.38,0.0
2026-07-24 16:25:00+00:00,4077.38,4077.7,4077.02,4077.53,0.0
2026-07-24 16:26:00+00:00,4077.57,4078.22,4077.35,4077.86,0.0
2026-07-24 16:27:00+00:00,4077.89,4077.89,4076.75,4076.89,0.0
2026-07-24 16:28:00+00:00,4076.85,4076.88,4073.71,4074.21,0.0
2026-07-24 16:29:00+00:00,4074.16,4074.58,4073.93,4073.95,0.0
2026-07-24 16:30:00+00:00,4073.84,4073.99,4070.58,4071.42,0.0
2026-07-24 16:31:00+00:00,4071.2,4072.91,4071.2,4072.75,0.0
2026-07-24 16:32:00+00:00,4072.76,4072.9,4071.91,4072.32,0.0
2026-07-24 16:33:00+00:00,4072.33,4073.05,4071.88,4072.07,0.0
2026-07-24 16:34:00+00:00,4072.1,4072.64,4072.01,4072.48,0.0
2026-07-24 16:35:00+00:00,4072.49,4072.49,4071.19,4071.2,0.0
2026-07-24 16:36:00+00:00,4071.17,4071.81,4070.53,4070.63,0.0
2026-07-24 16:37:00+00:00,4070.61,4070.64,4069.37,4070.23,0.0
2026-07-24 16:38:00+00:00,4070.5,4070.5,4067.65,4068.2,0.0
2026-07-24 16:39:00+00:00,4068.15,4068.86,4067.82,4068.12,0.0
2026-07-24 16:40:00+00:00,4068.12,4068.31,4067.69,4067.72,0.0
2026-07-24 16:41:00+00:00,4067.71,4067.93,4066.84,4067.58,0.0
2026-07-24 16:42:00+00:00,4067.68,4067.87,4067.04,4067.39,0.0
2026-07-24 16:43:00+00:00,4067.39,4068.79,4067.22,4067.91,0.0
2026-07-24 16:44:00+00:00,4067.83,4067.83,4067.14,4067.8,0.0
2026-07-24 16:45:00+00:00,4067.76,4067.76,4066.22,4066.22,0.0
2026-07-24 16:46:00+00:00,4066.27,4067.37,4066.15,4067.37,0.0
2026-07-24 16:47:00+00:00,4067.43,4067.71,4065.69,4066.3,0.0
2026-07-24 16:48:00+00:00,4066.3,4066.3,4064.56,4065.0,0.0
2026-07-24 16:49:00+00:00,4064.8,4065.27,4064.45,4065.24,0.0
2026-07-24 16:50:00+00:00,4065.35,4065.35,4064.58,4064.98,0.0
2026-07-24 16:51:00+00:00,4065.0,4065.42,4064.28,4064.81,0.0
2026-07-24 16:52:00+00:00,4065.21,4065.53,4064.7,4064.7,0.0
2026-07-24 16:53:00+00:00,4064.76,4065.04,4064.42,4064.73,0.0
2026-07-24 16:54:00+00:00,4064.55,4066.07,4064.49,4065.88,0.0
2026-07-24 16:55:00+00:00,4065.86,4066.73,4065.55,4066.4,0.0
2026-07-24 16:56:00+00:00,4066.31,4066.84,4065.79,4066.09,0.0
2026-07-24 16:57:00+00:00,4066.22,4067.33,4066.2,4067.33,0.0
2026-07-24 16:58:00+00:00,4067.3,4067.39,4066.83,4067.26,0.0
2026-07-24 16:59:00+00:00,4067.36,4067.76,4067.04,4067.12,0.0
2026-07-24 17:00:00+00:00,4067.13,4067.99,4066.83,4067.35,0.0
2026-07-24 17:01:00+00:00,4067.29,4067.94,4067.21,4067.86,0.0
2026-07-24 17:02:00+00:00,4067.9,4068.34,4067.63,4068.15,0.0
2026-07-24 17:03:00+00:00,4068.12,4068.33,4067.71,4068.19,0.0
2026-07-24 17:04:00+00:00,4068.06,4068.39,4067.88,4068.0,0.0
2026-07-24 17:05:00+00:00,4068.0,4068.07,4066.07,4066.07,0.0
2026-07-24 17:06:00+00:00,4066.09,4066.42,4064.26,4064.92,0.0
2026-07-24 17:07:00+00:00,4064.93,4065.99,4064.93,4065.11,0.0
2026-07-24 17:08:00+00:00,4065.24,4065.96,4064.33,4065.69,0.0
2026-07-24 17:09:00+00:00,4065.43,4066.0,4064.93,4065.72,0.0
2026-07-24 17:10:00+00:00,4065.83,4066.25,4065.56,4065.75,0.0
2026-07-24 17:11:00+00:00,4065.76,4065.97,4065.19,4065.88,0.0
2026-07-24 17:12:00+00:00,4065.87,4065.87,4063.07,4063.26,0.0
2026-07-24 17:13:00+00:00,4063.33,4064.11,4063.33,4063.88,0.0
2026-07-24 17:14:00+00:00,4063.93,4064.43,4063.8,4064.29,0.0
2026-07-24 17:15:00+00:00,4064.29,4064.72,4064.11,4064.26,0.0
2026-07-24 17:16:00+00:00,4064.31,4064.43,4064.02,4064.06,0.0
2026-07-24 17:17:00+00:00,4064.06,4064.74,4063.75,4064.74,0.0
2026-07-24 17:18:00+00:00,4064.74,4066.6,4064.74,4065.72,0.0
2026-07-24 17:19:00+00:00,4065.73,4066.86,4065.73,4066.86,0.0
2026-07-24 17:20:00+00:00,4066.79,4066.93,4066.09,4066.36,0.0
2026-07-24 17:21:00+00:00,4066.3,4066.75,4066.16,4066.29,0.0
2026-07-24 17:22:00+00:00,4066.22,4066.91,4065.98,4066.27,0.0
2026-07-24 17:23:00+00:00,4066.26,4066.36,4065.89,4065.98,0.0
2026-07-24 17:24:00+00:00,4065.53,4068.79,4065.47,4068.61,0.0
2026-07-24 17:25:00+00:00,4068.84,4068.84,4067.35,4068.04,0.0
2026-07-24 17:26:00+00:00,4068.07,4068.93,4067.82,4068.93,0.0
2026-07-24 17:27:00+00:00,4068.87,4069.89,4068.51,4069.27,0.0
2026-07-24 17:28:00+00:00,4069.16,4069.16,4067.91,4068.14,0.0
2026-07-24 17:29:00+00:00,4068.14,4068.67,4067.54,4068.67,0.0
2026-07-24 17:30:00+00:00,4068.43,4069.82,4067.64,4069.61,0.0
2026-07-24 17:31:00+00:00,4069.48,4069.66,4069.35,4069.38,0.0
2026-07-24 17:32:00+00:00,4069.42,4069.45,4068.35,4068.97,0.0
2026-07-24 17:33:00+00:00,4068.97,4069.79,4068.88,4069.41,0.0
2026-07-24 17:34:00+00:00,4069.38,4069.5,4068.45,4068.45,0.0
2026-07-24 17:35:00+00:00,4068.48,4068.94,4067.9,4068.1,0.0
2026-07-24 17:36:00+00:00,4068.11,4068.44,4067.97,4068.33,0.0
2026-07-24 17:37:00+00:00,4068.29,4068.88,4067.98,4068.13,0.0
2026-07-24 17:38:00+00:00,4068.02,4068.54,4067.69,4067.95,0.0
2026-07-24 17:39:00+00:00,4068.01,4068.73,4067.96,4068.0,0.0
2026-07-24 17:40:00+00:00,4068.11,4068.96,4067.57,4068.48,0.0
2026-07-24 17:41:00+00:00,4068.39,4068.39,4067.61,4067.88,0.0
2026-07-24 17:42:00+00:00,4068.24,4068.42,4068.08,4068.29,0.0
2026-07-24 17:43:00+00:00,4068.29,4068.53,4066.72,4067.17,0.0
2026-07-24 17:44:00+00:00,4067.13,4067.32,4066.28,4066.62,0.0
2026-07-24 17:45:00+00:00,4066.62,4066.62,4065.79,4066.02,0.0
2026-07-24 17:46:00+00:00,4066.46,4067.25,4066.06,4066.81,0.0
2026-07-24 17:47:00+00:00,4066.8,4067.04,4065.84,4066.01,0.0
2026-07-24 17:48:00+00:00,4065.92,4066.01,4064.9,4065.4,0.0
2026-07-24 17:49:00+00:00,4065.4,4066.24,4065.4,4066.2,0.0
2026-07-24 17:50:00+00:00,4066.15,4066.89,4065.9,4066.58,0.0
2026-07-24 17:51:00+00:00,4066.59,4066.97,4065.07,4065.16,0.0
2026-07-24 17:52:00+00:00,4065.17,4065.17,4063.65,4063.79,0.0
2026-07-24 17:53:00+00:00,4063.9,4064.2,4063.25,4063.42,0.0
2026-07-24 17:54:00+00:00,4063.41,4063.65,4063.14,4063.53,0.0
2026-07-24 17:55:00+00:00,4063.54,4064.83,4063.54,4064.8,0.0
2026-07-24 17:56:00+00:00,4064.79,4065.27,4064.4,4064.69,0.0
2026-07-24 17:57:00+00:00,4064.7,4065.04,4064.25,4064.77,0.0
2026-07-24 17:58:00+00:00,4064.78,4065.06,4064.76,4064.97,0.0
2026-07-24 17:59:00+00:00,4064.96,4065.04,4063.43,4063.46,0.0
2026-07-24 18:00:00+00:00,4063.47,4064.08,4063.45,4064.01,0.0
2026-07-24 18:01:00+00:00,4064.05,4064.17,4062.99,4063.48,0.0
2026-07-24 18:02:00+00:00,4063.4,4063.68,4063.2,4063.3,0.0
2026-07-24 18:03:00+00:00,4062.89,4062.89,4061.4,4061.96,0.0
2026-07-24 18:04:00+00:00,4061.91,4063.13,4061.81,4063.06,0.0
2026-07-24 18:05:00+00:00,4063.01,4064.55,4063.01,4064.45,0.0
2026-07-24 18:06:00+00:00,4064.46,4064.47,4063.03,4063.05,0.0
2026-07-24 18:07:00+00:00,4063.05,4063.5,4062.9,4063.32,0.0
2026-07-24 18:08:00+00:00,4063.35,4063.53,4063.01,4063.09,0.0
2026-07-24 18:09:00+00:00,4063.08,4063.37,4062.94,4063.02,0.0
2026-07-24 18:10:00+00:00,4063.2,4063.58,4062.78,4063.25,0.0
2026-07-24 18:11:00+00:00,4063.36,4063.39,4061.96,4062.56,0.0
2026-07-24 18:12:00+00:00,4062.53,4062.9,4062.34,4062.58,0.0
2026-07-24 18:13:00+00:00,4062.59,4062.96,4062.35,4062.35,0.0
2026-07-24 18:14:00+00:00,4062.33,4062.34,4061.51,4061.74,0.0
2026-07-24 18:15:00+00:00,4061.74,4062.81,4061.67,4062.81,0.0
2026-07-24 18:16:00+00:00,4062.82,4062.94,4062.46,4062.55,0.0
2026-07-24 18:17:00+00:00,4062.61,4063.04,4061.81,4061.88,0.0
2026-07-24 18:18:00+00:00,4061.71,4061.98,4060.45,4060.83,0.0
2026-07-24 18:19:00+00:00,4060.84,4060.89,4060.25,4060.33,0.0
2026-07-24 18:20:00+00:00,4060.32,4060.77,4058.93,4059.31,0.0
2026-07-24 18:21:00+00:00,4059.3,4059.3,4058.57,4059.03,0.0
2026-07-24 18:22:00+00:00,4058.91,4059.2,4057.28,4057.38,0.0
2026-07-24 18:23:00+00:00,4057.38,4058.3,4056.81,4058.13,0.0
2026-07-24 18:24:00+00:00,4058.15,4058.3,4057.32,4057.67,0.0
2026-07-24 18:25:00+00:00,4057.62,4058.48,4055.88,4056.73,0.0
2026-07-24 18:26:00+00:00,4056.73,4056.83,4056.19,4056.58,0.0
2026-07-24 18:27:00+00:00,4056.56,4056.85,4056.29,4056.49,0.0
2026-07-24 18:28:00+00:00,4056.41,4056.8,4055.42,4055.57,0.0
2026-07-24 18:29:00+00:00,4055.72,4056.34,4055.18,4055.57,0.0
2026-07-24 18:30:00+00:00,4055.34,4056.19,4055.23,4056.06,0.0
2026-07-24 18:31:00+00:00,4056.08,4056.24,4054.01,4054.17,0.0
2026-07-24 18:32:00+00:00,4054.17,4054.96,4053.67,4054.35,0.0
2026-07-24 18:33:00+00:00,4054.36,4054.82,4052.99,4052.99,0.0
2026-07-24 18:34:00+00:00,4053.0,4054.27,4052.6,4054.27,0.0
2026-07-24 18:35:00+00:00,4054.37,4054.47,4053.46,4054.18,0.0
2026-07-24 18:36:00+00:00,4054.2,4056.49,4054.2,4055.51,0.0
2026-07-24 18:37:00+00:00,4055.51,4056.09,4055.42,4055.68,0.0
2026-07-24 18:38:00+00:00,4055.71,4057.09,4055.57,4057.0,0.0
2026-07-24 18:39:00+00:00,4057.0,4057.0,4055.52,4055.81,0.0
2026-07-24 18:40:00+00:00,4055.78,4055.78,4054.44,4054.78,0.0
2026-07-24 18:41:00+00:00,4054.56,4054.78,4053.66,4053.66,0.0
2026-07-24 18:42:00+00:00,4053.66,4053.66,4052.15,4053.23,0.0
2026-07-24 18:43:00+00:00,4053.25,4053.26,4051.54,4051.56,0.0
2026-07-24 18:44:00+00:00,4051.58,4052.43,4051.35,4052.2,0.0
2026-07-24 18:45:00+00:00,4052.19,4053.65,4051.9,4053.65,0.0
2026-07-24 18:46:00+00:00,4053.76,4054.92,4053.76,4054.63,0.0
2026-07-24 18:47:00+00:00,4054.63,4055.25,4054.6,4055.09,0.0
2026-07-24 18:48:00+00:00,4055.09,4055.11,4053.47,4053.47,0.0
2026-07-24 18:49:00+00:00,4053.46,4054.07,4053.45,4053.61,0.0
2026-07-24 18:50:00+00:00,4053.62,4054.44,4053.11,4054.44,0.0
2026-07-24 18:51:00+00:00,4054.36,4055.49,4054.15,4055.41,0.0
2026-07-24 18:52:00+00:00,4055.42,4055.97,4054.73,4054.73,0.0
2026-07-24 18:53:00+00:00,4054.75,4055.03,4054.39,4054.82,0.0
2026-07-24 18:54:00+00:00,4054.75,4054.81,4054.18,4054.44,0.0
2026-07-24 18:55:00+00:00,4054.44,4055.24,4054.12,4055.21,0.0
2026-07-24 18:56:00+00:00,4055.26,4055.3,4054.52,4055.11,0.0
2026-07-24 18:57:00+00:00,4054.99,4055.37,4054.93,4055.17,0.0
2026-07-24 18:58:00+00:00,4055.16,4055.27,4054.91,4054.96,0.0
2026-07-24 18:59:00+00:00,4054.96,4055.03,4054.38,4054.47,0.0
2026-07-24 19:00:00+00:00,4054.5,4054.93,4052.51,4052.51,0.0
2026-07-24 19:01:00+00:00,4052.75,4054.02,4052.75,4052.92,0.0
2026-07-24 19:02:00+00:00,4052.91,4055.78,4052.53,4055.43,0.0
2026-07-24 19:03:00+00:00,4055.43,4056.0,4054.97,4055.99,0.0
2026-07-24 19:04:00+00:00,4055.92,4056.47,4054.74,4054.86,0.0
2026-07-24 19:05:00+00:00,4054.8,4054.94,4054.47,4054.7,0.0
2026-07-24 19:06:00+00:00,4054.71,4054.91,4053.68,4053.81,0.0
2026-07-24 19:07:00+00:00,4053.82,4053.83,4052.67,4053.26,0.0
2026-07-24 19:08:00+00:00,4053.19,4054.09,4053.18,4053.87,0.0
2026-07-24 19:09:00+00:00,4053.88,4053.88,4053.03,4053.04,0.0
2026-07-24 19:10:00+00:00,4053.02,4053.14,4052.67,4052.92,0.0
2026-07-24 19:11:00+00:00,4052.92,4054.53,4052.79,4054.24,0.0
2026-07-24 19:12:00+00:00,4054.27,4054.88,4054.17,4054.18,0.0
2026-07-24 19:13:00+00:00,4054.16,4054.27,4053.16,4053.5,0.0
2026-07-24 19:14:00+00:00,4053.5,4053.55,4052.31,4052.4,0.0
2026-07-24 19:15:00+00:00,4052.44,4052.48,4050.44,4050.69,0.0
2026-07-24 19:16:00+00:00,4050.68,4051.1,4049.84,4051.1,0.0
2026-07-24 19:17:00+00:00,4051.06,4051.45,4050.46,4051.27,0.0
2026-07-24 19:18:00+00:00,4051.36,4051.7,4051.06,4051.51,0.0
2026-07-24 19:19:00+00:00,4051.45,4051.54,4050.11,4050.61,0.0
2026-07-24 19:20:00+00:00,4050.83,4051.0,4050.13,4050.16,0.0
2026-07-24 19:21:00+00:00,4050.36,4051.31,4050.12,4051.09,0.0
2026-07-24 19:22:00+00:00,4050.93,4051.09,4050.07,4050.9,0.0
2026-07-24 19:23:00+00:00,4050.83,4050.83,4050.08,4050.1,0.0
2026-07-24 19:24:00+00:00,4050.07,4050.25,4049.69,4049.78,0.0
2026-07-24 19:25:00+00:00,4049.74,4050.73,4049.37,4050.69,0.0
2026-07-24 19:26:00+00:00,4050.77,4051.19,4050.57,4050.65,0.0
2026-07-24 19:27:00+00:00,4050.65,4051.07,4050.58,4050.98,0.0
2026-07-24 19:28:00+00:00,4050.91,4051.51,4050.78,4051.5,0.0
2026-07-24 19:29:00+00:00,4051.51,4051.95,4051.37,4051.63,0.0
2026-07-24 19:30:00+00:00,4051.6,4051.96,4051.5,4051.8,0.0
2026-07-24 19:31:00+00:00,4051.81,4052.36,4051.48,4051.58,0.0
2026-07-24 19:32:00+00:00,4051.67,4053.2,4051.67,4053.12,0.0
2026-07-24 19:33:00+00:00,4053.07,4054.49,4052.94,4053.91,0.0
2026-07-24 19:34:00+00:00,4053.76,4054.39,4053.63,4054.2,0.0
2026-07-24 19:35:00+00:00,4054.19,4055.89,4053.79,4055.66,0.0
2026-07-24 19:36:00+00:00,4055.59,4055.83,4054.15,4054.32,0.0
2026-07-24 19:37:00+00:00,4054.29,4056.5,4054.28,4055.79,0.0
2026-07-24 19:38:00+00:00,4055.77,4055.82,4054.85,4055.47,0.0
2026-07-24 19:39:00+00:00,4055.49,4056.17,4055.12,4055.57,0.0
2026-07-24 19:40:00+00:00,4055.57,4058.01,4055.46,4057.89,0.0
2026-07-24 19:41:00+00:00,4057.95,4057.97,4056.73,4057.02,0.0
2026-07-24 19:42:00+00:00,4056.9,4057.72,4056.6,4057.71,0.0
2026-07-24 19:43:00+00:00,4057.7,4057.78,4056.85,4057.26,0.0
2026-07-24 19:44:00+00:00,4057.25,4057.25,4056.4,4056.9,0.0
2026-07-24 19:45:00+00:00,4057.01,4057.45,4056.98,4057.28,0.0
2026-07-24 19:46:00+00:00,4057.35,4057.48,4056.17,4056.18,0.0
2026-07-24 19:47:00+00:00,4056.19,4056.85,4055.63,4055.75,0.0
2026-07-24 19:48:00+00:00,4055.75,4056.13,4055.43,4055.43,0.0
2026-07-24 19:49:00+00:00,4055.45,4055.46,4055.01,4055.28,0.0
2026-07-24 19:50:00+00:00,4055.28,4055.48,4053.86,4054.28,0.0
2026-07-24 19:51:00+00:00,4054.15,4054.79,4054.06,4054.66,0.0
2026-07-24 19:52:00+00:00,4054.63,4054.63,4054.13,4054.25,0.0
2026-07-24 19:53:00+00:00,4054.28,4055.34,4054.28,4055.34,0.0
2026-07-24 19:54:00+00:00,4055.26,4055.74,4054.93,4055.49,0.0
2026-07-24 19:55:00+00:00,4055.48,4055.48,4053.6,4054.09,0.0
2026-07-24 19:56:00+00:00,4054.08,4054.86,4053.17,4053.22,0.0
2026-07-24 19:57:00+00:00,4053.36,4053.43,4052.97,4053.06,0.0
2026-07-24 19:58:00+00:00,4053.08,4053.89,4052.9,4053.68,0.0
2026-07-24 19:59:00+00:00,4053.7,4054.3,4053.68,4054.07,0.0
2026-07-24 20:00:00+00:00,4053.8,4054.12,4053.33,4053.7,0.0
2026-07-24 20:01:00+00:00,4053.66,4054.91,4053.45,4054.88,0.0
2026-07-24 20:02:00+00:00,4054.9,4055.31,4054.67,4054.85,0.0
2026-07-24 20:03:00+00:00,4054.89,4055.24,4054.24,4054.24,0.0
2026-07-24 20:04:00+00:00,4054.24,4054.43,4054.03,4054.43,0.0
2026-07-24 20:05:00+00:00,4054.22,4054.27,4054.06,4054.25,0.0
2026-07-24 20:06:00+00:00,4054.31,4054.33,4053.89,4053.95,0.0
2026-07-24 20:07:00+00:00,4053.96,4053.98,4053.17,4053.49,0.0
2026-07-24 20:08:00+00:00,4053.47,4053.49,4053.04,4053.1,0.0
2026-07-24 20:09:00+00:00,4053.11,4053.22,4053.01,4053.08,0.0
2026-07-24 20:10:00+00:00,4053.04,4053.24,4052.88,4053.24,0.0
2026-07-24 20:11:00+00:00,4053.24,4053.4,4053.17,4053.31,0.0
2026-07-24 20:12:00+00:00,4053.45,4053.46,4053.18,4053.4,0.0
2026-07-24 20:13:00+00:00,4053.45,4053.54,4053.04,4053.05,0.0
2026-07-24 20:14:00+00:00,4053.06,4053.06,4052.39,4052.67,0.0
2026-07-24 20:15:00+00:00,4052.67,4052.77,4052.24,4052.46,0.0
2026-07-24 20:16:00+00:00,4052.46,4053.39,4052.45,4053.14,0.0
2026-07-24 20:17:00+00:00,4053.15,4053.16,4052.91,4052.96,0.0
2026-07-24 20:18:00+00:00,4052.97,4053.1,4052.55,4053.02,0.0
2026-07-24 20:19:00+00:00,4053.08,4053.08,4052.55,4052.67,0.0
2026-07-24 20:20:00+00:00,4052.7,4052.74,4052.3,4052.43,0.0
2026-07-24 20:21:00+00:00,4052.48,4052.55,4052.26,4052.42,0.0
2026-07-24 20:22:00+00:00,4052.31,4052.42,4052.3,4052.37,0.0
2026-07-24 20:23:00+00:00,4052.38,4053.38,4052.38,4053.27,0.0
2026-07-24 20:24:00+00:00,4053.34,4053.56,4053.2,4053.56,0.0
2026-07-24 20:25:00+00:00,4053.56,4054.68,4053.56,4054.57,0.0
2026-07-24 20:26:00+00:00,4054.58,4054.79,4053.67,4053.85,0.0
2026-07-24 20:27:00+00:00,4053.72,4053.93,4053.54,4053.93,0.0
2026-07-24 20:28:00+00:00,4053.92,4053.94,4053.17,4053.94,0.0
2026-07-24 20:29:00+00:00,4053.9,4054.43,4053.55,4053.76,0.0
2026-07-24 20:30:00+00:00,4053.77,4053.78,4053.47,4053.59,0.0
2026-07-24 20:31:00+00:00,4053.57,4053.71,4053.27,4053.71,0.0
2026-07-24 20:32:00+00:00,4053.7,4054.08,4053.58,4053.98,0.0
2026-07-24 20:33:00+00:00,4054.0,4054.03,4053.66,4053.95,0.0
2026-07-24 20:34:00+00:00,4053.98,4053.99,4051.82,4052.31,0.0
2026-07-24 20:35:00+00:00,4052.41,4054.23,4052.41,4054.18,0.0
2026-07-24 20:36:00+00:00,4054.17,4054.17,4053.63,4054.13,0.0
2026-07-24 20:37:00+00:00,4054.15,4054.38,4053.87,4054.04,0.0
2026-07-24 20:38:00+00:00,4054.03,4054.35,4053.98,4054.35,0.0
2026-07-24 20:39:00+00:00,4054.35,4054.55,4054.2,4054.5,0.0
2026-07-24 20:40:00+00:00,4054.44,4054.44,4053.95,4054.08,0.0
2026-07-24 20:41:00+00:00,4054.08,4055.28,4053.89,4055.19,0.0
2026-07-24 20:42:00+00:00,4055.19,4055.19,4054.86,4055.12,0.0
2026-07-24 20:43:00+00:00,4055.12,4055.66,4055.02,4055.59,0.0
2026-07-24 20:44:00+00:00,4055.58,4056.1,4055.51,4055.62,0.0
2026-07-24 20:45:00+00:00,4055.62,4055.67,4054.9,4055.67,0.0
2026-07-24 20:46:00+00:00,4055.63,4056.14,4055.37,4056.13,0.0
2026-07-24 20:47:00+00:00,4056.14,4056.23,4055.45,4055.51,0.0
2026-07-24 20:48:00+00:00,4055.5,4055.5,4054.25,4054.65,0.0
2026-07-24 20:49:00+00:00,4054.65,4054.91,4054.26,4054.61,0.0
2026-07-24 20:50:00+00:00,4054.52,4054.67,4054.32,4054.45,0.0
2026-07-24 20:51:00+00:00,4054.45,4054.45,4053.82,4053.91,0.0
2026-07-24 20:52:00+00:00,4053.91,4054.19,4053.68,4053.68,0.0
2026-07-24 20:53:00+00:00,4053.66,4053.96,4053.29,4053.96,0.0
2026-07-24 20:54:00+00:00,4054.2,4054.2,4053.4,4053.58,0.0
2026-07-24 20:55:00+00:00,4053.39,4053.39,4053.39,4053.39,0.0
