datetime,open,high,low,close,volume
2026-07-07 12:15:00+00:00,4173.33,4174.75,4168.98,4169.26,0.0
2026-07-07 12:20:00+00:00,4168.98,4169.96,4163.3,4164.35,0.0
2026-07-07 12:25:00+00:00,4164.33,4169.5,4163.29,4166.09,0.0
2026-07-07 12:30:00+00:00,4166.07,4168.15,4163.95,4163.95,0.0
2026-07-07 12:35:00+00:00,4164.08,4167.05,4162.54,4166.12,0.0
2026-07-07 12:40:00+00:00,4166.14,4167.37,4161.73,4166.48,0.0
2026-07-07 12:45:00+00:00,4166.49,4168.77,4164.42,4165.49,0.0
2026-07-07 12:50:00+00:00,4165.59,4170.35,4165.59,4167.25,0.0
2026-07-07 12:55:00+00:00,4167.24,4172.67,4167.01,4172.3,0.0
2026-07-07 13:00:00+00:00,4172.29,4177.69,4165.33,4166.36,0.0
2026-07-07 13:05:00+00:00,4165.9,4167.22,4162.32,4162.7,0.0
2026-07-07 13:10:00+00:00,4162.68,4171.59,4160.21,4171.59,0.0
2026-07-07 13:15:00+00:00,4171.53,4171.53,4168.32,4168.91,0.0
2026-07-07 13:20:00+00:00,4168.74,4172.5,4165.62,4165.81,0.0
2026-07-07 13:25:00+00:00,4166.07,4169.45,4164.33,4166.74,0.0
2026-07-07 13:30:00+00:00,4166.54,4171.14,4163.85,4169.62,0.0
2026-07-07 13:35:00+00:00,4169.24,4179.46,4168.3,4170.62,0.0
2026-07-07 13:40:00+00:00,4170.57,4180.34,4168.58,4177.72,0.0
2026-07-07 13:45:00+00:00,4177.6,4179.84,4170.9,4173.33,0.0
2026-07-07 13:50:00+00:00,4173.31,4174.28,4164.67,4166.08,0.0
2026-07-07 13:55:00+00:00,4166.04,4167.44,4156.28,4158.81,0.0
2026-07-07 14:00:00+00:00,4158.72,4163.34,4153.48,4155.0,0.0
2026-07-07 14:05:00+00:00,4154.88,4158.08,4152.29,4156.04,0.0
2026-07-07 14:10:00+00:00,4155.98,4156.84,4151.21,4152.01,0.0
2026-07-07 14:15:00+00:00,4152.41,4159.79,4151.47,4158.91,0.0
2026-07-07 14:20:00+00:00,4158.88,4158.98,4152.25,4152.4,0.0
2026-07-07 14:25:00+00:00,4152.47,4158.11,4151.34,4158.11,0.0
2026-07-07 14:30:00+00:00,4158.17,4159.28,4151.34,4151.34,0.0
2026-07-07 14:35:00+00:00,4151.31,4151.46,4147.16,4149.76,0.0
2026-07-07 14:40:00+00:00,4149.69,4152.44,4143.82,4152.44,0.0
2026-07-07 14:45:00+00:00,4152.41,4157.74,4152.04,4156.14,0.0
2026-07-07 14:50:00+00:00,4156.59,4157.24,4153.75,4154.01,0.0
2026-07-07 14:55:00+00:00,4154.06,4156.83,4154.06,4154.42,0.0
2026-07-07 15:00:00+00:00,4154.32,4154.65,4150.23,4151.52,0.0
2026-07-07 15:05:00+00:00,4151.74,4155.46,4149.94,4153.44,0.0
2026-07-07 15:10:00+00:00,4153.41,4155.4,4148.46,4148.86,0.0
2026-07-07 15:15:00+00:00,4148.81,4149.05,4141.94,4144.87,0.0
2026-07-07 15:20:00+00:00,4144.91,4146.83,4143.77,4145.35,0.0
2026-07-07 15:25:00+00:00,4145.41,4146.6,4141.85,4143.14,0.0
2026-07-07 15:30:00+00:00,4143.1,4146.09,4142.97,4144.01,0.0
2026-07-07 15:35:00+00:00,4143.88,4146.1,4142.35,4145.61,0.0
2026-07-07 15:40:00+00:00,4145.69,4148.39,4144.36,4146.66,0.0
2026-07-07 15:45:00+00:00,4146.67,4148.04,4142.41,4142.41,0.0
2026-07-07 15:50:00+00:00,4142.23,4143.35,4137.89,4138.05,0.0
2026-07-07 15:55:00+00:00,4138.04,4139.14,4135.98,4139.05,0.0
2026-07-07 16:00:00+00:00,4139.07,4140.73,4137.08,4139.58,0.0
2026-07-07 16:05:00+00:00,4139.71,4143.72,4139.36,4140.42,0.0
2026-07-07 16:10:00+00:00,4140.38,4142.52,4139.58,4141.22,0.0
2026-07-07 16:15:00+00:00,4141.26,4144.63,4141.01,4144.13,0.0
2026-07-07 16:20:00+00:00,4144.25,4146.01,4142.7,4144.62,0.0
2026-07-07 16:25:00+00:00,4144.69,4147.29,4144.09,4146.39,0.0
2026-07-07 16:30:00+00:00,4146.14,4146.7,4143.19,4143.34,0.0
2026-07-07 16:35:00+00:00,4143.39,4145.21,4142.79,4144.47,0.0
2026-07-07 16:40:00+00:00,4144.49,4145.22,4142.91,4143.35,0.0
2026-07-07 16:45:00+00:00,4143.35,4144.85,4141.1,4144.85,0.0
2026-07-07 16:50:00+00:00,4144.85,4146.75,4144.51,4144.65,0.0
2026-07-07 16:55:00+00:00,4144.56,4145.14,4143.07,4145.09,0.0
2026-07-07 17:00:00+00:00,4145.14,4146.14,4144.22,4145.97,0.0
2026-07-07 17:05:00+00:00,4146.13,4146.87,4145.44,4145.87,0.0
2026-07-07 17:10:00+00:00,4145.85,4145.85,4142.41,4143.11,0.0
2026-07-07 17:15:00+00:00,4143.1,4143.32,4140.86,4143.13,0.0
2026-07-07 17:20:00+00:00,4143.06,4146.04,4142.06,4145.42,0.0
2026-07-07 17:25:00+00:00,4145.43,4146.74,4144.14,4146.1,0.0
2026-07-07 17:30:00+00:00,4146.13,4148.3,4145.72,4146.19,0.0
2026-07-07 17:35:00+00:00,4146.21,4146.84,4144.7,4146.24,0.0
2026-07-07 17:40:00+00:00,4146.19,4147.84,4146.01,4147.16,0.0
2026-07-07 17:45:00+00:00,4147.22,4147.47,4145.41,4145.41,0.0
2026-07-07 17:50:00+00:00,4145.42,4145.45,4143.11,4143.67,0.0
2026-07-07 17:55:00+00:00,4143.79,4144.86,4143.6,4144.65,0.0
2026-07-07 18:00:00+00:00,4144.64,4145.27,4141.49,4142.61,0.0
2026-07-07 18:05:00+00:00,4142.59,4142.79,4141.68,4141.92,0.0
2026-07-07 18:10:00+00:00,4141.94,4142.94,4141.22,4142.45,0.0
2026-07-07 18:15:00+00:00,4142.44,4142.47,4140.36,4141.9,0.0
2026-07-07 18:20:00+00:00,4141.91,4144.29,4140.82,4143.27,0.0
2026-07-07 18:25:00+00:00,4143.1,4144.28,4141.66,4141.76,0.0
2026-07-07 18:30:00+00:00,4141.77,4141.9,4136.4,4139.21,0.0
2026-07-07 18:35:00+00:00,4139.1,4142.47,4139.08,4141.3,0.0
2026-07-07 18:40:00+00:00,4141.44,4141.99,4139.83,4141.99,0.0
2026-07-07 18:45:00+00:00,4142.03,4142.67,4132.31,4134.63,0.0
2026-07-07 18:50:00+00:00,4134.9,4135.84,4125.25,4127.02,0.0
2026-07-07 18:55:00+00:00,4127.09,4130.76,4126.07,4126.96,0.0
2026-07-07 19:00:00+00:00,4127.1,4127.68,4118.16,4121.65,0.0
2026-07-07 19:05:00+00:00,4121.93,4121.93,4108.81,4111.11,0.0
2026-07-07 19:10:00+00:00,4111.32,4111.56,4103.57,4105.89,0.0
2026-07-07 19:15:00+00:00,4105.97,4105.97,4092.36,4099.17,0.0
2026-07-07 19:20:00+00:00,4099.05,4102.91,4094.11,4101.97,0.0
2026-07-07 19:25:00+00:00,4101.85,4106.95,4098.55,4103.43,0.0
2026-07-07 19:30:00+00:00,4103.62,4113.53,4103.62,4112.75,0.0
2026-07-07 19:35:00+00:00,4112.68,4115.02,4109.79,4110.85,0.0
2026-07-07 19:40:00+00:00,4110.89,4111.73,4108.42,4109.23,0.0
2026-07-07 19:45:00+00:00,4109.24,4113.59,4108.25,4112.29,0.0
2026-07-07 19:50:00+00:00,4112.29,4115.82,4110.7,4115.82,0.0
2026-07-07 19:55:00+00:00,4115.55,4117.71,4114.02,4114.69,0.0
2026-07-07 20:00:00+00:00,4114.28,4115.66,4112.95,4115.17,0.0
2026-07-07 20:05:00+00:00,4115.21,4115.46,4112.89,4114.17,0.0
2026-07-07 20:10:00+00:00,4114.12,4115.88,4112.47,4113.15,0.0
2026-07-07 20:15:00+00:00,4113.1,4113.24,4107.86,4109.27,0.0
2026-07-07 20:20:00+00:00,4109.29,4109.32,4106.56,4108.35,0.0
2026-07-07 20:25:00+00:00,4108.61,4111.03,4108.61,4110.89,0.0
2026-07-07 20:30:00+00:00,4110.87,4111.15,4107.54,4107.54,0.0
2026-07-07 20:35:00+00:00,4107.26,4107.6,4104.6,4104.86,0.0
2026-07-07 20:40:00+00:00,4104.95,4107.28,4104.85,4105.97,0.0
2026-07-07 20:45:00+00:00,4106.0,4106.8,4105.18,4105.32,0.0
2026-07-07 20:50:00+00:00,4105.31,4105.94,4103.62,4105.19,0.0
2026-07-07 20:55:00+00:00,4105.19,4107.01,4104.29,4106.24,0.0
2026-07-07 22:00:00+00:00,4099.56,4105.84,4094.25,4105.16,0.0
2026-07-07 22:05:00+00:00,4105.22,4106.27,4100.68,4101.11,0.0
2026-07-07 22:10:00+00:00,4101.08,4104.3,4100.8,4104.1,0.0
2026-07-07 22:15:00+00:00,4104.13,4104.13,4101.65,4102.94,0.0
2026-07-07 22:20:00+00:00,4102.94,4103.42,4101.61,4102.71,0.0
2026-07-07 22:25:00+00:00,4102.81,4102.81,4099.75,4099.77,0.0
2026-07-07 22:30:00+00:00,4099.78,4100.97,4098.85,4099.97,0.0
2026-07-07 22:35:00+00:00,4099.99,4102.74,4099.99,4102.7,0.0
2026-07-07 22:40:00+00:00,4102.66,4102.7,4100.39,4101.41,0.0
2026-07-07 22:45:00+00:00,4101.11,4101.14,4097.19,4097.89,0.0
2026-07-07 22:50:00+00:00,4097.88,4100.24,4096.05,4098.14,0.0
2026-07-07 22:55:00+00:00,4098.11,4099.6,4096.27,4098.78,0.0
2026-07-07 23:00:00+00:00,4098.58,4101.68,4096.46,4101.47,0.0
2026-07-07 23:05:00+00:00,4101.53,4107.2,4101.25,4105.97,0.0
2026-07-07 23:10:00+00:00,4105.9,4107.91,4104.58,4106.01,0.0
2026-07-07 23:15:00+00:00,4105.94,4105.94,4101.52,4102.3,0.0
2026-07-07 23:20:00+00:00,4102.38,4104.29,4101.27,4104.04,0.0
2026-07-07 23:25:00+00:00,4103.99,4106.68,4102.9,4105.07,0.0
2026-07-07 23:30:00+00:00,4105.05,4105.54,4100.78,4101.29,0.0
2026-07-07 23:35:00+00:00,4101.29,4102.52,4100.43,4102.18,0.0
2026-07-07 23:40:00+00:00,4102.17,4103.77,4097.53,4098.27,0.0
2026-07-07 23:45:00+00:00,4098.43,4099.53,4096.31,4098.17,0.0
2026-07-07 23:50:00+00:00,4098.16,4101.41,4097.99,4098.56,0.0
2026-07-07 23:55:00+00:00,4098.6,4098.6,4096.26,4098.43,0.0
2026-07-08 00:00:00+00:00,4098.66,4102.6,4097.26,4102.54,0.0
2026-07-08 00:05:00+00:00,4102.6,4102.87,4097.81,4099.96,0.0
2026-07-08 00:10:00+00:00,4100.11,4104.03,4099.14,4100.49,0.0
2026-07-08 00:15:00+00:00,4100.4,4103.39,4099.2,4103.28,0.0
2026-07-08 00:20:00+00:00,4103.43,4106.37,4101.1,4106.1,0.0
2026-07-08 00:25:00+00:00,4106.04,4107.84,4104.15,4105.44,0.0
2026-07-08 00:30:00+00:00,4105.57,4109.23,4104.09,4109.23,0.0
2026-07-08 00:35:00+00:00,4109.65,4122.97,4107.56,4122.97,0.0
2026-07-08 00:40:00+00:00,4122.97,4126.37,4121.43,4122.91,0.0
2026-07-08 00:45:00+00:00,4123.37,4125.21,4120.23,4121.63,0.0
2026-07-08 00:50:00+00:00,4121.68,4121.68,4115.17,4115.44,0.0
2026-07-08 00:55:00+00:00,4115.44,4118.41,4111.3,4111.56,0.0
2026-07-08 01:00:00+00:00,4111.62,4117.82,4107.73,4108.52,0.0
2026-07-08 01:05:00+00:00,4108.5,4108.5,4098.68,4103.92,0.0
2026-07-08 01:10:00+00:00,4104.13,4111.64,4103.7,4108.56,0.0
2026-07-08 01:15:00+00:00,4108.51,4108.85,4104.32,4107.19,0.0
2026-07-08 01:20:00+00:00,4107.16,4110.07,4105.29,4105.75,0.0
2026-07-08 01:25:00+00:00,4106.12,4110.28,4102.32,4102.71,0.0
2026-07-08 01:30:00+00:00,4102.7,4105.91,4097.74,4098.17,0.0
2026-07-08 01:35:00+00:00,4098.14,4100.53,4096.59,4100.24,0.0
2026-07-08 01:40:00+00:00,4100.24,4105.8,4099.04,4103.52,0.0
2026-07-08 01:45:00+00:00,4103.51,4112.81,4102.49,4110.23,0.0
2026-07-08 01:50:00+00:00,4110.28,4112.83,4104.77,4108.93,0.0
2026-07-08 01:55:00+00:00,4108.95,4111.76,4107.63,4111.4,0.0
2026-07-08 02:00:00+00:00,4111.28,4111.61,4106.13,4108.44,0.0
2026-07-08 02:05:00+00:00,4108.51,4117.32,4108.14,4116.86,0.0
2026-07-08 02:10:00+00:00,4116.86,4118.02,4112.16,4112.37,0.0
2026-07-08 02:15:00+00:00,4112.28,4116.43,4112.28,4114.84,0.0
2026-07-08 02:20:00+00:00,4114.82,4121.87,4113.54,4120.61,0.0
2026-07-08 02:25:00+00:00,4120.41,4124.93,4119.03,4119.21,0.0
2026-07-08 02:30:00+00:00,4119.03,4121.06,4116.52,4119.06,0.0
2026-07-08 02:35:00+00:00,4119.24,4120.53,4116.97,4120.11,0.0
2026-07-08 02:40:00+00:00,4120.11,4120.46,4118.23,4120.29,0.0
2026-07-08 02:45:00+00:00,4120.27,4120.75,4116.27,4116.95,0.0
2026-07-08 02:50:00+00:00,4116.93,4117.79,4114.63,4116.5,0.0
2026-07-08 02:55:00+00:00,4116.48,4116.66,4113.56,4114.63,0.0
2026-07-08 03:00:00+00:00,4114.66,4129.34,4114.66,4125.76,0.0
2026-07-08 03:05:00+00:00,4125.76,4129.99,4122.44,4127.21,0.0
2026-07-08 03:10:00+00:00,4127.22,4130.85,4126.26,4128.22,0.0
2026-07-08 03:15:00+00:00,4128.24,4128.86,4124.81,4126.4,0.0
2026-07-08 03:20:00+00:00,4126.89,4129.39,4126.22,4128.36,0.0
2026-07-08 03:25:00+00:00,4128.31,4130.79,4127.54,4129.86,0.0
2026-07-08 03:30:00+00:00,4129.94,4131.05,4126.82,4128.42,0.0
2026-07-08 03:35:00+00:00,4128.35,4128.67,4126.1,4126.84,0.0
2026-07-08 03:40:00+00:00,4126.79,4127.5,4125.65,4126.65,0.0
2026-07-08 03:45:00+00:00,4126.68,4129.2,4125.98,4128.67,0.0
2026-07-08 03:50:00+00:00,4128.61,4128.95,4126.97,4126.98,0.0
2026-07-08 03:55:00+00:00,4126.99,4127.03,4122.96,4123.79,0.0
2026-07-08 04:00:00+00:00,4123.6,4124.89,4121.86,4123.01,0.0
2026-07-08 04:05:00+00:00,4123.0,4129.0,4122.67,4128.75,0.0
2026-07-08 04:10:00+00:00,4128.72,4128.72,4124.15,4124.42,0.0
2026-07-08 04:15:00+00:00,4124.42,4124.43,4120.72,4123.25,0.0
2026-07-08 04:20:00+00:00,4123.25,4127.42,4122.03,4126.47,0.0
2026-07-08 04:25:00+00:00,4126.1,4127.27,4124.96,4125.86,0.0
2026-07-08 04:30:00+00:00,4125.98,4128.16,4124.72,4126.24,0.0
2026-07-08 04:35:00+00:00,4126.13,4128.0,4124.99,4125.37,0.0
2026-07-08 04:40:00+00:00,4125.47,4125.95,4122.36,4125.18,0.0
2026-07-08 04:45:00+00:00,4125.17,4126.96,4124.67,4124.86,0.0
2026-07-08 04:50:00+00:00,4124.89,4126.41,4124.22,4124.22,0.0
2026-07-08 04:55:00+00:00,4124.22,4126.82,4124.21,4125.22,0.0
2026-07-08 05:00:00+00:00,4125.23,4128.09,4125.01,4128.0,0.0
2026-07-08 05:05:00+00:00,4128.01,4133.97,4127.95,4128.33,0.0
2026-07-08 05:10:00+00:00,4128.33,4128.33,4125.35,4126.02,0.0
2026-07-08 05:15:00+00:00,4125.9,4129.41,4125.62,4127.34,0.0
2026-07-08 05:20:00+00:00,4127.34,4128.01,4122.87,4124.53,0.0
2026-07-08 05:25:00+00:00,4124.64,4126.44,4122.12,4122.12,0.0
2026-07-08 05:30:00+00:00,4122.07,4128.24,4121.79,4128.1,0.0
2026-07-08 05:35:00+00:00,4127.9,4130.21,4125.99,4127.89,0.0
2026-07-08 05:40:00+00:00,4127.74,4131.76,4126.91,4128.4,0.0
2026-07-08 05:45:00+00:00,4128.35,4130.05,4125.41,4125.48,0.0
2026-07-08 05:50:00+00:00,4125.39,4126.96,4125.14,4126.6,0.0
2026-07-08 05:55:00+00:00,4126.6,4129.36,4125.85,4127.71,0.0
2026-07-08 06:00:00+00:00,4127.92,4129.12,4123.86,4123.89,0.0
2026-07-08 06:05:00+00:00,4123.63,4125.87,4122.27,4125.66,0.0
2026-07-08 06:10:00+00:00,4125.78,4131.84,4124.83,4131.39,0.0
2026-07-08 06:15:00+00:00,4131.64,4132.9,4129.11,4130.27,0.0
2026-07-08 06:20:00+00:00,4130.42,4133.54,4128.97,4132.3,0.0
2026-07-08 06:25:00+00:00,4132.36,4132.4,4129.53,4129.98,0.0
2026-07-08 06:30:00+00:00,4129.77,4129.77,4125.34,4126.44,0.0
2026-07-08 06:35:00+00:00,4126.37,4127.03,4124.69,4126.35,0.0
2026-07-08 06:40:00+00:00,4126.27,4127.92,4125.84,4126.66,0.0
2026-07-08 06:45:00+00:00,4126.66,4127.21,4124.18,4124.73,0.0
2026-07-08 06:50:00+00:00,4124.88,4126.66,4124.74,4125.12,0.0
2026-07-08 06:55:00+00:00,4125.17,4125.76,4123.65,4123.65,0.0
2026-07-08 07:00:00+00:00,4123.67,4125.33,4121.38,4121.57,0.0
2026-07-08 07:05:00+00:00,4120.82,4121.25,4118.5,4120.83,0.0
2026-07-08 07:10:00+00:00,4120.76,4121.01,4116.75,4118.13,0.0
2026-07-08 07:15:00+00:00,4118.1,4118.54,4115.07,4116.1,0.0
2026-07-08 07:20:00+00:00,4116.2,4119.46,4114.97,4119.42,0.0
2026-07-08 07:25:00+00:00,4119.63,4121.29,4117.59,4120.43,0.0
2026-07-08 07:30:00+00:00,4120.45,4126.15,4120.18,4123.94,0.0
2026-07-08 07:35:00+00:00,4124.02,4124.02,4118.41,4120.28,0.0
2026-07-08 07:40:00+00:00,4120.26,4127.18,4120.26,4127.18,0.0
2026-07-08 07:45:00+00:00,4127.24,4127.24,4124.04,4124.39,0.0
2026-07-08 07:50:00+00:00,4124.51,4125.29,4120.18,4120.18,0.0
2026-07-08 07:55:00+00:00,4120.03,4121.78,4119.16,4120.88,0.0
2026-07-08 08:00:00+00:00,4121.24,4121.24,4116.71,4116.99,0.0
2026-07-08 08:05:00+00:00,4117.27,4120.48,4116.98,4120.43,0.0
2026-07-08 08:10:00+00:00,4120.35,4121.23,4117.01,4117.89,0.0
2026-07-08 08:15:00+00:00,4117.81,4120.96,4081.34,4089.26,0.0
2026-07-08 08:20:00+00:00,4088.98,4097.61,4083.25,4085.03,0.0
2026-07-08 08:25:00+00:00,4085.31,4091.95,4081.33,4088.61,0.0
2026-07-08 08:30:00+00:00,4088.94,4091.68,4078.99,4083.48,0.0
2026-07-08 08:35:00+00:00,4083.5,4083.5,4067.01,4067.14,0.0
2026-07-08 08:40:00+00:00,4067.23,4067.79,4061.12,4065.99,0.0
2026-07-08 08:45:00+00:00,4065.81,4076.03,4065.06,4067.1,0.0
2026-07-08 08:50:00+00:00,4067.08,4069.06,4060.92,4063.81,0.0
2026-07-08 08:55:00+00:00,4063.51,4064.92,4052.49,4057.04,0.0
2026-07-08 09:00:00+00:00,4056.82,4056.82,4051.17,4055.67,0.0
2026-07-08 09:05:00+00:00,4055.64,4056.04,4050.58,4051.8,0.0
2026-07-08 09:10:00+00:00,4051.92,4056.31,4051.3,4055.7,0.0
2026-07-08 09:15:00+00:00,4055.98,4061.01,4054.06,4059.25,0.0
2026-07-08 09:20:00+00:00,4059.19,4060.26,4054.55,4056.68,0.0
2026-07-08 09:25:00+00:00,4056.67,4060.17,4054.96,4056.69,0.0
2026-07-08 09:30:00+00:00,4056.7,4057.33,4051.54,4056.62,0.0
2026-07-08 09:35:00+00:00,4056.66,4058.31,4050.88,4053.12,0.0
2026-07-08 09:40:00+00:00,4053.38,4054.22,4045.14,4048.69,0.0
2026-07-08 09:45:00+00:00,4048.54,4052.87,4047.41,4050.58,0.0
2026-07-08 09:50:00+00:00,4050.46,4050.46,4046.14,4048.1,0.0
2026-07-08 09:55:00+00:00,4047.89,4047.89,4041.58,4043.41,0.0
2026-07-08 10:00:00+00:00,4043.43,4048.54,4043.43,4047.37,0.0
2026-07-08 10:05:00+00:00,4047.33,4047.95,4040.8,4041.97,0.0
2026-07-08 10:10:00+00:00,4042.01,4045.28,4041.77,4044.05,0.0
2026-07-08 10:15:00+00:00,4044.79,4050.88,4043.78,4050.72,0.0
2026-07-08 10:20:00+00:00,4050.93,4055.92,4050.74,4053.0,0.0
2026-07-08 10:25:00+00:00,4052.8,4053.48,4049.11,4050.85,0.0
2026-07-08 10:30:00+00:00,4050.79,4056.41,4050.32,4054.93,0.0
2026-07-08 10:35:00+00:00,4054.91,4056.87,4052.31,4055.14,0.0
2026-07-08 10:40:00+00:00,4055.31,4058.29,4053.28,4057.3,0.0
2026-07-08 10:45:00+00:00,4057.25,4058.28,4054.11,4055.5,0.0
2026-07-08 10:50:00+00:00,4055.71,4057.09,4053.16,4056.57,0.0
2026-07-08 10:55:00+00:00,4056.69,4057.4,4053.16,4053.16,0.0
2026-07-08 11:00:00+00:00,4053.15,4057.29,4050.83,4054.23,0.0
2026-07-08 11:05:00+00:00,4054.22,4054.43,4049.15,4049.45,0.0
2026-07-08 11:10:00+00:00,4049.68,4052.12,4048.45,4050.91,0.0
2026-07-08 11:15:00+00:00,4050.89,4054.49,4050.85,4052.46,0.0
2026-07-08 11:20:00+00:00,4052.48,4054.22,4047.9,4050.69,0.0
2026-07-08 11:25:00+00:00,4050.67,4052.23,4049.7,4050.24,0.0
2026-07-08 11:30:00+00:00,4050.2,4050.88,4046.07,4047.28,0.0
2026-07-08 11:35:00+00:00,4047.31,4047.87,4042.01,4042.69,0.0
2026-07-08 11:40:00+00:00,4042.76,4065.04,4042.63,4064.81,0.0
2026-07-08 11:45:00+00:00,4064.56,4072.53,4061.06,4062.41,0.0
2026-07-08 11:50:00+00:00,4062.24,4064.1,4059.41,4062.89,0.0
2026-07-08 11:55:00+00:00,4062.95,4064.52,4059.66,4062.06,0.0
2026-07-08 12:00:00+00:00,4062.21,4066.16,4059.01,4064.66,0.0
2026-07-08 12:05:00+00:00,4064.47,4069.66,4063.9,4069.66,0.0
2026-07-08 12:10:00+00:00,4069.41,4073.73,4068.93,4072.19,0.0
2026-07-08 12:15:00+00:00,4072.16,4077.57,4069.27,4075.51,0.0
2026-07-08 12:20:00+00:00,4075.52,4076.83,4066.56,4067.45,0.0
2026-07-08 12:25:00+00:00,4067.43,4072.33,4067.42,4070.98,0.0
2026-07-08 12:30:00+00:00,4071.01,4074.19,4068.47,4073.47,0.0
2026-07-08 12:35:00+00:00,4073.42,4073.5,4068.21,4073.19,0.0
2026-07-08 12:40:00+00:00,4073.15,4078.23,4071.59,4078.12,0.0
2026-07-08 12:45:00+00:00,4078.15,4083.1,4076.55,4082.27,0.0
2026-07-08 12:50:00+00:00,4082.54,4086.08,4082.33,4083.93,0.0
2026-07-08 12:55:00+00:00,4083.85,4085.4,4071.06,4072.15,0.0
2026-07-08 13:00:00+00:00,4072.34,4079.85,4070.8,4079.57,0.0
2026-07-08 13:05:00+00:00,4079.46,4082.93,4072.77,4074.26,0.0
2026-07-08 13:10:00+00:00,4074.33,4076.16,4070.14,4072.95,0.0
2026-07-08 13:15:00+00:00,4072.2,4075.28,4071.89,4072.35,0.0
2026-07-08 13:20:00+00:00,4072.14,4075.85,4068.58,4071.67,0.0
2026-07-08 13:25:00+00:00,4071.76,4074.68,4065.58,4066.82,0.0
2026-07-08 13:30:00+00:00,4066.87,4079.98,4066.87,4077.71,0.0
2026-07-08 13:35:00+00:00,4077.53,4080.3,4072.94,4079.26,0.0
2026-07-08 13:40:00+00:00,4079.23,4080.11,4070.79,4073.5,0.0
2026-07-08 13:45:00+00:00,4073.32,4078.87,4069.64,4069.75,0.0
2026-07-08 13:50:00+00:00,4069.68,4073.52,4068.52,4070.4,0.0
2026-07-08 13:55:00+00:00,4070.15,4073.01,4069.38,4070.84,0.0
2026-07-08 14:00:00+00:00,4070.91,4071.53,4064.4,4066.17,0.0
2026-07-08 14:05:00+00:00,4066.51,4068.54,4061.28,4064.0,0.0
2026-07-08 14:10:00+00:00,4063.78,4064.81,4057.17,4057.56,0.0
2026-07-08 14:15:00+00:00,4057.59,4061.55,4051.67,4054.78,0.0
2026-07-08 14:20:00+00:00,4054.7,4061.68,4053.17,4059.9,0.0
2026-07-08 14:25:00+00:00,4059.9,4065.39,4058.95,4060.16,0.0
2026-07-08 14:30:00+00:00,4060.26,4061.29,4052.2,4055.18,0.0
2026-07-08 14:35:00+00:00,4055.28,4055.56,4042.24,4043.09,0.0
2026-07-08 14:40:00+00:00,4043.21,4049.05,4035.45,4036.35,0.0
2026-07-08 14:45:00+00:00,4036.45,4040.16,4034.21,4036.03,0.0
2026-07-08 14:50:00+00:00,4035.81,4045.94,4034.71,4044.79,0.0
2026-07-08 14:55:00+00:00,4044.57,4045.3,4040.51,4041.17,0.0
2026-07-08 15:00:00+00:00,4040.98,4041.6,4035.94,4037.6,0.0
2026-07-08 15:05:00+00:00,4037.48,4043.67,4037.48,4040.13,0.0
2026-07-08 15:10:00+00:00,4040.02,4042.33,4033.81,4033.83,0.0
2026-07-08 15:15:00+00:00,4033.79,4034.98,4027.85,4031.94,0.0
2026-07-08 15:20:00+00:00,4031.96,4036.05,4026.83,4026.83,0.0
2026-07-08 15:25:00+00:00,4026.58,4032.16,4026.58,4031.2,0.0
2026-07-08 15:30:00+00:00,4030.99,4032.1,4021.92,4026.2,0.0
2026-07-08 15:35:00+00:00,4025.34,4032.09,4024.45,4029.49,0.0
2026-07-08 15:40:00+00:00,4029.61,4033.21,4029.3,4032.99,0.0
2026-07-08 15:45:00+00:00,4033.0,4034.64,4030.05,4034.4,0.0
2026-07-08 15:50:00+00:00,4034.28,4038.45,4033.8,4034.66,0.0
2026-07-08 15:55:00+00:00,4034.68,4035.29,4030.87,4034.42,0.0
2026-07-08 16:00:00+00:00,4034.31,4037.34,4033.4,4036.61,0.0
2026-07-08 16:05:00+00:00,4036.68,4040.56,4036.39,4039.48,0.0
2026-07-08 16:10:00+00:00,4039.42,4042.57,4038.49,4039.42,0.0
2026-07-08 16:15:00+00:00,4039.45,4041.4,4037.89,4040.9,0.0
2026-07-08 16:20:00+00:00,4040.81,4041.96,4038.0,4038.58,0.0
2026-07-08 16:25:00+00:00,4038.51,4044.9,4038.34,4043.79,0.0
2026-07-08 16:30:00+00:00,4043.74,4047.01,4041.81,4042.02,0.0
2026-07-08 16:35:00+00:00,4042.0,4046.27,4039.66,4044.93,0.0
2026-07-08 16:40:00+00:00,4045.05,4057.32,4043.55,4056.49,0.0
2026-07-08 16:45:00+00:00,4056.7,4059.2,4053.69,4058.32,0.0
2026-07-08 16:50:00+00:00,4058.3,4062.75,4057.73,4062.04,0.0
2026-07-08 16:55:00+00:00,4062.45,4064.43,4061.47,4063.72,0.0
2026-07-08 17:00:00+00:00,4063.78,4063.97,4059.84,4061.16,0.0
2026-07-08 17:05:00+00:00,4061.11,4069.19,4060.74,4065.44,0.0
2026-07-08 17:10:00+00:00,4065.35,4070.26,4063.92,4065.65,0.0
2026-07-08 17:15:00+00:00,4065.08,4067.46,4063.62,4066.44,0.0
2026-07-08 17:20:00+00:00,4066.44,4070.74,4065.47,4069.27,0.0
2026-07-08 17:25:00+00:00,4069.3,4073.89,4069.26,4072.79,0.0
2026-07-08 17:30:00+00:00,4073.17,4076.36,4071.33,4072.52,0.0
2026-07-08 17:35:00+00:00,4072.23,4072.76,4069.79,4070.76,0.0
2026-07-08 17:40:00+00:00,4070.79,4071.27,4068.99,4069.91,0.0
2026-07-08 17:45:00+00:00,4069.92,4070.29,4067.38,4067.92,0.0
2026-07-08 17:50:00+00:00,4067.92,4069.95,4066.81,4067.91,0.0
2026-07-08 17:55:00+00:00,4067.89,4067.92,4064.49,4066.24,0.0
2026-07-08 18:00:00+00:00,4065.74,4075.06,4063.84,4069.11,0.0
2026-07-08 18:05:00+00:00,4069.09,4070.68,4066.41,4067.87,0.0
2026-07-08 18:10:00+00:00,4068.0,4075.64,4067.01,4075.14,0.0
2026-07-08 18:15:00+00:00,4075.28,4075.28,4070.11,4071.82,0.0
2026-07-08 18:20:00+00:00,4071.9,4071.9,4068.48,4069.47,0.0
2026-07-08 18:25:00+00:00,4069.56,4071.89,4067.64,4069.8,0.0
2026-07-08 18:30:00+00:00,4069.74,4071.38,4067.46,4069.84,0.0
2026-07-08 18:35:00+00:00,4069.8,4075.63,4069.2,4075.26,0.0
2026-07-08 18:40:00+00:00,4075.26,4079.52,4074.94,4079.47,0.0
2026-07-08 18:45:00+00:00,4079.56,4091.32,4078.94,4090.88,0.0
2026-07-08 18:50:00+00:00,4090.83,4091.38,4084.65,4086.04,0.0
2026-07-08 18:55:00+00:00,4085.85,4085.85,4082.55,4084.12,0.0
2026-07-08 19:00:00+00:00,4084.38,4090.77,4084.38,4087.27,0.0
2026-07-08 19:05:00+00:00,4087.29,4090.08,4086.51,4089.42,0.0
2026-07-08 19:10:00+00:00,4089.42,4090.21,4085.79,4087.63,0.0
2026-07-08 19:15:00+00:00,4087.61,4087.97,4084.84,4086.99,0.0
2026-07-08 19:20:00+00:00,4086.89,4087.89,4085.98,4087.3,0.0
2026-07-08 19:25:00+00:00,4087.29,4088.6,4085.12,4088.41,0.0
2026-07-08 19:30:00+00:00,4088.33,4091.3,4086.74,4087.14,0.0
2026-07-08 19:35:00+00:00,4087.08,4089.5,4086.67,4087.09,0.0
2026-07-08 19:40:00+00:00,4087.1,4087.48,4083.46,4084.19,0.0
2026-07-08 19:45:00+00:00,4084.17,4084.44,4078.81,4079.24,0.0
2026-07-08 19:50:00+00:00,4079.24,4083.35,4078.85,4083.29,0.0
2026-07-08 19:55:00+00:00,4083.33,4083.33,4080.21,4080.21,0.0
2026-07-08 20:00:00+00:00,4080.18,4080.18,4076.29,4079.5,0.0
2026-07-08 20:05:00+00:00,4079.5,4083.56,4078.87,4081.46,0.0
2026-07-08 20:10:00+00:00,4081.44,4081.77,4078.28,4079.08,0.0
2026-07-08 20:15:00+00:00,4079.07,4079.78,4075.99,4076.56,0.0
2026-07-08 20:20:00+00:00,4076.56,4076.73,4074.43,4075.84,0.0
2026-07-08 20:25:00+00:00,4075.91,4076.9,4074.64,4076.9,0.0
2026-07-08 20:30:00+00:00,4076.9,4078.58,4073.44,4073.56,0.0
2026-07-08 20:35:00+00:00,4073.7,4074.31,4071.63,4074.31,0.0
2026-07-08 20:40:00+00:00,4074.32,4076.25,4074.05,4074.9,0.0
2026-07-08 20:45:00+00:00,4074.91,4075.97,4074.3,4075.33,0.0
2026-07-08 20:50:00+00:00,4075.33,4079.72,4075.33,4079.46,0.0
2026-07-08 20:55:00+00:00,4079.53,4079.53,4077.25,4077.43,0.0
2026-07-08 22:00:00+00:00,4076.35,4080.66,4072.42,4074.03,0.0
2026-07-08 22:05:00+00:00,4074.06,4079.78,4074.06,4077.68,0.0
2026-07-08 22:10:00+00:00,4077.68,4079.2,4076.65,4076.73,0.0
2026-07-08 22:15:00+00:00,4077.18,4078.82,4075.81,4076.01,0.0
2026-07-08 22:20:00+00:00,4076.02,4076.09,4073.97,4074.71,0.0
2026-07-08 22:25:00+00:00,4074.81,4075.93,4073.61,4074.44,0.0
2026-07-08 22:30:00+00:00,4074.44,4077.42,4073.68,4076.71,0.0
2026-07-08 22:35:00+00:00,4076.55,4078.16,4075.45,4077.36,0.0
2026-07-08 22:40:00+00:00,4077.36,4079.15,4076.32,4076.53,0.0
2026-07-08 22:45:00+00:00,4076.46,4079.55,4076.22,4078.77,0.0
2026-07-08 22:50:00+00:00,4079.19,4079.91,4078.21,4078.27,0.0
2026-07-08 22:55:00+00:00,4078.24,4078.34,4076.54,4076.66,0.0
2026-07-08 23:00:00+00:00,4076.64,4077.06,4073.93,4075.37,0.0
2026-07-08 23:05:00+00:00,4075.36,4077.31,4075.34,4077.0,0.0
2026-07-08 23:10:00+00:00,4077.12,4077.48,4075.94,4077.0,0.0
2026-07-08 23:15:00+00:00,4077.0,4077.2,4075.66,4075.69,0.0
2026-07-08 23:20:00+00:00,4075.69,4076.27,4075.42,4075.73,0.0
2026-07-08 23:25:00+00:00,4075.71,4077.83,4075.71,4077.63,0.0
2026-07-08 23:30:00+00:00,4077.67,4077.67,4074.78,4075.55,0.0
2026-07-08 23:35:00+00:00,4075.54,4077.18,4075.54,4076.41,0.0
2026-07-08 23:40:00+00:00,4076.41,4077.06,4073.89,4075.36,0.0
2026-07-08 23:45:00+00:00,4075.3,4076.3,4072.08,4072.72,0.0
2026-07-08 23:50:00+00:00,4072.68,4077.3,4072.45,4075.78,0.0
2026-07-08 23:55:00+00:00,4075.78,4077.69,4075.21,4076.29,0.0
2026-07-09 00:00:00+00:00,4076.27,4081.16,4076.27,4080.69,0.0
2026-07-09 00:05:00+00:00,4080.66,4082.56,4077.77,4077.93,0.0
2026-07-09 00:10:00+00:00,4077.59,4087.52,4077.59,4087.52,0.0
2026-07-09 00:15:00+00:00,4087.62,4089.53,4083.19,4083.86,0.0
2026-07-09 00:20:00+00:00,4084.12,4085.54,4075.98,4077.51,0.0
2026-07-09 00:25:00+00:00,4077.45,4078.07,4074.12,4077.99,0.0
2026-07-09 00:30:00+00:00,4077.96,4081.57,4077.34,4078.57,0.0
2026-07-09 00:35:00+00:00,4078.75,4081.65,4076.72,4079.43,0.0
2026-07-09 00:40:00+00:00,4079.28,4080.29,4075.66,4077.08,0.0
2026-07-09 00:45:00+00:00,4077.08,4079.04,4075.29,4077.43,0.0
2026-07-09 00:50:00+00:00,4077.44,4077.85,4070.53,4070.93,0.0
2026-07-09 00:55:00+00:00,4070.73,4075.42,4070.73,4074.11,0.0
2026-07-09 01:00:00+00:00,4074.15,4078.79,4065.28,4067.3,0.0
2026-07-09 01:05:00+00:00,4067.51,4074.05,4067.33,4073.5,0.0
2026-07-09 01:10:00+00:00,4073.49,4076.61,4072.31,4074.23,0.0
2026-07-09 01:15:00+00:00,4074.31,4076.51,4072.84,4074.39,0.0
2026-07-09 01:20:00+00:00,4074.37,4075.8,4070.79,4072.67,0.0
2026-07-09 01:25:00+00:00,4072.92,4073.69,4066.82,4066.82,0.0
2026-07-09 01:30:00+00:00,4066.75,4073.26,4062.5,4071.84,0.0
2026-07-09 01:35:00+00:00,4071.84,4073.95,4070.88,4072.39,0.0
2026-07-09 01:40:00+00:00,4072.49,4075.16,4070.91,4073.23,0.0
2026-07-09 01:45:00+00:00,4073.56,4075.93,4073.0,4073.87,0.0
2026-07-09 01:50:00+00:00,4073.88,4074.36,4069.37,4069.72,0.0
2026-07-09 01:55:00+00:00,4069.83,4073.12,4069.17,4073.04,0.0
2026-07-09 02:00:00+00:00,4072.98,4076.16,4072.36,4074.98,0.0
2026-07-09 02:05:00+00:00,4074.93,4075.96,4073.81,4075.05,0.0
2026-07-09 02:10:00+00:00,4075.06,4079.49,4075.06,4078.83,0.0
2026-07-09 02:15:00+00:00,4078.57,4081.15,4076.89,4080.15,0.0
2026-07-09 02:20:00+00:00,4080.13,4080.13,4077.89,4078.99,0.0
2026-07-09 02:25:00+00:00,4079.0,4082.73,4079.0,4080.59,0.0
2026-07-09 02:30:00+00:00,4080.59,4081.44,4072.41,4072.7,0.0
2026-07-09 02:35:00+00:00,4072.39,4074.48,4070.62,4073.39,0.0
2026-07-09 02:40:00+00:00,4073.36,4074.61,4070.47,4071.08,0.0
2026-07-09 02:45:00+00:00,4070.96,4071.86,4068.56,4069.27,0.0
2026-07-09 02:50:00+00:00,4069.27,4069.27,4066.01,4067.64,0.0
2026-07-09 02:55:00+00:00,4067.81,4069.17,4064.64,4065.14,0.0
2026-07-09 03:00:00+00:00,4065.14,4067.65,4064.45,4067.18,0.0
2026-07-09 03:05:00+00:00,4067.08,4067.11,4059.77,4060.59,0.0
2026-07-09 03:10:00+00:00,4060.73,4061.16,4055.7,4058.9,0.0
2026-07-09 03:15:00+00:00,4059.05,4059.08,4054.4,4055.98,0.0
2026-07-09 03:20:00+00:00,4055.83,4059.4,4054.46,4059.33,0.0
2026-07-09 03:25:00+00:00,4059.33,4061.19,4057.57,4058.06,0.0
2026-07-09 03:30:00+00:00,4058.36,4063.31,4056.79,4062.74,0.0
2026-07-09 03:35:00+00:00,4062.81,4063.24,4059.86,4060.69,0.0
2026-07-09 03:40:00+00:00,4060.69,4062.01,4059.3,4062.01,0.0
2026-07-09 03:45:00+00:00,4062.0,4062.85,4061.24,4061.69,0.0
2026-07-09 03:50:00+00:00,4061.5,4063.5,4061.47,4062.79,0.0
2026-07-09 03:55:00+00:00,4062.79,4064.06,4061.63,4064.06,0.0
2026-07-09 04:00:00+00:00,4064.21,4064.44,4058.96,4061.36,0.0
2026-07-09 04:05:00+00:00,4061.41,4063.02,4061.36,4062.18,0.0
2026-07-09 04:10:00+00:00,4062.19,4064.0,4060.73,4060.73,0.0
2026-07-09 04:15:00+00:00,4060.67,4060.72,4057.46,4058.25,0.0
2026-07-09 04:20:00+00:00,4057.94,4061.07,4057.94,4060.04,0.0
2026-07-09 04:25:00+00:00,4060.04,4060.44,4058.57,4059.01,0.0
2026-07-09 04:30:00+00:00,4059.01,4064.49,4059.01,4063.08,0.0
2026-07-09 04:35:00+00:00,4063.08,4064.59,4061.39,4063.89,0.0
2026-07-09 04:40:00+00:00,4063.89,4063.9,4056.67,4057.93,0.0
2026-07-09 04:45:00+00:00,4057.92,4061.57,4056.9,4061.57,0.0
2026-07-09 04:50:00+00:00,4061.57,4063.11,4059.74,4062.86,0.0
2026-07-09 04:55:00+00:00,4062.74,4064.6,4062.47,4064.52,0.0
2026-07-09 05:00:00+00:00,4064.4,4071.1,4063.84,4066.36,0.0
2026-07-09 05:05:00+00:00,4066.4,4069.08,4066.4,4068.26,0.0
2026-07-09 05:10:00+00:00,4068.24,4075.8,4068.16,4073.47,0.0
2026-07-09 05:15:00+00:00,4073.5,4073.58,4068.31,4068.31,0.0
2026-07-09 05:20:00+00:00,4068.1,4069.69,4066.95,4068.79,0.0
2026-07-09 05:25:00+00:00,4068.78,4072.57,4068.26,4072.33,0.0
2026-07-09 05:30:00+00:00,4072.37,4073.38,4065.04,4071.65,0.0
2026-07-09 05:35:00+00:00,4071.75,4077.06,4069.75,4075.95,0.0
2026-07-09 05:40:00+00:00,4075.96,4076.35,4073.88,4075.64,0.0
2026-07-09 05:45:00+00:00,4075.58,4079.78,4073.91,4079.78,0.0
2026-07-09 05:50:00+00:00,4079.6,4082.6,4078.59,4079.93,0.0
2026-07-09 05:55:00+00:00,4080.03,4084.27,4078.72,4082.08,0.0
2026-07-09 06:00:00+00:00,4082.04,4099.64,4081.86,4092.78,0.0
2026-07-09 06:05:00+00:00,4093.01,4093.26,4088.28,4089.11,0.0
2026-07-09 06:10:00+00:00,4089.09,4092.92,4088.4,4092.4,0.0
2026-07-09 06:15:00+00:00,4092.18,4095.96,4091.58,4093.98,0.0
2026-07-09 06:20:00+00:00,4094.12,4100.48,4093.49,4097.75,0.0
2026-07-09 06:25:00+00:00,4097.76,4103.23,4097.75,4102.03,0.0
2026-07-09 06:30:00+00:00,4102.36,4106.87,4099.97,4104.31,0.0
2026-07-09 06:35:00+00:00,4104.36,4105.88,4099.22,4099.42,0.0
2026-07-09 06:40:00+00:00,4098.61,4103.02,4096.14,4102.97,0.0
2026-07-09 06:45:00+00:00,4102.94,4104.71,4102.59,4103.56,0.0
2026-07-09 06:50:00+00:00,4103.47,4105.27,4102.96,4103.82,0.0
2026-07-09 06:55:00+00:00,4103.81,4108.1,4103.62,4108.1,0.0
2026-07-09 07:00:00+00:00,4108.02,4110.13,4106.1,4106.37,0.0
2026-07-09 07:05:00+00:00,4106.37,4106.93,4103.27,4105.84,0.0
2026-07-09 07:10:00+00:00,4105.8,4106.45,4101.65,4101.65,0.0
2026-07-09 07:15:00+00:00,4101.66,4105.16,4101.66,4104.61,0.0
2026-07-09 07:20:00+00:00,4104.68,4106.03,4103.36,4105.82,0.0
2026-07-09 07:25:00+00:00,4105.83,4109.91,4104.98,4109.06,0.0
2026-07-09 07:30:00+00:00,4109.01,4109.18,4103.86,4106.96,0.0
2026-07-09 07:35:00+00:00,4106.94,4109.32,4106.21,4108.35,0.0
2026-07-09 07:40:00+00:00,4108.35,4110.93,4107.9,4109.21,0.0
2026-07-09 07:45:00+00:00,4109.17,4111.0,4106.41,4110.68,0.0
2026-07-09 07:50:00+00:00,4110.66,4111.17,4108.49,4108.49,0.0
2026-07-09 07:55:00+00:00,4108.45,4108.48,4104.79,4108.15,0.0
2026-07-09 08:00:00+00:00,4108.02,4109.52,4105.41,4106.99,0.0
2026-07-09 08:05:00+00:00,4107.0,4110.63,4106.62,4109.72,0.0
2026-07-09 08:10:00+00:00,4109.72,4109.72,4105.48,4108.17,0.0
2026-07-09 08:15:00+00:00,4108.2,4113.0,4107.9,4108.86,0.0
2026-07-09 08:20:00+00:00,4108.94,4117.75,4108.94,4115.99,0.0
2026-07-09 08:25:00+00:00,4115.9,4115.98,4114.12,4114.89,0.0
2026-07-09 08:30:00+00:00,4114.9,4116.58,4110.26,4110.38,0.0
2026-07-09 08:35:00+00:00,4110.48,4115.35,4110.48,4114.77,0.0
2026-07-09 08:40:00+00:00,4114.77,4115.17,4113.27,4113.74,0.0
2026-07-09 08:45:00+00:00,4113.61,4113.81,4108.11,4109.85,0.0
2026-07-09 08:50:00+00:00,4109.84,4111.05,4109.48,4109.99,0.0
2026-07-09 08:55:00+00:00,4109.9,4110.75,4108.02,4108.42,0.0
2026-07-09 09:00:00+00:00,4108.41,4109.06,4106.62,4109.01,0.0
2026-07-09 09:05:00+00:00,4109.01,4109.64,4106.05,4106.63,0.0
2026-07-09 09:10:00+00:00,4106.64,4109.59,4106.42,4108.6,0.0
2026-07-09 09:15:00+00:00,4108.72,4111.98,4108.08,4110.31,0.0
2026-07-09 09:20:00+00:00,4110.29,4112.03,4107.53,4107.69,0.0
2026-07-09 09:25:00+00:00,4107.72,4109.08,4107.58,4108.46,0.0
2026-07-09 09:30:00+00:00,4108.54,4109.93,4105.21,4105.96,0.0
2026-07-09 09:35:00+00:00,4105.96,4108.02,4105.61,4106.29,0.0
2026-07-09 09:40:00+00:00,4106.23,4106.33,4103.47,4103.94,0.0
2026-07-09 09:45:00+00:00,4103.91,4105.36,4103.33,4105.36,0.0
2026-07-09 09:50:00+00:00,4105.29,4106.39,4104.23,4106.35,0.0
2026-07-09 09:55:00+00:00,4106.13,4107.55,4105.44,4106.47,0.0
2026-07-09 10:00:00+00:00,4106.39,4110.09,4104.19,4110.04,0.0
2026-07-09 10:05:00+00:00,4110.04,4110.04,4105.12,4106.98,0.0
2026-07-09 10:10:00+00:00,4107.0,4108.06,4105.18,4105.26,0.0
2026-07-09 10:15:00+00:00,4105.21,4106.63,4104.9,4105.04,0.0
2026-07-09 10:20:00+00:00,4105.14,4105.9,4104.7,4105.14,0.0
2026-07-09 10:25:00+00:00,4105.03,4105.46,4104.28,4104.38,0.0
2026-07-09 10:30:00+00:00,4104.37,4104.98,4102.61,4104.69,0.0
2026-07-09 10:35:00+00:00,4104.68,4105.49,4103.6,4104.56,0.0
2026-07-09 10:40:00+00:00,4104.56,4104.6,4103.02,4103.53,0.0
2026-07-09 10:45:00+00:00,4103.52,4104.57,4099.65,4101.05,0.0
2026-07-09 10:50:00+00:00,4101.01,4101.09,4094.7,4097.43,0.0
2026-07-09 10:55:00+00:00,4097.36,4099.42,4094.26,4099.15,0.0
2026-07-09 11:00:00+00:00,4099.15,4103.98,4098.04,4103.38,0.0
2026-07-09 11:05:00+00:00,4103.54,4103.57,4100.64,4102.58,0.0
2026-07-09 11:10:00+00:00,4102.63,4105.11,4101.97,4105.01,0.0
2026-07-09 11:15:00+00:00,4105.0,4107.17,4104.12,4105.02,0.0
2026-07-09 11:20:00+00:00,4105.09,4105.29,4099.45,4099.94,0.0
2026-07-09 11:25:00+00:00,4099.92,4101.56,4099.28,4100.5,0.0
2026-07-09 11:30:00+00:00,4100.65,4102.76,4100.24,4101.45,0.0
2026-07-09 11:35:00+00:00,4101.46,4105.46,4099.01,4105.46,0.0
2026-07-09 11:40:00+00:00,4105.43,4109.35,4104.93,4106.51,0.0
2026-07-09 11:45:00+00:00,4106.33,4107.96,4105.4,4106.23,0.0
2026-07-09 11:50:00+00:00,4106.24,4107.81,4104.8,4107.2,0.0
2026-07-09 11:55:00+00:00,4107.55,4110.54,4107.35,4108.85,0.0
2026-07-09 12:00:00+00:00,4108.73,4110.07,4106.16,4107.93,0.0
2026-07-09 12:05:00+00:00,4107.81,4119.84,4106.4,4115.66,0.0
2026-07-09 12:10:00+00:00,4115.58,4117.03,4112.5,4112.79,0.0
2026-07-09 12:15:00+00:00,4112.77,4113.53,4107.69,4107.93,0.0
2026-07-09 12:20:00+00:00,4108.05,4108.65,4105.54,4107.05,0.0
2026-07-09 12:25:00+00:00,4107.06,4109.49,4105.27,4107.56,0.0
2026-07-09 12:30:00+00:00,4107.47,4115.93,4107.37,4115.81,0.0
2026-07-09 12:35:00+00:00,4115.94,4121.6,4115.17,4120.62,0.0
2026-07-09 12:40:00+00:00,4120.9,4122.55,4113.0,4113.09,0.0
2026-07-09 12:45:00+00:00,4113.27,4113.36,4111.29,4112.39,0.0
2026-07-09 12:50:00+00:00,4112.48,4114.56,4110.72,4111.6,0.0
2026-07-09 12:55:00+00:00,4111.6,4112.49,4107.7,4107.9,0.0
2026-07-09 13:00:00+00:00,4107.81,4114.28,4106.94,4111.93,0.0
2026-07-09 13:05:00+00:00,4111.96,4117.52,4111.14,4116.32,0.0
2026-07-09 13:10:00+00:00,4116.37,4121.06,4116.02,4120.57,0.0
2026-07-09 13:15:00+00:00,4120.67,4126.9,4119.78,4120.41,0.0
2026-07-09 13:20:00+00:00,4120.48,4125.42,4118.72,4125.29,0.0
2026-07-09 13:25:00+00:00,4125.45,4127.06,4123.88,4126.47,0.0
2026-07-09 13:30:00+00:00,4126.17,4128.8,4119.83,4125.79,0.0
2026-07-09 13:35:00+00:00,4125.77,4127.97,4122.6,4125.2,0.0
2026-07-09 13:40:00+00:00,4125.16,4129.57,4122.14,4127.49,0.0
2026-07-09 13:45:00+00:00,4127.51,4127.51,4121.65,4123.68,0.0
2026-07-09 13:50:00+00:00,4123.75,4126.61,4119.07,4119.07,0.0
2026-07-09 13:55:00+00:00,4118.97,4122.83,4117.96,4121.98,0.0
2026-07-09 14:00:00+00:00,4121.99,4134.61,4121.88,4131.39,0.0
2026-07-09 14:05:00+00:00,4131.32,4135.98,4126.22,4126.48,0.0
2026-07-09 14:10:00+00:00,4126.41,4126.9,4120.65,4122.42,0.0
2026-07-09 14:15:00+00:00,4122.44,4122.44,4116.35,4117.32,0.0
2026-07-09 14:20:00+00:00,4117.55,4123.63,4114.49,4123.26,0.0
2026-07-09 14:25:00+00:00,4123.42,4125.54,4121.99,4124.7,0.0
2026-07-09 14:30:00+00:00,4124.84,4125.19,4121.16,4124.63,0.0
2026-07-09 14:35:00+00:00,4124.68,4126.65,4121.43,4123.2,0.0
2026-07-09 14:40:00+00:00,4123.11,4124.43,4120.9,4124.39,0.0
2026-07-09 14:45:00+00:00,4124.13,4125.28,4119.72,4119.72,0.0
2026-07-09 14:50:00+00:00,4119.71,4124.38,4118.33,4124.26,0.0
2026-07-09 14:55:00+00:00,4124.08,4128.02,4122.82,4127.88,0.0
2026-07-09 15:00:00+00:00,4127.84,4128.36,4125.25,4126.47,0.0
2026-07-09 15:05:00+00:00,4126.49,4130.81,4125.47,4126.89,0.0
2026-07-09 15:10:00+00:00,4126.79,4127.33,4124.94,4125.2,0.0
2026-07-09 15:15:00+00:00,4125.14,4127.88,4125.14,4127.44,0.0
2026-07-09 15:20:00+00:00,4127.54,4130.74,4125.08,4129.78,0.0
2026-07-09 15:25:00+00:00,4129.71,4130.39,4127.11,4127.95,0.0
2026-07-09 15:30:00+00:00,4127.9,4128.5,4126.43,4127.19,0.0
2026-07-09 15:35:00+00:00,4127.16,4130.55,4126.75,4130.55,0.0
2026-07-09 15:40:00+00:00,4130.59,4131.34,4128.76,4130.24,0.0
2026-07-09 15:45:00+00:00,4130.26,4132.77,4128.69,4129.31,0.0
2026-07-09 15:50:00+00:00,4129.35,4131.35,4126.54,4126.91,0.0
2026-07-09 15:55:00+00:00,4127.53,4128.55,4126.63,4127.15,0.0
2026-07-09 16:00:00+00:00,4126.96,4129.65,4125.93,4126.2,0.0
2026-07-09 16:05:00+00:00,4125.94,4129.07,4125.79,4128.7,0.0
2026-07-09 16:10:00+00:00,4128.93,4131.3,4128.0,4130.13,0.0
2026-07-09 16:15:00+00:00,4130.28,4133.14,4129.26,4129.64,0.0
2026-07-09 16:20:00+00:00,4129.64,4131.5,4129.24,4130.66,0.0
2026-07-09 16:25:00+00:00,4130.65,4132.68,4128.98,4132.68,0.0
2026-07-09 16:30:00+00:00,4132.79,4138.01,4132.21,4134.66,0.0
2026-07-09 16:35:00+00:00,4134.61,4135.95,4131.99,4132.55,0.0
2026-07-09 16:40:00+00:00,4132.76,4134.17,4132.24,4133.35,0.0
2026-07-09 16:45:00+00:00,4133.36,4134.25,4131.28,4131.31,0.0
2026-07-09 16:50:00+00:00,4131.3,4133.71,4130.96,4133.21,0.0
2026-07-09 16:55:00+00:00,4133.26,4133.28,4128.47,4128.6,0.0
2026-07-09 17:00:00+00:00,4128.19,4128.8,4126.28,4128.54,0.0
2026-07-09 17:05:00+00:00,4128.44,4128.91,4126.99,4127.92,0.0
2026-07-09 17:10:00+00:00,4127.91,4128.36,4125.9,4127.83,0.0
2026-07-09 17:15:00+00:00,4127.58,4128.27,4125.18,4126.85,0.0
2026-07-09 17:20:00+00:00,4126.89,4128.8,4125.81,4128.34,0.0
2026-07-09 17:25:00+00:00,4128.35,4131.97,4126.3,4131.97,0.0
2026-07-09 17:30:00+00:00,4131.69,4133.92,4129.37,4129.95,0.0
2026-07-09 17:35:00+00:00,4129.96,4134.37,4129.68,4133.46,0.0
2026-07-09 17:40:00+00:00,4133.32,4133.88,4132.04,4132.09,0.0
2026-07-09 17:45:00+00:00,4132.26,4138.06,4132.12,4136.25,0.0
2026-07-09 17:50:00+00:00,4136.25,4137.49,4135.2,4135.37,0.0
2026-07-09 17:55:00+00:00,4135.42,4136.82,4134.54,4136.25,0.0
2026-07-09 18:00:00+00:00,4136.25,4136.41,4130.89,4131.31,0.0
2026-07-09 18:05:00+00:00,4131.3,4132.27,4129.77,4130.61,0.0
2026-07-09 18:10:00+00:00,4130.65,4130.79,4127.57,4128.94,0.0
2026-07-09 18:15:00+00:00,4128.8,4128.8,4126.75,4127.41,0.0
2026-07-09 18:20:00+00:00,4127.36,4127.36,4124.47,4124.99,0.0
2026-07-09 18:25:00+00:00,4124.98,4125.34,4123.34,4124.0,0.0
2026-07-09 18:30:00+00:00,4124.08,4125.12,4122.79,4124.11,0.0
2026-07-09 18:35:00+00:00,4124.12,4124.44,4121.65,4122.69,0.0
2026-07-09 18:40:00+00:00,4122.68,4125.44,4122.44,4125.37,0.0
2026-07-09 18:45:00+00:00,4125.5,4125.57,4123.71,4124.2,0.0
2026-07-09 18:50:00+00:00,4124.37,4124.46,4122.6,4123.74,0.0
2026-07-09 18:55:00+00:00,4123.7,4125.39,4123.25,4124.61,0.0
2026-07-09 19:00:00+00:00,4124.6,4127.03,4123.58,4124.61,0.0
2026-07-09 19:05:00+00:00,4124.62,4125.53,4123.38,4123.67,0.0
2026-07-09 19:10:00+00:00,4123.68,4124.53,4123.06,4124.49,0.0
2026-07-09 19:15:00+00:00,4124.48,4125.63,4123.66,4123.93,0.0
2026-07-09 19:20:00+00:00,4123.94,4124.26,4121.88,4121.88,0.0
2026-07-09 19:25:00+00:00,4122.05,4122.25,4120.89,4120.99,0.0
2026-07-09 19:30:00+00:00,4121.01,4121.58,4119.84,4121.19,0.0
2026-07-09 19:35:00+00:00,4120.94,4122.73,4120.23,4120.67,0.0
2026-07-09 19:40:00+00:00,4120.77,4121.61,4119.25,4120.43,0.0
2026-07-09 19:45:00+00:00,4120.41,4122.25,4120.16,4122.25,0.0
2026-07-09 19:50:00+00:00,4122.23,4123.65,4121.1,4121.82,0.0
2026-07-09 19:55:00+00:00,4121.7,4122.81,4120.86,4122.71,0.0
2026-07-09 20:00:00+00:00,4122.53,4124.12,4121.59,4122.37,0.0
2026-07-09 20:05:00+00:00,4122.37,4122.51,4121.4,4121.96,0.0
2026-07-09 20:10:00+00:00,4121.93,4122.03,4120.91,4121.49,0.0
2026-07-09 20:15:00+00:00,4121.47,4121.98,4121.14,4121.94,0.0
2026-07-09 20:20:00+00:00,4121.92,4122.53,4121.54,4121.89,0.0
2026-07-09 20:25:00+00:00,4121.9,4122.08,4120.63,4121.15,0.0
2026-07-09 20:30:00+00:00,4121.17,4124.12,4120.93,4124.09,0.0
2026-07-09 20:35:00+00:00,4124.1,4125.64,4123.81,4123.96,0.0
2026-07-09 20:40:00+00:00,4123.96,4124.87,4123.76,4124.36,0.0
2026-07-09 20:45:00+00:00,4124.63,4124.63,4123.22,4123.92,0.0
2026-07-09 20:50:00+00:00,4123.89,4124.13,4123.29,4123.94,0.0
2026-07-09 20:55:00+00:00,4123.93,4124.54,4123.5,4123.6,0.0
2026-07-09 22:00:00+00:00,4125.77,4126.06,4124.44,4125.19,0.0
2026-07-09 22:05:00+00:00,4125.15,4127.11,4122.71,4122.77,0.0
2026-07-09 22:10:00+00:00,4122.66,4123.89,4122.41,4123.67,0.0
2026-07-09 22:15:00+00:00,4123.76,4124.85,4123.32,4123.46,0.0
2026-07-09 22:20:00+00:00,4123.46,4123.87,4122.63,4123.87,0.0
2026-07-09 22:25:00+00:00,4123.89,4124.47,4122.71,4123.3,0.0
2026-07-09 22:30:00+00:00,4123.3,4123.89,4122.48,4123.29,0.0
2026-07-09 22:35:00+00:00,4123.34,4124.78,4123.13,4124.16,0.0
2026-07-09 22:40:00+00:00,4124.16,4124.16,4122.82,4123.77,0.0
2026-07-09 22:45:00+00:00,4123.77,4124.2,4122.12,4122.46,0.0
2026-07-09 22:50:00+00:00,4122.46,4123.19,4121.73,4123.14,0.0
2026-07-09 22:55:00+00:00,4123.06,4123.74,4122.3,4122.38,0.0
2026-07-09 23:00:00+00:00,4121.82,4123.44,4121.66,4123.44,0.0
2026-07-09 23:05:00+00:00,4123.44,4124.44,4122.85,4124.32,0.0
2026-07-09 23:10:00+00:00,4124.33,4124.41,4123.23,4123.81,0.0
2026-07-09 23:15:00+00:00,4123.82,4124.49,4123.82,4124.36,0.0
2026-07-09 23:20:00+00:00,4124.36,4125.13,4122.05,4122.44,0.0
2026-07-09 23:25:00+00:00,4122.39,4123.42,4121.51,4122.28,0.0
2026-07-09 23:30:00+00:00,4122.27,4122.57,4121.19,4121.7,0.0
2026-07-09 23:35:00+00:00,4121.68,4123.06,4121.68,4122.97,0.0
2026-07-09 23:40:00+00:00,4122.96,4123.13,4122.55,4122.84,0.0
2026-07-09 23:45:00+00:00,4122.84,4124.3,4121.78,4124.23,0.0
2026-07-09 23:50:00+00:00,4124.24,4124.54,4122.89,4123.29,0.0
2026-07-09 23:55:00+00:00,4123.3,4123.94,4122.69,4123.54,0.0
2026-07-10 00:00:00+00:00,4123.54,4125.77,4120.1,4123.84,0.0
2026-07-10 00:05:00+00:00,4123.8,4125.05,4121.19,4122.85,0.0
2026-07-10 00:10:00+00:00,4122.92,4123.34,4121.26,4122.24,0.0
2026-07-10 00:15:00+00:00,4122.34,4123.77,4120.9,4120.94,0.0
2026-07-10 00:20:00+00:00,4120.94,4122.29,4119.34,4119.53,0.0
2026-07-10 00:25:00+00:00,4119.32,4120.12,4117.29,4119.64,0.0
2026-07-10 00:30:00+00:00,4119.64,4119.69,4114.64,4115.95,0.0
2026-07-10 00:35:00+00:00,4115.95,4120.06,4115.95,4119.35,0.0
2026-07-10 00:40:00+00:00,4119.32,4124.06,4118.4,4123.25,0.0
2026-07-10 00:45:00+00:00,4123.26,4125.77,4122.39,4124.41,0.0
2026-07-10 00:50:00+00:00,4124.41,4127.0,4121.45,4122.65,0.0
2026-07-10 00:55:00+00:00,4122.96,4128.23,4122.67,4126.41,0.0
2026-07-10 01:00:00+00:00,4126.31,4130.95,4120.16,4122.19,0.0
2026-07-10 01:05:00+00:00,4122.14,4126.56,4119.06,4125.72,0.0
2026-07-10 01:10:00+00:00,4125.7,4126.52,4121.83,4125.29,0.0
2026-07-10 01:15:00+00:00,4125.11,4127.33,4123.46,4126.26,0.0
2026-07-10 01:20:00+00:00,4126.18,4126.18,4120.93,4122.65,0.0
2026-07-10 01:25:00+00:00,4122.66,4123.11,4120.45,4121.75,0.0
2026-07-10 01:30:00+00:00,4121.76,4123.53,4119.04,4120.07,0.0
2026-07-10 01:35:00+00:00,4120.1,4121.1,4109.61,4112.83,0.0
2026-07-10 01:40:00+00:00,4112.82,4113.91,4110.12,4111.84,0.0
2026-07-10 01:45:00+00:00,4111.86,4114.56,4108.91,4113.32,0.0
2026-07-10 01:50:00+00:00,4113.3,4117.16,4112.9,4116.3,0.0
2026-07-10 01:55:00+00:00,4116.37,4121.35,4115.77,4117.02,0.0
2026-07-10 02:00:00+00:00,4116.99,4119.02,4116.28,4118.27,0.0
2026-07-10 02:05:00+00:00,4118.29,4126.25,4117.85,4125.03,0.0
2026-07-10 02:10:00+00:00,4125.02,4128.84,4123.96,4124.71,0.0
2026-07-10 02:15:00+00:00,4124.76,4127.81,4124.04,4127.66,0.0
2026-07-10 02:20:00+00:00,4127.41,4127.62,4121.9,4124.12,0.0
2026-07-10 02:25:00+00:00,4124.16,4126.46,4124.04,4125.95,0.0
2026-07-10 02:30:00+00:00,4125.95,4128.69,4123.5,4123.5,0.0
2026-07-10 02:35:00+00:00,4123.49,4124.63,4122.37,4123.82,0.0
2026-07-10 02:40:00+00:00,4123.96,4126.51,4123.33,4125.86,0.0
2026-07-10 02:45:00+00:00,4125.82,4126.04,4123.51,4125.78,0.0
2026-07-10 02:50:00+00:00,4125.89,4129.07,4125.61,4127.54,0.0
2026-07-10 02:55:00+00:00,4127.74,4127.74,4125.58,4127.09,0.0
2026-07-10 03:00:00+00:00,4127.81,4131.88,4127.5,4129.55,0.0
2026-07-10 03:05:00+00:00,4129.56,4134.81,4128.45,4131.48,0.0
2026-07-10 03:10:00+00:00,4131.6,4131.79,4126.13,4126.49,0.0
2026-07-10 03:15:00+00:00,4126.64,4128.44,4125.58,4125.92,0.0
2026-07-10 03:20:00+00:00,4125.92,4126.19,4120.87,4122.16,0.0
2026-07-10 03:25:00+00:00,4122.37,4126.31,4122.2,4125.46,0.0
2026-07-10 03:30:00+00:00,4125.44,4127.84,4123.83,4127.56,0.0
2026-07-10 03:35:00+00:00,4127.5,4127.78,4122.87,4123.15,0.0
2026-07-10 03:40:00+00:00,4123.13,4123.39,4121.42,4121.62,0.0
2026-07-10 03:45:00+00:00,4121.68,4122.38,4120.78,4121.12,0.0
2026-07-10 03:50:00+00:00,4121.1,4121.95,4119.64,4120.81,0.0
2026-07-10 03:55:00+00:00,4120.67,4121.91,4119.64,4120.37,0.0
2026-07-10 04:00:00+00:00,4120.37,4120.37,4118.06,4119.78,0.0
2026-07-10 04:05:00+00:00,4119.74,4120.61,4117.9,4117.98,0.0
2026-07-10 04:10:00+00:00,4117.98,4121.11,4116.94,4121.11,0.0
2026-07-10 04:15:00+00:00,4121.1,4121.25,4119.42,4119.81,0.0
2026-07-10 04:20:00+00:00,4119.82,4120.53,4112.22,4114.31,0.0
2026-07-10 04:25:00+00:00,4114.34,4117.89,4112.57,4117.6,0.0
2026-07-10 04:30:00+00:00,4117.62,4118.41,4116.9,4118.29,0.0
2026-07-10 04:35:00+00:00,4118.29,4119.75,4117.96,4119.59,0.0
2026-07-10 04:40:00+00:00,4119.59,4119.64,4118.36,4119.23,0.0
2026-07-10 04:45:00+00:00,4119.24,4119.24,4117.06,4117.3,0.0
2026-07-10 04:50:00+00:00,4117.29,4117.59,4115.42,4117.36,0.0
2026-07-10 04:55:00+00:00,4117.31,4117.91,4115.01,4115.34,0.0
2026-07-10 05:00:00+00:00,4115.28,4115.68,4113.72,4114.65,0.0
2026-07-10 05:05:00+00:00,4114.66,4116.4,4113.68,4114.19,0.0
2026-07-10 05:10:00+00:00,4114.2,4114.7,4113.52,4114.11,0.0
2026-07-10 05:15:00+00:00,4114.12,4117.19,4114.09,4117.14,0.0
2026-07-10 05:20:00+00:00,4117.14,4117.14,4113.08,4114.27,0.0
2026-07-10 05:25:00+00:00,4114.35,4116.14,4113.85,4114.39,0.0
2026-07-10 05:30:00+00:00,4114.36,4115.39,4110.8,4113.21,0.0
2026-07-10 05:35:00+00:00,4113.18,4114.57,4109.56,4109.57,0.0
2026-07-10 05:40:00+00:00,4109.57,4114.38,4109.33,4114.19,0.0
2026-07-10 05:45:00+00:00,4114.19,4114.33,4108.54,4111.9,0.0
2026-07-10 05:50:00+00:00,4111.91,4114.85,4111.85,4114.31,0.0
2026-07-10 05:55:00+00:00,4114.33,4117.27,4113.53,4117.15,0.0
2026-07-10 06:00:00+00:00,4116.9,4119.15,4115.76,4117.78,0.0
2026-07-10 06:05:00+00:00,4117.57,4118.97,4116.33,4117.84,0.0
2026-07-10 06:10:00+00:00,4117.83,4118.36,4114.95,4115.21,0.0
2026-07-10 06:15:00+00:00,4115.2,4120.14,4114.02,4120.09,0.0
2026-07-10 06:20:00+00:00,4120.04,4120.04,4116.6,4117.78,0.0
2026-07-10 06:25:00+00:00,4117.77,4118.36,4114.27,4115.19,0.0
2026-07-10 06:30:00+00:00,4114.69,4116.13,4112.52,4113.49,0.0
2026-07-10 06:35:00+00:00,4113.87,4115.91,4113.86,4115.66,0.0
2026-07-10 06:40:00+00:00,4115.64,4115.64,4111.22,4111.76,0.0
2026-07-10 06:45:00+00:00,4111.7,4114.51,4111.65,4113.34,0.0
2026-07-10 06:50:00+00:00,4113.33,4114.3,4112.0,4113.76,0.0
2026-07-10 06:55:00+00:00,4113.76,4114.0,4111.4,4111.79,0.0
2026-07-10 07:00:00+00:00,4111.97,4113.15,4110.68,4112.57,0.0
2026-07-10 07:05:00+00:00,4112.57,4113.73,4109.75,4111.46,0.0
2026-07-10 07:10:00+00:00,4111.46,4112.4,4109.2,4111.1,0.0
2026-07-10 07:15:00+00:00,4111.59,4114.23,4108.85,4114.2,0.0
2026-07-10 07:20:00+00:00,4114.2,4115.39,4112.59,4114.04,0.0
2026-07-10 07:25:00+00:00,4114.03,4114.04,4112.09,4112.57,0.0
2026-07-10 07:30:00+00:00,4112.57,4114.59,4111.77,4113.56,0.0
2026-07-10 07:35:00+00:00,4113.52,4114.0,4110.63,4111.83,0.0
2026-07-10 07:40:00+00:00,4111.83,4111.83,4105.74,4106.66,0.0
2026-07-10 07:45:00+00:00,4106.86,4107.36,4104.47,4105.16,0.0
2026-07-10 07:50:00+00:00,4105.17,4108.62,4105.11,4108.34,0.0
2026-07-10 07:55:00+00:00,4108.22,4109.94,4105.88,4109.04,0.0
2026-07-10 08:00:00+00:00,4109.0,4109.58,4104.2,4105.38,0.0
2026-07-10 08:05:00+00:00,4105.44,4108.08,4104.84,4107.1,0.0
2026-07-10 08:10:00+00:00,4107.04,4107.42,4105.63,4107.42,0.0
2026-07-10 08:15:00+00:00,4107.37,4108.43,4106.38,4107.8,0.0
2026-07-10 08:20:00+00:00,4107.81,4108.8,4105.34,4105.34,0.0
2026-07-10 08:25:00+00:00,4105.36,4106.04,4103.7,4104.16,0.0
2026-07-10 08:30:00+00:00,4104.45,4105.75,4102.15,4102.43,0.0
2026-07-10 08:35:00+00:00,4102.34,4102.96,4099.59,4102.81,0.0
2026-07-10 08:40:00+00:00,4102.85,4102.96,4100.01,4101.99,0.0
2026-07-10 08:45:00+00:00,4101.97,4101.97,4094.97,4095.84,0.0
2026-07-10 08:50:00+00:00,4095.87,4098.6,4095.86,4097.25,0.0
2026-07-10 08:55:00+00:00,4097.23,4098.51,4096.14,4098.06,0.0
2026-07-10 09:00:00+00:00,4098.03,4100.4,4094.7,4098.5,0.0
2026-07-10 09:05:00+00:00,4098.51,4099.98,4098.36,4099.31,0.0
2026-07-10 09:10:00+00:00,4099.28,4100.87,4096.91,4100.87,0.0
2026-07-10 09:15:00+00:00,4100.87,4102.61,4100.3,4101.53,0.0
2026-07-10 09:20:00+00:00,4101.57,4102.21,4100.03,4102.21,0.0
2026-07-10 09:25:00+00:00,4102.3,4103.47,4100.82,4102.86,0.0
2026-07-10 09:30:00+00:00,4102.86,4102.92,4100.76,4102.17,0.0
2026-07-10 09:35:00+00:00,4102.11,4102.47,4098.53,4101.17,0.0
2026-07-10 09:40:00+00:00,4101.4,4104.04,4101.38,4102.97,0.0
2026-07-10 09:45:00+00:00,4102.96,4104.25,4102.4,4103.61,0.0
2026-07-10 09:50:00+00:00,4103.59,4104.16,4102.58,4104.16,0.0
2026-07-10 09:55:00+00:00,4104.63,4105.52,4103.57,4104.49,0.0
2026-07-10 10:00:00+00:00,4104.49,4108.45,4104.49,4108.45,0.0
2026-07-10 10:05:00+00:00,4108.59,4108.59,4105.77,4106.28,0.0
2026-07-10 10:10:00+00:00,4106.47,4108.13,4105.98,4106.26,0.0
2026-07-10 10:15:00+00:00,4106.37,4107.93,4106.37,4107.24,0.0
2026-07-10 10:20:00+00:00,4107.29,4112.66,4107.01,4111.25,0.0
2026-07-10 10:25:00+00:00,4111.24,4111.42,4108.21,4109.62,0.0
2026-07-10 10:30:00+00:00,4109.62,4110.52,4106.4,4106.88,0.0
2026-07-10 10:35:00+00:00,4106.89,4109.1,4106.6,4108.1,0.0
2026-07-10 10:40:00+00:00,4108.16,4109.14,4107.17,4109.14,0.0
2026-07-10 10:45:00+00:00,4109.13,4109.13,4107.03,4107.34,0.0
2026-07-10 10:50:00+00:00,4107.35,4108.94,4107.11,4108.5,0.0
2026-07-10 10:55:00+00:00,4108.51,4108.53,4104.56,4104.7,0.0
2026-07-10 11:00:00+00:00,4104.74,4108.15,4104.57,4106.98,0.0
2026-07-10 11:05:00+00:00,4106.98,4107.31,4104.89,4105.91,0.0
2026-07-10 11:10:00+00:00,4105.91,4107.92,4105.88,4106.39,0.0
2026-07-10 11:15:00+00:00,4106.4,4107.78,4106.36,4107.11,0.0
2026-07-10 11:20:00+00:00,4107.07,4107.9,4105.71,4107.59,0.0
2026-07-10 11:25:00+00:00,4107.76,4108.23,4100.32,4100.36,0.0
2026-07-10 11:30:00+00:00,4100.26,4103.67,4098.81,4099.34,0.0
2026-07-10 11:35:00+00:00,4099.33,4099.81,4096.3,4098.03,0.0
2026-07-10 11:40:00+00:00,4098.04,4107.54,4098.03,4107.2,0.0
2026-07-10 11:45:00+00:00,4106.83,4107.81,4105.99,4105.99,0.0
2026-07-10 11:50:00+00:00,4105.95,4108.02,4105.42,4105.42,0.0
2026-07-10 11:55:00+00:00,4105.44,4105.44,4102.18,4102.39,0.0
2026-07-10 12:00:00+00:00,4102.39,4103.8,4101.8,4102.74,0.0
2026-07-10 12:05:00+00:00,4102.62,4104.15,4101.12,4104.08,0.0
2026-07-10 12:10:00+00:00,4103.99,4116.43,4102.78,4115.35,0.0
2026-07-10 12:15:00+00:00,4115.05,4116.05,4108.02,4109.24,0.0
2026-07-10 12:20:00+00:00,4109.24,4110.71,4105.65,4107.33,0.0
2026-07-10 12:25:00+00:00,4107.14,4107.33,4103.56,4105.67,0.0
2026-07-10 12:30:00+00:00,4106.11,4107.13,4102.11,4102.11,0.0
2026-07-10 12:35:00+00:00,4102.12,4102.89,4097.76,4101.56,0.0
2026-07-10 12:40:00+00:00,4101.51,4102.57,4098.48,4098.61,0.0
2026-07-10 12:45:00+00:00,4098.49,4102.75,4098.21,4102.1,0.0
2026-07-10 12:50:00+00:00,4101.75,4105.02,4100.09,4100.4,0.0
2026-07-10 12:55:00+00:00,4100.51,4101.9,4099.3,4100.89,0.0
2026-07-10 13:00:00+00:00,4100.82,4105.2,4098.85,4100.92,0.0
2026-07-10 13:05:00+00:00,4100.93,4106.28,4100.35,4105.71,0.0
2026-07-10 13:10:00+00:00,4105.77,4105.77,4101.62,4104.25,0.0
2026-07-10 13:15:00+00:00,4104.41,4106.71,4100.69,4102.18,0.0
2026-07-10 13:20:00+00:00,4102.26,4103.16,4096.4,4097.47,0.0
2026-07-10 13:25:00+00:00,4097.11,4098.25,4085.83,4087.46,0.0
2026-07-10 13:30:00+00:00,4087.44,4097.06,4087.16,4089.96,0.0
2026-07-10 13:35:00+00:00,4089.89,4097.46,4088.03,4097.46,0.0
2026-07-10 13:40:00+00:00,4097.55,4102.47,4095.89,4098.43,0.0
2026-07-10 13:45:00+00:00,4098.57,4102.34,4097.5,4101.54,0.0
2026-07-10 13:50:00+00:00,4101.51,4105.46,4100.65,4102.93,0.0
2026-07-10 13:55:00+00:00,4103.08,4103.08,4098.53,4100.3,0.0
2026-07-10 14:00:00+00:00,4100.0,4101.79,4097.84,4101.01,0.0
2026-07-10 14:05:00+00:00,4101.0,4103.14,4099.67,4100.55,0.0
2026-07-10 14:10:00+00:00,4100.5,4103.61,4098.37,4100.21,0.0
2026-07-10 14:15:00+00:00,4100.23,4105.14,4097.76,4104.42,0.0
2026-07-10 14:20:00+00:00,4104.32,4107.61,4102.68,4103.03,0.0
2026-07-10 14:25:00+00:00,4102.93,4108.81,4100.79,4105.86,0.0
2026-07-10 14:30:00+00:00,4105.53,4107.88,4073.74,4090.16,0.0
2026-07-10 14:35:00+00:00,4090.16,4097.23,4088.39,4095.25,0.0
2026-07-10 14:40:00+00:00,4095.82,4101.49,4095.58,4099.36,0.0
2026-07-10 14:45:00+00:00,4099.36,4107.46,4098.89,4107.43,0.0
2026-07-10 14:50:00+00:00,4107.5,4107.5,4100.51,4101.36,0.0
2026-07-10 14:55:00+00:00,4101.59,4102.02,4091.81,4093.01,0.0
2026-07-10 15:00:00+00:00,4092.95,4099.23,4091.64,4097.55,0.0
2026-07-10 15:05:00+00:00,4097.54,4100.18,4096.44,4098.74,0.0
2026-07-10 15:10:00+00:00,4098.74,4100.98,4097.44,4097.68,0.0
2026-07-10 15:15:00+00:00,4097.67,4103.51,4097.6,4099.87,0.0
2026-07-10 15:20:00+00:00,4099.92,4106.69,4099.15,4105.76,0.0
2026-07-10 15:25:00+00:00,4105.78,4107.62,4100.61,4101.65,0.0
2026-07-10 15:30:00+00:00,4102.21,4103.86,4101.58,4103.2,0.0
2026-07-10 15:35:00+00:00,4103.53,4106.19,4101.69,4106.19,0.0
2026-07-10 15:40:00+00:00,4106.18,4106.93,4103.96,4106.31,0.0
2026-07-10 15:45:00+00:00,4106.4,4110.71,4105.85,4110.01,0.0
2026-07-10 15:50:00+00:00,4109.93,4111.94,4108.47,4110.7,0.0
2026-07-10 15:55:00+00:00,4110.59,4113.35,4109.53,4113.03,0.0
2026-07-10 16:00:00+00:00,4113.1,4114.88,4111.34,4111.49,0.0
2026-07-10 16:05:00+00:00,4111.48,4112.32,4109.21,4111.63,0.0
2026-07-10 16:10:00+00:00,4111.7,4112.37,4108.25,4110.28,0.0
2026-07-10 16:15:00+00:00,4110.27,4113.31,4110.27,4110.98,0.0
2026-07-10 16:20:00+00:00,4111.07,4111.34,4107.48,4111.01,0.0
2026-07-10 16:25:00+00:00,4111.04,4114.51,4110.97,4114.44,0.0
2026-07-10 16:30:00+00:00,4114.47,4115.49,4112.78,4112.8,0.0
2026-07-10 16:35:00+00:00,4112.81,4114.27,4112.07,4112.51,0.0
2026-07-10 16:40:00+00:00,4112.49,4113.61,4109.09,4109.09,0.0
2026-07-10 16:45:00+00:00,4109.14,4109.8,4107.84,4107.85,0.0
2026-07-10 16:50:00+00:00,4107.82,4109.01,4106.03,4106.33,0.0
2026-07-10 16:55:00+00:00,4106.35,4107.18,4104.57,4104.58,0.0
2026-07-10 17:00:00+00:00,4104.64,4105.21,4102.9,4103.12,0.0
2026-07-10 17:05:00+00:00,4103.05,4105.43,4102.46,4104.0,0.0
2026-07-10 17:10:00+00:00,4104.0,4105.58,4102.93,4103.94,0.0
2026-07-10 17:15:00+00:00,4103.99,4106.36,4103.89,4104.63,0.0
2026-07-10 17:20:00+00:00,4104.64,4106.84,4104.58,4105.95,0.0
2026-07-10 17:25:00+00:00,4105.84,4106.1,4104.16,4105.58,0.0
2026-07-10 17:30:00+00:00,4105.72,4106.92,4104.95,4105.47,0.0
2026-07-10 17:35:00+00:00,4105.5,4105.51,4103.64,4104.18,0.0
2026-07-10 17:40:00+00:00,4104.2,4105.57,4103.38,4103.97,0.0
2026-07-10 17:45:00+00:00,4103.96,4104.67,4103.05,4103.47,0.0
2026-07-10 17:50:00+00:00,4103.5,4105.21,4103.44,4103.69,0.0
2026-07-10 17:55:00+00:00,4103.7,4103.94,4100.58,4100.83,0.0
2026-07-10 18:00:00+00:00,4100.76,4102.73,4100.14,4102.73,0.0
2026-07-10 18:05:00+00:00,4102.76,4103.74,4101.8,4103.42,0.0
2026-07-10 18:10:00+00:00,4103.34,4105.04,4103.32,4104.87,0.0
2026-07-10 18:15:00+00:00,4104.87,4105.1,4102.31,4103.3,0.0
2026-07-10 18:20:00+00:00,4103.27,4104.3,4102.64,4102.73,0.0
2026-07-10 18:25:00+00:00,4102.73,4104.8,4102.73,4103.03,0.0
2026-07-10 18:30:00+00:00,4103.02,4103.84,4101.54,4103.46,0.0
2026-07-10 18:35:00+00:00,4103.44,4103.55,4099.66,4099.91,0.0
2026-07-10 18:40:00+00:00,4099.88,4100.8,4098.79,4099.07,0.0
2026-07-10 18:45:00+00:00,4099.07,4100.06,4098.2,4099.97,0.0
2026-07-10 18:50:00+00:00,4100.21,4101.33,4099.81,4101.33,0.0
2026-07-10 18:55:00+00:00,4101.32,4101.61,4100.37,4101.2,0.0
2026-07-10 19:00:00+00:00,4101.29,4101.29,4098.01,4098.14,0.0
2026-07-10 19:05:00+00:00,4098.14,4102.44,4098.14,4101.42,0.0
2026-07-10 19:10:00+00:00,4101.42,4101.69,4098.94,4101.69,0.0
2026-07-10 19:15:00+00:00,4101.66,4103.02,4101.34,4102.91,0.0
2026-07-10 19:20:00+00:00,4102.86,4103.38,4102.0,4102.01,0.0
2026-07-10 19:25:00+00:00,4101.95,4102.7,4101.71,4102.22,0.0
2026-07-10 19:30:00+00:00,4101.89,4102.49,4100.65,4101.63,0.0
2026-07-10 19:35:00+00:00,4101.6,4103.05,4101.05,4102.46,0.0
2026-07-10 19:40:00+00:00,4102.24,4103.71,4101.94,4102.56,0.0
2026-07-10 19:45:00+00:00,4102.61,4105.19,4102.56,4104.86,0.0
2026-07-10 19:50:00+00:00,4104.87,4106.07,4104.44,4105.89,0.0
2026-07-10 19:55:00+00:00,4105.86,4109.05,4105.8,4108.5,0.0
2026-07-10 20:00:00+00:00,4108.55,4115.04,4108.44,4113.6,0.0
2026-07-10 20:05:00+00:00,4113.61,4113.61,4110.89,4111.51,0.0
2026-07-10 20:10:00+00:00,4111.55,4112.45,4110.91,4112.27,0.0
2026-07-10 20:15:00+00:00,4112.26,4112.56,4110.8,4111.98,0.0
2026-07-10 20:20:00+00:00,4111.97,4112.78,4111.65,4112.33,0.0
2026-07-10 20:25:00+00:00,4112.33,4112.57,4110.74,4111.48,0.0
2026-07-10 20:30:00+00:00,4111.5,4112.03,4110.53,4111.74,0.0
2026-07-10 20:35:00+00:00,4111.97,4112.21,4110.93,4111.58,0.0
2026-07-10 20:40:00+00:00,4111.58,4112.65,4111.31,4112.01,0.0
2026-07-10 20:45:00+00:00,4111.95,4113.92,4111.72,4113.83,0.0
2026-07-10 20:50:00+00:00,4113.79,4120.16,4113.29,4119.39,0.0
2026-07-10 20:55:00+00:00,4119.41,4119.41,4119.41,4119.41,0.0
2026-07-13 00:00:00+00:00,4084.54,4086.29,4080.99,4084.22,0.0
2026-07-13 00:05:00+00:00,4084.21,4090.21,4083.86,4088.71,0.0
2026-07-13 00:10:00+00:00,4088.6,4091.15,4086.13,4086.94,0.0
2026-07-13 00:15:00+00:00,4086.94,4087.93,4080.32,4082.37,0.0
2026-07-13 00:20:00+00:00,4082.38,4083.43,4080.58,4082.56,0.0
2026-07-13 00:25:00+00:00,4082.57,4082.99,4074.7,4074.7,0.0
2026-07-13 00:30:00+00:00,4074.76,4075.28,4061.37,4061.92,0.0
2026-07-13 00:35:00+00:00,4062.34,4070.13,4062.34,4069.34,0.0
2026-07-13 00:40:00+00:00,4069.4,4073.49,4068.35,4073.39,0.0
2026-07-13 00:45:00+00:00,4073.3,4076.6,4068.88,4069.1,0.0
2026-07-13 00:50:00+00:00,4069.15,4074.59,4068.97,4074.52,0.0
2026-07-13 00:55:00+00:00,4074.48,4077.31,4073.23,4074.04,0.0
2026-07-13 01:00:00+00:00,4074.04,4076.3,4065.67,4071.31,0.0
2026-07-13 01:05:00+00:00,4071.26,4080.9,4070.32,4077.72,0.0
2026-07-13 01:10:00+00:00,4077.55,4080.39,4076.6,4079.69,0.0
2026-07-13 01:15:00+00:00,4079.58,4081.91,4072.78,4073.37,0.0
2026-07-13 01:20:00+00:00,4073.6,4076.32,4071.4,4074.2,0.0
2026-07-13 01:25:00+00:00,4074.46,4080.36,4074.46,4079.77,0.0
2026-07-13 01:30:00+00:00,4079.94,4089.74,4078.16,4084.99,0.0
2026-07-13 01:35:00+00:00,4085.05,4088.71,4082.5,4087.64,0.0
2026-07-13 01:40:00+00:00,4087.52,4087.67,4083.18,4084.4,0.0
2026-07-13 01:45:00+00:00,4084.64,4087.15,4083.48,4086.06,0.0
2026-07-13 01:50:00+00:00,4085.93,4088.1,4074.41,4074.47,0.0
2026-07-13 01:55:00+00:00,4074.33,4075.65,4068.06,4072.12,0.0
2026-07-13 02:00:00+00:00,4072.4,4074.63,4070.22,4071.11,0.0
2026-07-13 02:05:00+00:00,4070.92,4073.86,4070.23,4073.33,0.0
2026-07-13 02:10:00+00:00,4073.39,4075.02,4070.62,4072.32,0.0
2026-07-13 02:15:00+00:00,4072.31,4074.26,4071.2,4073.49,0.0
2026-07-13 02:20:00+00:00,4073.59,4074.04,4069.81,4070.5,0.0
2026-07-13 02:25:00+00:00,4070.52,4071.41,4066.69,4067.51,0.0
2026-07-13 02:30:00+00:00,4067.34,4073.91,4064.9,4073.91,0.0
2026-07-13 02:35:00+00:00,4073.77,4077.48,4073.77,4075.52,0.0
2026-07-13 02:40:00+00:00,4075.53,4075.53,4071.42,4072.66,0.0
2026-07-13 02:45:00+00:00,4072.82,4073.12,4068.54,4069.46,0.0
2026-07-13 02:50:00+00:00,4069.53,4072.42,4068.93,4070.44,0.0
2026-07-13 02:55:00+00:00,4070.4,4071.87,4068.95,4068.95,0.0
2026-07-13 03:00:00+00:00,4068.74,4069.43,4063.96,4064.55,0.0
2026-07-13 03:05:00+00:00,4064.64,4064.81,4059.2,4061.63,0.0
2026-07-13 03:10:00+00:00,4061.59,4061.63,4053.22,4058.21,0.0
2026-07-13 03:15:00+00:00,4058.29,4061.19,4058.29,4059.76,0.0
2026-07-13 03:20:00+00:00,4059.87,4061.81,4058.98,4061.47,0.0
2026-07-13 03:25:00+00:00,4061.54,4062.5,4058.73,4062.04,0.0
2026-07-13 03:30:00+00:00,4061.91,4062.53,4057.91,4058.09,0.0
2026-07-13 03:35:00+00:00,4058.05,4060.55,4057.34,4059.88,0.0
2026-07-13 03:40:00+00:00,4059.88,4060.13,4057.62,4057.74,0.0
2026-07-13 03:45:00+00:00,4057.96,4060.88,4057.78,4060.11,0.0
2026-07-13 03:50:00+00:00,4060.12,4060.97,4058.58,4059.55,0.0
2026-07-13 03:55:00+00:00,4059.66,4060.65,4058.58,4060.56,0.0
2026-07-13 04:00:00+00:00,4060.59,4060.59,4056.65,4057.25,0.0
2026-07-13 04:05:00+00:00,4057.38,4058.58,4055.79,4056.42,0.0
2026-07-13 04:10:00+00:00,4056.19,4057.32,4052.58,4054.59,0.0
2026-07-13 04:15:00+00:00,4054.63,4057.99,4050.46,4057.24,0.0
2026-07-13 04:20:00+00:00,4057.22,4057.5,4056.2,4057.16,0.0
2026-07-13 04:25:00+00:00,4057.17,4057.41,4053.8,4055.59,0.0
2026-07-13 04:30:00+00:00,4055.58,4057.82,4054.25,4056.19,0.0
2026-07-13 04:35:00+00:00,4056.19,4057.48,4055.58,4056.78,0.0
2026-07-13 04:40:00+00:00,4056.73,4056.73,4053.32,4054.24,0.0
2026-07-13 04:45:00+00:00,4054.27,4055.24,4053.11,4053.37,0.0
2026-07-13 04:50:00+00:00,4053.37,4055.3,4052.85,4054.7,0.0
2026-07-13 04:55:00+00:00,4054.67,4059.29,4054.51,4058.98,0.0
2026-07-13 05:00:00+00:00,4058.94,4060.31,4055.03,4060.19,0.0
2026-07-13 05:05:00+00:00,4060.3,4071.43,4059.75,4071.35,0.0
2026-07-13 05:10:00+00:00,4070.99,4072.95,4068.3,4069.5,0.0
2026-07-13 05:15:00+00:00,4069.56,4069.56,4064.03,4065.75,0.0
2026-07-13 05:20:00+00:00,4065.81,4066.26,4060.23,4061.01,0.0
2026-07-13 05:25:00+00:00,4061.26,4063.65,4057.72,4058.44,0.0
2026-07-13 05:30:00+00:00,4058.3,4062.8,4052.48,4062.24,0.0
2026-07-13 05:35:00+00:00,4062.3,4065.78,4061.93,4063.61,0.0
2026-07-13 05:40:00+00:00,4063.55,4065.46,4060.34,4063.61,0.0
2026-07-13 05:45:00+00:00,4063.68,4063.68,4059.07,4062.58,0.0
2026-07-13 05:50:00+00:00,4062.59,4064.32,4057.84,4058.41,0.0
2026-07-13 05:55:00+00:00,4058.27,4058.32,4052.88,4053.93,0.0
2026-07-13 06:00:00+00:00,4053.8,4056.21,4049.26,4051.15,0.0
2026-07-13 06:05:00+00:00,4051.16,4053.81,4044.31,4052.92,0.0
2026-07-13 06:10:00+00:00,4052.92,4053.41,4049.24,4050.91,0.0
2026-07-13 06:15:00+00:00,4050.88,4054.23,4050.87,4053.63,0.0
2026-07-13 06:20:00+00:00,4053.65,4056.75,4053.53,4055.29,0.0
2026-07-13 06:25:00+00:00,4055.28,4061.23,4055.28,4061.07,0.0
2026-07-13 06:30:00+00:00,4061.22,4062.39,4058.75,4059.59,0.0
2026-07-13 06:35:00+00:00,4059.59,4063.63,4059.24,4062.56,0.0
2026-07-13 06:40:00+00:00,4062.59,4063.26,4059.64,4060.26,0.0
2026-07-13 06:45:00+00:00,4060.27,4060.6,4056.44,4056.54,0.0
2026-07-13 06:50:00+00:00,4056.54,4057.53,4052.86,4053.99,0.0
2026-07-13 06:55:00+00:00,4054.01,4055.97,4052.22,4055.97,0.0
2026-07-13 07:00:00+00:00,4055.66,4056.54,4049.24,4053.7,0.0
2026-07-13 07:05:00+00:00,4053.69,4060.22,4051.67,4058.56,0.0
2026-07-13 07:10:00+00:00,4058.52,4061.16,4054.64,4055.69,0.0
2026-07-13 07:15:00+00:00,4055.65,4058.03,4055.65,4057.22,0.0
2026-07-13 07:20:00+00:00,4057.23,4059.07,4056.22,4057.27,0.0
2026-07-13 07:25:00+00:00,4057.25,4059.23,4056.64,4058.93,0.0
2026-07-13 07:30:00+00:00,4058.93,4060.24,4056.33,4060.03,0.0
2026-07-13 07:35:00+00:00,4059.91,4062.82,4059.45,4060.26,0.0
2026-07-13 07:40:00+00:00,4060.3,4061.88,4057.3,4057.4,0.0
2026-07-13 07:45:00+00:00,4057.4,4059.45,4057.29,4057.49,0.0
2026-07-13 07:50:00+00:00,4057.48,4061.67,4056.34,4061.67,0.0
2026-07-13 07:55:00+00:00,4061.52,4065.14,4060.79,4064.77,0.0
2026-07-13 08:00:00+00:00,4064.73,4067.41,4063.31,4065.39,0.0
2026-07-13 08:05:00+00:00,4065.25,4071.49,4064.56,4071.44,0.0
2026-07-13 08:10:00+00:00,4071.47,4074.86,4069.92,4074.27,0.0
2026-07-13 08:15:00+00:00,4074.04,4078.17,4073.77,4075.22,0.0
2026-07-13 08:20:00+00:00,4075.09,4080.73,4075.09,4078.94,0.0
2026-07-13 08:25:00+00:00,4078.93,4079.72,4074.13,4074.13,0.0
2026-07-13 08:30:00+00:00,4074.12,4075.48,4072.62,4072.62,0.0
2026-07-13 08:35:00+00:00,4072.69,4075.11,4071.99,4074.89,0.0
2026-07-13 08:40:00+00:00,4074.91,4076.45,4073.14,4075.98,0.0
2026-07-13 08:45:00+00:00,4075.8,4076.3,4072.42,4076.3,0.0
2026-07-13 08:50:00+00:00,4076.27,4078.53,4075.92,4077.83,0.0
2026-07-13 08:55:00+00:00,4077.84,4078.14,4074.35,4074.62,0.0
2026-07-13 09:00:00+00:00,4074.68,4076.22,4073.1,4074.82,0.0
2026-07-13 09:05:00+00:00,4074.89,4075.56,4073.86,4074.01,0.0
2026-07-13 09:10:00+00:00,4074.01,4074.73,4072.88,4074.48,0.0
2026-07-13 09:15:00+00:00,4074.61,4074.61,4071.66,4073.11,0.0
2026-07-13 09:20:00+00:00,4073.1,4075.28,4072.98,4074.15,0.0
2026-07-13 09:25:00+00:00,4074.37,4076.7,4071.53,4073.0,0.0
2026-07-13 09:30:00+00:00,4072.76,4073.96,4070.77,4071.96,0.0
2026-07-13 09:35:00+00:00,4071.96,4071.96,4069.61,4069.61,0.0
2026-07-13 09:40:00+00:00,4069.6,4073.47,4069.6,4072.85,0.0
2026-07-13 09:45:00+00:00,4072.79,4073.73,4071.81,4072.93,0.0
2026-07-13 09:50:00+00:00,4072.92,4073.01,4070.11,4071.39,0.0
2026-07-13 09:55:00+00:00,4071.34,4072.23,4068.27,4068.36,0.0
2026-07-13 10:00:00+00:00,4068.35,4070.64,4067.83,4070.49,0.0
2026-07-13 10:05:00+00:00,4070.33,4070.39,4068.77,4069.14,0.0
2026-07-13 10:10:00+00:00,4069.13,4069.47,4066.94,4067.85,0.0
2026-07-13 10:15:00+00:00,4067.81,4069.53,4066.18,4068.41,0.0
2026-07-13 10:20:00+00:00,4068.41,4068.86,4066.7,4067.75,0.0
2026-07-13 10:25:00+00:00,4067.65,4067.7,4064.58,4065.24,0.0
2026-07-13 10:30:00+00:00,4065.26,4067.42,4065.08,4066.06,0.0
2026-07-13 10:35:00+00:00,4066.14,4068.31,4066.14,4066.75,0.0
2026-07-13 10:40:00+00:00,4066.72,4066.97,4047.6,4052.4,0.0
2026-07-13 10:45:00+00:00,4052.43,4054.45,4048.37,4054.3,0.0
2026-07-13 10:50:00+00:00,4054.27,4058.51,4051.93,4058.16,0.0
2026-07-13 10:55:00+00:00,4058.3,4061.58,4058.3,4060.72,0.0
2026-07-13 11:00:00+00:00,4060.78,4064.14,4058.34,4063.66,0.0
2026-07-13 11:05:00+00:00,4063.77,4068.08,4063.41,4065.28,0.0
2026-07-13 11:10:00+00:00,4065.15,4065.77,4062.99,4064.24,0.0
2026-07-13 11:15:00+00:00,4064.21,4065.21,4061.48,4061.77,0.0
2026-07-13 11:20:00+00:00,4061.86,4062.2,4058.51,4059.27,0.0
2026-07-13 11:25:00+00:00,4059.26,4063.86,4058.7,4063.26,0.0
2026-07-13 11:30:00+00:00,4063.01,4067.83,4062.27,4067.79,0.0
2026-07-13 11:35:00+00:00,4067.82,4068.28,4063.4,4064.25,0.0
2026-07-13 11:40:00+00:00,4064.24,4067.35,4064.19,4065.41,0.0
2026-07-13 11:45:00+00:00,4065.43,4065.82,4060.76,4063.38,0.0
2026-07-13 11:50:00+00:00,4063.15,4063.59,4055.14,4056.76,0.0
2026-07-13 11:55:00+00:00,4056.72,4057.87,4055.92,4056.53,0.0
2026-07-13 12:00:00+00:00,4056.53,4060.41,4056.27,4058.67,0.0
2026-07-13 12:05:00+00:00,4058.51,4059.68,4055.26,4056.35,0.0
2026-07-13 12:10:00+00:00,4056.26,4060.3,4054.04,4056.43,0.0
2026-07-13 12:15:00+00:00,4056.46,4060.91,4056.46,4059.42,0.0
2026-07-13 12:20:00+00:00,4059.42,4062.36,4055.45,4062.36,0.0
2026-07-13 12:25:00+00:00,4062.29,4063.67,4058.85,4059.04,0.0
2026-07-13 12:30:00+00:00,4059.13,4063.01,4058.92,4062.98,0.0
2026-07-13 12:35:00+00:00,4062.95,4063.37,4060.0,4061.05,0.0
2026-07-13 12:40:00+00:00,4061.04,4064.12,4060.69,4062.98,0.0
2026-07-13 12:45:00+00:00,4062.98,4066.77,4062.98,4065.88,0.0
2026-07-13 12:50:00+00:00,4065.9,4066.72,4064.38,4066.3,0.0
2026-07-13 12:55:00+00:00,4065.77,4067.52,4063.87,4067.52,0.0
2026-07-13 13:00:00+00:00,4067.46,4067.46,4059.54,4063.07,0.0
2026-07-13 13:05:00+00:00,4063.08,4064.99,4060.94,4063.7,0.0
2026-07-13 13:10:00+00:00,4063.5,4063.79,4059.44,4061.86,0.0
2026-07-13 13:15:00+00:00,4062.0,4062.14,4058.88,4061.17,0.0
2026-07-13 13:20:00+00:00,4061.17,4062.81,4060.71,4062.11,0.0
2026-07-13 13:25:00+00:00,4062.1,4065.99,4061.32,4062.31,0.0
2026-07-13 13:30:00+00:00,4062.36,4064.01,4057.19,4058.55,0.0
2026-07-13 13:35:00+00:00,4058.54,4061.37,4054.37,4054.37,0.0
2026-07-13 13:40:00+00:00,4054.66,4058.66,4051.71,4055.24,0.0
2026-07-13 13:45:00+00:00,4054.96,4058.19,4049.93,4050.79,0.0
2026-07-13 13:50:00+00:00,4050.79,4052.49,4043.03,4051.96,0.0
2026-07-13 13:55:00+00:00,4051.74,4053.08,4042.37,4043.31,0.0
2026-07-13 14:00:00+00:00,4043.3,4046.94,4038.42,4039.9,0.0
2026-07-13 14:05:00+00:00,4040.21,4040.91,4029.99,4037.67,0.0
2026-07-13 14:10:00+00:00,4037.67,4039.46,4034.11,4035.87,0.0
2026-07-13 14:15:00+00:00,4036.02,4037.33,4008.65,4022.14,0.0
2026-07-13 14:20:00+00:00,4021.79,4022.18,4002.98,4021.8,0.0
2026-07-13 14:25:00+00:00,4021.32,4028.71,4015.26,4016.93,0.0
2026-07-13 14:30:00+00:00,4016.97,4016.97,4005.29,4010.49,0.0
2026-07-13 14:35:00+00:00,4010.67,4010.67,4003.99,4007.76,0.0
2026-07-13 14:40:00+00:00,4007.77,4007.77,4000.63,4004.97,0.0
2026-07-13 14:45:00+00:00,4005.55,4009.48,4002.34,4006.33,0.0
2026-07-13 14:50:00+00:00,4006.32,4010.81,4005.21,4009.48,0.0
2026-07-13 14:55:00+00:00,4009.52,4014.71,4008.9,4014.71,0.0
2026-07-13 15:00:00+00:00,4015.38,4017.75,4011.99,4012.04,0.0
2026-07-13 15:05:00+00:00,4012.01,4014.27,4011.08,4014.19,0.0
2026-07-13 15:10:00+00:00,4014.25,4016.89,4013.85,4014.9,0.0
2026-07-13 15:15:00+00:00,4014.85,4019.29,4013.27,4019.29,0.0
2026-07-13 15:20:00+00:00,4019.25,4020.22,4015.49,4016.13,0.0
2026-07-13 15:25:00+00:00,4016.06,4018.62,4013.19,4016.51,0.0
2026-07-13 15:30:00+00:00,4016.64,4017.7,4014.33,4014.93,0.0
2026-07-13 15:35:00+00:00,4014.97,4016.83,4013.67,4015.54,0.0
2026-07-13 15:40:00+00:00,4015.57,4016.17,4012.43,4013.52,0.0
2026-07-13 15:45:00+00:00,4013.46,4014.82,4011.01,4013.49,0.0
2026-07-13 15:50:00+00:00,4013.81,4014.27,4010.48,4013.56,0.0
2026-07-13 15:55:00+00:00,4013.54,4014.98,4012.89,4014.93,0.0
2026-07-13 16:00:00+00:00,4016.1,4017.9,4013.88,4015.87,0.0
2026-07-13 16:05:00+00:00,4015.88,4017.11,4013.67,4015.32,0.0
2026-07-13 16:10:00+00:00,4015.27,4016.4,4012.73,4014.02,0.0
2026-07-13 16:15:00+00:00,4014.05,4014.07,4011.06,4012.25,0.0
2026-07-13 16:20:00+00:00,4012.18,4012.85,4009.83,4009.93,0.0
2026-07-13 16:25:00+00:00,4009.72,4010.73,4000.9,4003.93,0.0
2026-07-13 16:30:00+00:00,4003.95,4004.68,3992.43,3994.88,0.0
2026-07-13 16:35:00+00:00,3994.89,3997.34,3991.04,3996.99,0.0
2026-07-13 16:40:00+00:00,3996.93,4000.94,3995.55,4000.7,0.0
2026-07-13 16:45:00+00:00,4000.79,4002.76,3997.53,3998.78,0.0
2026-07-13 16:50:00+00:00,3998.74,3998.95,3991.69,3992.31,0.0
2026-07-13 16:55:00+00:00,3992.3,3993.34,3986.74,3993.3,0.0
2026-07-13 17:00:00+00:00,3993.39,3997.13,3992.45,3994.8,0.0
2026-07-13 17:05:00+00:00,3994.73,3998.97,3993.64,3998.25,0.0
2026-07-13 17:10:00+00:00,3998.15,3998.58,3996.74,3997.86,0.0
2026-07-13 17:15:00+00:00,3997.71,4001.6,3997.08,4001.33,0.0
2026-07-13 17:20:00+00:00,4001.12,4001.85,3997.87,3998.62,0.0
2026-07-13 17:25:00+00:00,3998.66,3999.63,3996.76,3998.99,0.0
2026-07-13 17:30:00+00:00,3999.03,4000.93,3997.89,4000.41,0.0
2026-07-13 17:35:00+00:00,4000.42,4000.48,3997.28,3997.85,0.0
2026-07-13 17:40:00+00:00,3997.71,3998.63,3996.32,3997.06,0.0
2026-07-13 17:45:00+00:00,3997.07,3999.43,3994.42,3995.84,0.0
2026-07-13 17:50:00+00:00,3995.88,3996.38,3993.4,3994.95,0.0
2026-07-13 17:55:00+00:00,3994.95,3995.39,3992.24,3993.23,0.0
2026-07-13 18:00:00+00:00,3993.27,3995.19,3990.8,3991.01,0.0
2026-07-13 18:05:00+00:00,3990.92,3994.75,3990.84,3992.08,0.0
2026-07-13 18:10:00+00:00,3992.14,3994.14,3990.18,3994.04,0.0
2026-07-13 18:15:00+00:00,3993.93,3994.45,3986.92,3988.5,0.0
2026-07-13 18:20:00+00:00,3988.43,3995.06,3987.26,3994.79,0.0
2026-07-13 18:25:00+00:00,3994.8,3996.9,3994.8,3995.19,0.0
2026-07-13 18:30:00+00:00,3995.4,3998.44,3994.13,3997.07,0.0
2026-07-13 18:35:00+00:00,3997.08,4000.59,3997.07,3999.09,0.0
2026-07-13 18:40:00+00:00,3999.02,4000.76,3998.31,4000.25,0.0
2026-07-13 18:45:00+00:00,4000.23,4002.04,3998.7,4001.83,0.0
2026-07-13 18:50:00+00:00,4001.82,4005.07,4000.68,4003.89,0.0
2026-07-13 18:55:00+00:00,4003.89,4005.16,3998.39,4001.55,0.0
2026-07-13 19:00:00+00:00,4001.55,4004.57,3998.59,4004.41,0.0
2026-07-13 19:05:00+00:00,4004.44,4004.55,3999.4,4000.49,0.0
2026-07-13 19:10:00+00:00,4000.49,4000.49,3997.97,3998.13,0.0
2026-07-13 19:15:00+00:00,3998.13,3999.84,3997.94,3999.35,0.0
2026-07-13 19:20:00+00:00,3999.38,4000.19,3996.98,4000.19,0.0
2026-07-13 19:25:00+00:00,4000.1,4000.86,3998.31,3998.42,0.0
2026-07-13 19:30:00+00:00,3998.46,4001.13,3998.06,3999.21,0.0
2026-07-13 19:35:00+00:00,3999.22,3999.22,3993.59,3995.36,0.0
2026-07-13 19:40:00+00:00,3995.38,3999.39,3995.17,3999.27,0.0
2026-07-13 19:45:00+00:00,3999.28,3999.57,3997.06,3997.13,0.0
2026-07-13 19:50:00+00:00,3997.22,4001.25,3997.04,4000.76,0.0
2026-07-13 19:55:00+00:00,4000.62,4002.39,4000.0,4002.14,0.0
2026-07-13 20:00:00+00:00,4002.04,4004.69,4001.23,4004.65,0.0
2026-07-13 20:05:00+00:00,4004.64,4006.19,4001.8,4002.46,0.0
2026-07-13 20:10:00+00:00,4002.5,4003.12,3998.71,3998.94,0.0
2026-07-13 20:15:00+00:00,3998.84,4000.25,3997.06,3999.64,0.0
2026-07-13 20:20:00+00:00,3999.63,4000.0,3998.25,3998.49,0.0
2026-07-13 20:25:00+00:00,3998.48,4000.37,3998.39,4000.03,0.0
2026-07-13 20:30:00+00:00,4000.0,4000.46,3998.43,3998.46,0.0
2026-07-13 20:35:00+00:00,3998.69,3999.5,3997.53,3999.5,0.0
2026-07-13 20:40:00+00:00,3999.53,4000.52,3998.69,4000.18,0.0
2026-07-13 20:45:00+00:00,4000.17,4000.58,3998.74,3999.23,0.0
2026-07-13 20:50:00+00:00,3999.23,4001.04,3998.19,4000.95,0.0
2026-07-13 20:55:00+00:00,4000.96,4003.03,4000.87,4001.73,0.0
2026-07-13 22:00:00+00:00,4006.97,4006.97,4001.7,4001.7,0.0
2026-07-13 22:05:00+00:00,4001.7,4003.92,4001.7,4001.84,0.0
2026-07-13 22:10:00+00:00,4001.89,4004.44,4001.88,4004.08,0.0
2026-07-13 22:15:00+00:00,4004.08,4005.96,4004.08,4004.98,0.0
2026-07-13 22:20:00+00:00,4004.98,4005.27,4004.34,4004.35,0.0
2026-07-13 22:25:00+00:00,4004.34,4005.02,4004.28,4004.47,0.0
2026-07-13 22:30:00+00:00,4004.5,4004.64,4003.34,4004.01,0.0
2026-07-13 22:35:00+00:00,4004.06,4005.66,4003.05,4003.54,0.0
2026-07-13 22:40:00+00:00,4003.54,4004.42,4003.41,4003.95,0.0
2026-07-13 22:45:00+00:00,4003.96,4005.09,4003.48,4003.9,0.0
2026-07-13 22:50:00+00:00,4003.9,4004.26,4002.45,4003.12,0.0
2026-07-13 22:55:00+00:00,4003.13,4003.17,4001.16,4001.16,0.0
2026-07-13 23:00:00+00:00,4001.06,4003.17,4000.46,4001.01,0.0
2026-07-13 23:05:00+00:00,4001.01,4002.99,4000.86,4001.82,0.0
2026-07-13 23:10:00+00:00,4001.82,4002.27,3999.69,4000.4,0.0
2026-07-13 23:15:00+00:00,4000.35,4000.65,3998.86,3999.55,0.0
2026-07-13 23:20:00+00:00,3999.55,4000.32,3997.68,3999.2,0.0
2026-07-13 23:25:00+00:00,3999.22,3999.91,3997.07,3997.73,0.0
2026-07-13 23:30:00+00:00,3997.52,3997.52,3993.77,3994.94,0.0
2026-07-13 23:35:00+00:00,3994.93,3996.02,3994.03,3995.83,0.0
2026-07-13 23:40:00+00:00,3995.92,3997.16,3995.24,3995.67,0.0
2026-07-13 23:45:00+00:00,3995.59,3999.04,3992.84,3997.31,0.0
2026-07-13 23:50:00+00:00,3997.45,4000.6,3995.6,3999.2,0.0
2026-07-13 23:55:00+00:00,3999.04,4001.88,3998.6,4001.28,0.0
2026-07-14 00:00:00+00:00,4001.16,4004.8,3993.21,3994.01,0.0
2026-07-14 00:05:00+00:00,3994.77,3995.22,3985.7,3995.22,0.0
2026-07-14 00:10:00+00:00,3994.97,3998.96,3991.42,3995.66,0.0
2026-07-14 00:15:00+00:00,3995.59,3995.61,3987.75,3988.19,0.0
2026-07-14 00:20:00+00:00,3987.95,3990.92,3986.01,3990.66,0.0
2026-07-14 00:25:00+00:00,3990.45,3996.96,3989.15,3995.49,0.0
2026-07-14 00:30:00+00:00,3995.47,4006.7,3994.6,4005.31,0.0
2026-07-14 00:35:00+00:00,4005.17,4007.14,4002.49,4003.41,0.0
2026-07-14 00:40:00+00:00,4003.54,4005.73,3999.51,4002.84,0.0
2026-07-14 00:45:00+00:00,4002.94,4007.09,4000.69,4002.75,0.0
2026-07-14 00:50:00+00:00,4002.74,4005.76,4002.52,4004.07,0.0
2026-07-14 00:55:00+00:00,4004.4,4007.24,4003.23,4004.21,0.0
2026-07-14 01:00:00+00:00,4004.27,4004.27,3992.52,3998.12,0.0
2026-07-14 01:05:00+00:00,3998.71,3999.72,3992.58,3995.29,0.0
2026-07-14 01:10:00+00:00,3995.18,3998.9,3993.42,3995.59,0.0
2026-07-14 01:15:00+00:00,3995.41,4004.84,3995.36,4003.29,0.0
2026-07-14 01:20:00+00:00,4003.16,4003.27,3997.07,3997.74,0.0
2026-07-14 01:25:00+00:00,3997.63,3999.61,3995.91,3997.9,0.0
2026-07-14 01:30:00+00:00,3997.9,4004.16,3996.48,3999.19,0.0
2026-07-14 01:35:00+00:00,3998.6,3998.68,3993.73,3997.72,0.0
2026-07-14 01:40:00+00:00,3997.7,4002.43,3995.34,4002.24,0.0
2026-07-14 01:45:00+00:00,4002.17,4003.97,3999.04,4002.59,0.0
2026-07-14 01:50:00+00:00,4002.57,4005.37,4000.22,4003.95,0.0
2026-07-14 01:55:00+00:00,4004.19,4012.27,4002.32,4010.5,0.0
2026-07-14 02:00:00+00:00,4010.61,4011.07,4006.15,4009.45,0.0
2026-07-14 02:05:00+00:00,4009.52,4013.29,4008.42,4012.05,0.0
2026-07-14 02:10:00+00:00,4011.96,4017.88,4011.48,4016.92,0.0
2026-07-14 02:15:00+00:00,4016.88,4019.1,4015.2,4018.2,0.0
2026-07-14 02:20:00+00:00,4018.14,4018.23,4014.28,4014.61,0.0
2026-07-14 02:25:00+00:00,4014.72,4018.06,4014.0,4017.91,0.0
2026-07-14 02:30:00+00:00,4018.01,4019.11,4013.98,4014.03,0.0
2026-07-14 02:35:00+00:00,4014.16,4015.55,4012.94,4014.05,0.0
2026-07-14 02:40:00+00:00,4014.02,4016.38,4010.77,4010.88,0.0
2026-07-14 02:45:00+00:00,4010.96,4012.84,4009.75,4010.11,0.0
2026-07-14 02:50:00+00:00,4010.13,4011.42,4009.26,4010.97,0.0
2026-07-14 02:55:00+00:00,4010.94,4013.93,4010.62,4012.43,0.0
2026-07-14 03:00:00+00:00,4012.44,4016.18,4012.44,4014.47,0.0
2026-07-14 03:05:00+00:00,4014.63,4016.77,4013.34,4014.37,0.0
2026-07-14 03:10:00+00:00,4014.37,4015.65,4012.26,4013.9,0.0
2026-07-14 03:15:00+00:00,4014.08,4015.38,4012.41,4013.66,0.0
2026-07-14 03:20:00+00:00,4013.64,4016.52,4011.44,4016.02,0.0
2026-07-14 03:25:00+00:00,4015.94,4018.87,4015.41,4018.0,0.0
2026-07-14 03:30:00+00:00,4018.05,4019.08,4014.77,4015.15,0.0
2026-07-14 03:35:00+00:00,4015.09,4017.78,4014.79,4015.37,0.0
2026-07-14 03:40:00+00:00,4015.37,4016.17,4014.14,4015.35,0.0
2026-07-14 03:45:00+00:00,4015.36,4016.74,4015.07,4015.9,0.0
2026-07-14 03:50:00+00:00,4015.73,4018.04,4015.55,4017.68,0.0
2026-07-14 03:55:00+00:00,4017.73,4017.76,4014.77,4016.78,0.0
2026-07-14 04:00:00+00:00,4016.93,4018.94,4016.06,4017.23,0.0
2026-07-14 04:05:00+00:00,4017.23,4017.72,4015.22,4015.22,0.0
2026-07-14 04:10:00+00:00,4015.24,4016.13,4013.75,4015.81,0.0
2026-07-14 04:15:00+00:00,4015.85,4016.37,4014.36,4015.39,0.0
2026-07-14 04:20:00+00:00,4015.18,4016.2,4014.18,4015.87,0.0
2026-07-14 04:25:00+00:00,4015.65,4017.42,4015.46,4015.79,0.0
2026-07-14 04:30:00+00:00,4015.79,4022.81,4015.79,4021.93,0.0
2026-07-14 04:35:00+00:00,4021.93,4023.39,4021.19,4022.04,0.0
2026-07-14 04:40:00+00:00,4022.01,4022.42,4020.61,4020.68,0.0
2026-07-14 04:45:00+00:00,4020.69,4021.06,4018.0,4018.02,0.0
2026-07-14 04:50:00+00:00,4017.97,4020.11,4016.44,4019.88,0.0
2026-07-14 04:55:00+00:00,4019.93,4021.36,4017.91,4020.36,0.0
2026-07-14 05:00:00+00:00,4020.36,4022.91,4020.04,4020.09,0.0
2026-07-14 05:05:00+00:00,4019.86,4023.18,4019.74,4022.89,0.0
2026-07-14 05:10:00+00:00,4022.89,4023.84,4022.49,4023.21,0.0
2026-07-14 05:15:00+00:00,4023.21,4024.08,4020.19,4021.48,0.0
2026-07-14 05:20:00+00:00,4021.49,4022.7,4020.69,4020.98,0.0
2026-07-14 05:25:00+00:00,4020.92,4023.28,4020.66,4022.65,0.0
2026-07-14 05:30:00+00:00,4022.81,4030.09,4022.81,4029.26,0.0
2026-07-14 05:35:00+00:00,4028.86,4031.02,4027.39,4027.93,0.0
2026-07-14 05:40:00+00:00,4028.12,4034.22,4027.98,4031.97,0.0
2026-07-14 05:45:00+00:00,4032.29,4032.66,4029.82,4030.92,0.0
2026-07-14 05:50:00+00:00,4030.87,4031.37,4029.31,4030.91,0.0
2026-07-14 05:55:00+00:00,4030.97,4032.26,4030.37,4031.57,0.0
2026-07-14 06:00:00+00:00,4031.47,4032.31,4029.31,4030.18,0.0
2026-07-14 06:05:00+00:00,4030.04,4032.07,4028.88,4031.88,0.0
2026-07-14 06:10:00+00:00,4031.88,4033.15,4030.68,4031.07,0.0
2026-07-14 06:15:00+00:00,4031.01,4031.16,4028.3,4028.3,0.0
2026-07-14 06:20:00+00:00,4028.34,4029.03,4026.54,4027.85,0.0
2026-07-14 06:25:00+00:00,4027.83,4027.83,4023.29,4023.4,0.0
2026-07-14 06:30:00+00:00,4023.14,4026.23,4022.79,4025.57,0.0
2026-07-14 06:35:00+00:00,4025.59,4026.43,4023.04,4024.06,0.0
2026-07-14 06:40:00+00:00,4024.05,4025.49,4021.9,4025.35,0.0
2026-07-14 06:45:00+00:00,4025.31,4026.22,4023.67,4024.43,0.0
2026-07-14 06:50:00+00:00,4024.44,4026.53,4023.52,4023.6,0.0
2026-07-14 06:55:00+00:00,4023.54,4024.97,4023.18,4023.99,0.0
2026-07-14 07:00:00+00:00,4024.08,4025.82,4021.03,4025.81,0.0
2026-07-14 07:05:00+00:00,4025.72,4029.0,4025.72,4029.0,0.0
2026-07-14 07:10:00+00:00,4029.05,4029.05,4024.56,4024.89,0.0
2026-07-14 07:15:00+00:00,4024.89,4027.79,4024.57,4027.14,0.0
2026-07-14 07:20:00+00:00,4027.32,4029.92,4026.42,4028.66,0.0
2026-07-14 07:25:00+00:00,4028.69,4029.38,4026.13,4026.31,0.0
2026-07-14 07:30:00+00:00,4026.38,4026.66,4023.12,4025.85,0.0
2026-07-14 07:35:00+00:00,4025.82,4029.62,4025.0,4026.51,0.0
2026-07-14 07:40:00+00:00,4026.52,4026.62,4023.31,4023.87,0.0
2026-07-14 07:45:00+00:00,4023.78,4024.25,4022.5,4023.39,0.0
2026-07-14 07:50:00+00:00,4023.54,4026.2,4022.04,4025.41,0.0
2026-07-14 07:55:00+00:00,4025.41,4025.78,4020.31,4020.92,0.0
2026-07-14 08:00:00+00:00,4020.83,4022.49,4017.53,4018.86,0.0
2026-07-14 08:05:00+00:00,4018.9,4020.23,4014.78,4016.06,0.0
2026-07-14 08:10:00+00:00,4016.09,4018.18,4016.09,4017.34,0.0
2026-07-14 08:15:00+00:00,4017.35,4020.94,4017.35,4019.25,0.0
2026-07-14 08:20:00+00:00,4019.23,4020.84,4018.6,4019.57,0.0
2026-07-14 08:25:00+00:00,4019.78,4023.09,4019.49,4021.85,0.0
2026-07-14 08:30:00+00:00,4021.83,4023.89,4019.01,4019.86,0.0
2026-07-14 08:35:00+00:00,4019.83,4021.14,4018.95,4019.49,0.0
2026-07-14 08:40:00+00:00,4019.47,4022.59,4019.0,4019.86,0.0
2026-07-14 08:45:00+00:00,4019.46,4021.02,4018.83,4019.38,0.0
2026-07-14 08:50:00+00:00,4019.39,4020.47,4017.72,4019.65,0.0
2026-07-14 08:55:00+00:00,4019.65,4019.9,4016.08,4016.13,0.0
2026-07-14 09:00:00+00:00,4016.13,4019.85,4014.12,4019.85,0.0
2026-07-14 09:05:00+00:00,4019.88,4021.91,4018.53,4021.29,0.0
2026-07-14 09:10:00+00:00,4021.31,4024.24,4020.04,4020.77,0.0
2026-07-14 09:15:00+00:00,4020.7,4020.78,4018.46,4020.59,0.0
2026-07-14 09:20:00+00:00,4020.54,4021.72,4017.64,4018.51,0.0
2026-07-14 09:25:00+00:00,4018.54,4019.12,4015.34,4015.93,0.0
2026-07-14 09:30:00+00:00,4015.93,4017.36,4013.9,4014.18,0.0
2026-07-14 09:35:00+00:00,4014.18,4016.36,4013.95,4016.06,0.0
2026-07-14 09:40:00+00:00,4016.13,4018.15,4015.82,4017.48,0.0
2026-07-14 09:45:00+00:00,4017.31,4023.83,4016.8,4023.42,0.0
2026-07-14 09:50:00+00:00,4023.18,4023.91,4020.68,4021.47,0.0
2026-07-14 09:55:00+00:00,4021.08,4021.86,4019.39,4021.7,0.0
2026-07-14 10:00:00+00:00,4021.82,4022.22,4018.44,4019.71,0.0
2026-07-14 10:05:00+00:00,4019.65,4020.07,4017.9,4018.12,0.0
2026-07-14 10:10:00+00:00,4018.11,4019.76,4017.06,4018.29,0.0
2026-07-14 10:15:00+00:00,4018.32,4020.05,4017.44,4019.08,0.0
2026-07-14 10:20:00+00:00,4019.06,4019.24,4017.09,4017.7,0.0
2026-07-14 10:25:00+00:00,4017.51,4018.14,4015.81,4017.89,0.0
2026-07-14 10:30:00+00:00,4017.89,4018.77,4015.45,4016.29,0.0
2026-07-14 10:35:00+00:00,4016.29,4019.38,4015.3,4019.05,0.0
2026-07-14 10:40:00+00:00,4019.09,4020.21,4018.5,4019.2,0.0
2026-07-14 10:45:00+00:00,4019.17,4022.19,4018.24,4021.93,0.0
2026-07-14 10:50:00+00:00,4021.81,4021.88,4019.28,4020.37,0.0
2026-07-14 10:55:00+00:00,4020.36,4022.95,4019.82,4021.87,0.0
2026-07-14 11:00:00+00:00,4021.81,4022.93,4019.8,4020.75,0.0
2026-07-14 11:05:00+00:00,4020.73,4021.83,4015.62,4016.37,0.0
2026-07-14 11:10:00+00:00,4016.46,4024.06,4016.46,4023.05,0.0
2026-07-14 11:15:00+00:00,4022.99,4023.97,4020.71,4023.07,0.0
2026-07-14 11:20:00+00:00,4023.1,4027.87,4022.78,4027.87,0.0
2026-07-14 11:25:00+00:00,4027.93,4028.43,4024.86,4025.12,0.0
2026-07-14 11:30:00+00:00,4025.02,4029.05,4024.71,4027.95,0.0
2026-07-14 11:35:00+00:00,4027.89,4030.36,4027.59,4028.51,0.0
2026-07-14 11:40:00+00:00,4028.56,4030.03,4027.33,4028.25,0.0
2026-07-14 11:45:00+00:00,4028.13,4030.61,4025.88,4028.61,0.0
2026-07-14 11:50:00+00:00,4028.56,4029.88,4026.83,4029.33,0.0
2026-07-14 11:55:00+00:00,4029.25,4031.89,4029.01,4031.31,0.0
2026-07-14 12:00:00+00:00,4031.35,4035.92,4029.52,4030.08,0.0
2026-07-14 12:05:00+00:00,4030.07,4030.67,4025.38,4025.92,0.0
2026-07-14 12:10:00+00:00,4025.97,4028.46,4025.44,4025.91,0.0
2026-07-14 12:15:00+00:00,4026.02,4028.67,4024.99,4027.48,0.0
2026-07-14 12:20:00+00:00,4027.26,4028.89,4023.39,4028.89,0.0
2026-07-14 12:25:00+00:00,4028.83,4030.97,4027.08,4030.07,0.0
2026-07-14 12:30:00+00:00,4030.11,4101.98,4030.11,4095.72,0.0
2026-07-14 12:35:00+00:00,4095.96,4099.73,4082.13,4086.9,0.0
2026-07-14 12:40:00+00:00,4087.1,4094.33,4084.63,4093.33,0.0
2026-07-14 12:45:00+00:00,4092.91,4095.1,4082.66,4085.44,0.0
2026-07-14 12:50:00+00:00,4085.12,4085.12,4072.75,4073.27,0.0
2026-07-14 12:55:00+00:00,4073.46,4077.09,4069.2,4075.94,0.0
2026-07-14 13:00:00+00:00,4076.31,4083.39,4072.47,4072.67,0.0
2026-07-14 13:05:00+00:00,4072.89,4080.24,4071.39,4077.55,0.0
2026-07-14 13:10:00+00:00,4077.46,4080.27,4072.34,4075.25,0.0
2026-07-14 13:15:00+00:00,4075.21,4080.49,4074.28,4076.38,0.0
2026-07-14 13:20:00+00:00,4076.33,4086.45,4072.42,4084.38,0.0
2026-07-14 13:25:00+00:00,4084.16,4085.99,4081.51,4081.66,0.0
2026-07-14 13:30:00+00:00,4081.62,4084.77,4075.93,4080.38,0.0
2026-07-14 13:35:00+00:00,4080.53,4088.18,4078.93,4086.41,0.0
2026-07-14 13:40:00+00:00,4086.55,4088.56,4082.8,4087.7,0.0
2026-07-14 13:45:00+00:00,4087.61,4087.61,4080.75,4082.79,0.0
2026-07-14 13:50:00+00:00,4083.21,4085.03,4074.5,4076.66,0.0
2026-07-14 13:55:00+00:00,4076.58,4078.81,4074.67,4076.8,0.0
2026-07-14 14:00:00+00:00,4076.66,4079.92,4073.75,4074.41,0.0
2026-07-14 14:05:00+00:00,4074.0,4081.15,4073.06,4079.83,0.0
2026-07-14 14:10:00+00:00,4080.02,4084.99,4077.64,4082.36,0.0
2026-07-14 14:15:00+00:00,4082.37,4082.37,4071.17,4073.46,0.0
2026-07-14 14:20:00+00:00,4073.37,4084.82,4073.28,4078.28,0.0
2026-07-14 14:25:00+00:00,4078.54,4078.78,4074.21,4077.11,0.0
2026-07-14 14:30:00+00:00,4077.0,4078.64,4073.35,4077.17,0.0
2026-07-14 14:35:00+00:00,4079.21,4081.18,4074.83,4079.82,0.0
2026-07-14 14:40:00+00:00,4079.76,4082.69,4078.76,4080.4,0.0
2026-07-14 14:45:00+00:00,4080.13,4082.69,4079.01,4079.29,0.0
2026-07-14 14:50:00+00:00,4079.09,4083.81,4077.75,4082.62,0.0
2026-07-14 14:55:00+00:00,4082.54,4087.46,4081.6,4085.44,0.0
2026-07-14 15:00:00+00:00,4085.23,4089.61,4078.87,4089.0,0.0
2026-07-14 15:05:00+00:00,4088.78,4100.47,4086.56,4096.47,0.0
2026-07-14 15:10:00+00:00,4095.83,4097.42,4089.43,4090.64,0.0
2026-07-14 15:15:00+00:00,4090.25,4090.84,4085.99,4087.24,0.0
2026-07-14 15:20:00+00:00,4087.12,4090.38,4085.81,4087.22,0.0
2026-07-14 15:25:00+00:00,4087.3,4087.33,4082.74,4084.66,0.0
2026-07-14 15:30:00+00:00,4085.0,4087.01,4080.94,4081.56,0.0
2026-07-14 15:35:00+00:00,4081.6,4082.3,4075.92,4076.18,0.0
2026-07-14 15:40:00+00:00,4076.21,4077.24,4067.12,4074.09,0.0
2026-07-14 15:45:00+00:00,4074.24,4076.6,4071.29,4071.65,0.0
2026-07-14 15:50:00+00:00,4071.52,4072.23,4066.4,4067.28,0.0
2026-07-14 15:55:00+00:00,4067.17,4068.42,4064.77,4066.39,0.0
2026-07-14 16:00:00+00:00,4066.28,4066.87,4062.89,4063.98,0.0
2026-07-14 16:05:00+00:00,4064.12,4064.54,4058.2,4060.39,0.0
2026-07-14 16:10:00+00:00,4060.39,4064.87,4060.39,4063.05,0.0
2026-07-14 16:15:00+00:00,4063.08,4064.95,4061.1,4062.97,0.0
2026-07-14 16:20:00+00:00,4063.0,4063.68,4057.95,4060.98,0.0
2026-07-14 16:25:00+00:00,4060.93,4062.15,4058.67,4059.43,0.0
2026-07-14 16:30:00+00:00,4059.43,4062.71,4058.99,4059.94,0.0
2026-07-14 16:35:00+00:00,4059.94,4061.15,4057.98,4060.12,0.0
2026-07-14 16:40:00+00:00,4060.09,4062.7,4059.37,4061.1,0.0
2026-07-14 16:45:00+00:00,4060.99,4062.04,4057.97,4059.74,0.0
2026-07-14 16:50:00+00:00,4059.83,4061.3,4058.62,4060.09,0.0
2026-07-14 16:55:00+00:00,4060.29,4062.27,4059.79,4061.62,0.0
2026-07-14 17:00:00+00:00,4061.62,4064.7,4059.74,4060.35,0.0
2026-07-14 17:05:00+00:00,4060.39,4061.01,4057.47,4059.57,0.0
2026-07-14 17:10:00+00:00,4059.48,4059.76,4055.88,4056.81,0.0
2026-07-14 17:15:00+00:00,4056.7,4057.06,4054.55,4056.88,0.0
2026-07-14 17:20:00+00:00,4056.84,4061.52,4056.4,4060.92,0.0
2026-07-14 17:25:00+00:00,4060.92,4064.07,4060.3,4062.67,0.0
2026-07-14 17:30:00+00:00,4062.92,4065.03,4061.76,4062.18,0.0
2026-07-14 17:35:00+00:00,4062.16,4062.73,4061.04,4062.19,0.0
2026-07-14 17:40:00+00:00,4062.15,4062.67,4059.66,4059.87,0.0
2026-07-14 17:45:00+00:00,4059.88,4062.02,4058.49,4061.89,0.0
2026-07-14 17:50:00+00:00,4061.82,4063.5,4061.81,4063.18,0.0
2026-07-14 17:55:00+00:00,4063.19,4063.92,4062.53,4063.08,0.0
2026-07-14 18:00:00+00:00,4062.93,4062.93,4059.85,4062.2,0.0
2026-07-14 18:05:00+00:00,4062.09,4062.35,4060.48,4060.67,0.0
2026-07-14 18:10:00+00:00,4060.72,4061.73,4059.94,4061.69,0.0
2026-07-14 18:15:00+00:00,4061.68,4063.15,4061.11,4062.91,0.0
2026-07-14 18:20:00+00:00,4062.91,4062.91,4057.18,4057.25,0.0
2026-07-14 18:25:00+00:00,4057.32,4059.12,4056.74,4058.73,0.0
2026-07-14 18:30:00+00:00,4058.68,4059.64,4055.53,4056.76,0.0
2026-07-14 18:35:00+00:00,4056.79,4056.85,4052.4,4053.21,0.0
2026-07-14 18:40:00+00:00,4053.19,4054.38,4043.19,4046.69,0.0
2026-07-14 18:45:00+00:00,4046.65,4050.62,4045.16,4049.44,0.0
2026-07-14 18:50:00+00:00,4049.4,4051.7,4047.06,4051.7,0.0
2026-07-14 18:55:00+00:00,4051.77,4054.71,4051.39,4054.25,0.0
2026-07-14 19:00:00+00:00,4054.25,4054.88,4052.48,4053.07,0.0
2026-07-14 19:05:00+00:00,4053.07,4054.87,4052.5,4054.4,0.0
2026-07-14 19:10:00+00:00,4054.4,4057.3,4053.36,4056.9,0.0
2026-07-14 19:15:00+00:00,4056.68,4056.98,4055.37,4056.5,0.0
2026-07-14 19:20:00+00:00,4056.52,4056.52,4052.49,4052.64,0.0
2026-07-14 19:25:00+00:00,4052.64,4053.42,4051.41,4051.7,0.0
2026-07-14 19:30:00+00:00,4051.69,4051.74,4047.87,4050.32,0.0
2026-07-14 19:35:00+00:00,4050.4,4052.25,4049.58,4051.22,0.0
2026-07-14 19:40:00+00:00,4051.21,4052.91,4050.48,4052.6,0.0
2026-07-14 19:45:00+00:00,4052.59,4054.64,4052.55,4052.66,0.0
2026-07-14 19:50:00+00:00,4052.72,4056.89,4051.79,4055.57,0.0
2026-07-14 19:55:00+00:00,4055.54,4056.92,4054.8,4055.55,0.0
2026-07-14 20:00:00+00:00,4055.79,4056.41,4054.29,4054.82,0.0
2026-07-14 20:05:00+00:00,4054.81,4055.57,4054.64,4054.76,0.0
2026-07-14 20:10:00+00:00,4054.71,4055.41,4053.8,4053.8,0.0
2026-07-14 20:15:00+00:00,4053.81,4054.52,4052.72,4052.82,0.0
2026-07-14 20:20:00+00:00,4052.82,4053.92,4052.3,4053.89,0.0
2026-07-14 20:25:00+00:00,4053.89,4054.14,4052.86,4053.05,0.0
2026-07-14 20:30:00+00:00,4053.05,4053.52,4051.42,4051.69,0.0
2026-07-14 20:35:00+00:00,4051.59,4052.15,4050.34,4050.53,0.0
2026-07-14 20:40:00+00:00,4050.52,4051.88,4049.87,4050.64,0.0
2026-07-14 20:45:00+00:00,4050.64,4051.3,4049.51,4050.29,0.0
2026-07-14 20:50:00+00:00,4050.28,4052.9,4049.47,4052.4,0.0
2026-07-14 20:55:00+00:00,4052.36,4053.02,4052.22,4052.85,0.0
2026-07-14 22:00:00+00:00,4053.12,4053.78,4051.63,4053.0,0.0
2026-07-14 22:05:00+00:00,4053.0,4053.02,4051.41,4051.86,0.0
2026-07-14 22:10:00+00:00,4051.86,4051.86,4049.14,4050.82,0.0
2026-07-14 22:15:00+00:00,4050.79,4051.0,4049.36,4050.63,0.0
2026-07-14 22:20:00+00:00,4050.52,4052.18,4049.82,4050.5,0.0
2026-07-14 22:25:00+00:00,4050.51,4051.87,4049.72,4051.7,0.0
2026-07-14 22:30:00+00:00,4051.71,4052.86,4051.68,4052.36,0.0
2026-07-14 22:35:00+00:00,4052.36,4052.86,4050.46,4050.89,0.0
2026-07-14 22:40:00+00:00,4050.91,4052.29,4049.22,4050.67,0.0
2026-07-14 22:45:00+00:00,4050.64,4050.8,4048.66,4049.26,0.0
2026-07-14 22:50:00+00:00,4049.26,4050.3,4048.73,4049.56,0.0
2026-07-14 22:55:00+00:00,4049.56,4049.81,4048.98,4049.0,0.0
2026-07-14 23:00:00+00:00,4049.1,4050.28,4048.55,4049.14,0.0
2026-07-14 23:05:00+00:00,4049.5,4049.82,4048.56,4049.66,0.0
2026-07-14 23:10:00+00:00,4049.66,4049.66,4047.2,4047.69,0.0
2026-07-14 23:15:00+00:00,4047.69,4048.63,4046.93,4048.07,0.0
2026-07-14 23:20:00+00:00,4048.09,4050.36,4048.09,4049.88,0.0
2026-07-14 23:25:00+00:00,4049.88,4053.88,4049.55,4053.88,0.0
2026-07-14 23:30:00+00:00,4053.91,4054.99,4051.57,4054.84,0.0
2026-07-14 23:35:00+00:00,4054.85,4056.09,4053.08,4053.64,0.0
2026-07-14 23:40:00+00:00,4053.65,4055.38,4053.28,4054.69,0.0
2026-07-14 23:45:00+00:00,4054.72,4054.99,4052.68,4052.9,0.0
2026-07-14 23:50:00+00:00,4053.01,4054.25,4052.48,4054.24,0.0
2026-07-14 23:55:00+00:00,4054.24,4054.57,4052.13,4052.96,0.0
2026-07-15 00:00:00+00:00,4053.03,4056.18,4051.3,4054.96,0.0
2026-07-15 00:05:00+00:00,4054.96,4055.63,4052.76,4054.24,0.0
2026-07-15 00:10:00+00:00,4054.11,4054.96,4051.16,4051.37,0.0
2026-07-15 00:15:00+00:00,4051.37,4056.2,4051.2,4052.23,0.0
2026-07-15 00:20:00+00:00,4052.22,4056.56,4051.64,4055.72,0.0
2026-07-15 00:25:00+00:00,4055.72,4058.19,4055.09,4058.19,0.0
2026-07-15 00:30:00+00:00,4058.31,4058.58,4055.41,4055.83,0.0
2026-07-15 00:35:00+00:00,4055.82,4056.46,4052.4,4054.38,0.0
2026-07-15 00:40:00+00:00,4054.31,4054.88,4053.09,4054.73,0.0
2026-07-15 00:45:00+00:00,4054.74,4056.97,4054.39,4054.64,0.0
2026-07-15 00:50:00+00:00,4055.06,4057.84,4054.89,4057.84,0.0
2026-07-15 00:55:00+00:00,4057.91,4060.5,4057.75,4059.14,0.0
2026-07-15 01:00:00+00:00,4059.16,4062.01,4055.76,4058.38,0.0
2026-07-15 01:05:00+00:00,4058.29,4061.78,4055.26,4056.59,0.0
2026-07-15 01:10:00+00:00,4056.52,4059.13,4055.41,4055.87,0.0
2026-07-15 01:15:00+00:00,4055.89,4057.29,4053.95,4055.52,0.0
2026-07-15 01:20:00+00:00,4055.7,4056.05,4052.83,4054.06,0.0
2026-07-15 01:25:00+00:00,4054.04,4056.84,4054.01,4054.54,0.0
2026-07-15 01:30:00+00:00,4054.54,4054.68,4047.33,4050.76,0.0
2026-07-15 01:35:00+00:00,4050.97,4050.97,4045.7,4046.55,0.0
2026-07-15 01:40:00+00:00,4046.45,4046.45,4036.79,4038.66,0.0
2026-07-15 01:45:00+00:00,4038.92,4042.59,4038.15,4041.76,0.0
2026-07-15 01:50:00+00:00,4041.6,4041.6,4038.09,4041.08,0.0
2026-07-15 01:55:00+00:00,4041.2,4041.26,4035.78,4037.59,0.0
2026-07-15 02:00:00+00:00,4037.42,4040.2,4034.19,4039.31,0.0
2026-07-15 02:05:00+00:00,4039.15,4041.74,4038.57,4041.0,0.0
2026-07-15 02:10:00+00:00,4040.85,4042.2,4035.97,4036.89,0.0
2026-07-15 02:15:00+00:00,4036.89,4036.96,4029.7,4030.35,0.0
2026-07-15 02:20:00+00:00,4030.37,4032.67,4029.37,4031.84,0.0
2026-07-15 02:25:00+00:00,4031.83,4033.5,4030.46,4033.2,0.0
2026-07-15 02:30:00+00:00,4033.21,4036.26,4033.07,4035.9,0.0
2026-07-15 02:35:00+00:00,4035.9,4037.96,4035.83,4037.93,0.0
2026-07-15 02:40:00+00:00,4037.94,4041.93,4037.21,4041.71,0.0
2026-07-15 02:45:00+00:00,4041.77,4041.94,4039.08,4040.02,0.0
2026-07-15 02:50:00+00:00,4040.04,4040.04,4034.57,4035.45,0.0
2026-07-15 02:55:00+00:00,4035.32,4039.54,4035.31,4035.36,0.0
2026-07-15 03:00:00+00:00,4035.35,4040.21,4034.86,4039.93,0.0
2026-07-15 03:05:00+00:00,4039.55,4040.41,4036.16,4036.8,0.0
2026-07-15 03:10:00+00:00,4036.8,4037.16,4033.16,4033.99,0.0
2026-07-15 03:15:00+00:00,4034.2,4035.35,4032.08,4032.67,0.0
2026-07-15 03:20:00+00:00,4032.61,4033.35,4030.77,4031.2,0.0
2026-07-15 03:25:00+00:00,4031.11,4032.8,4030.35,4031.11,0.0
2026-07-15 03:30:00+00:00,4031.09,4033.71,4028.35,4033.57,0.0
2026-07-15 03:35:00+00:00,4033.62,4035.75,4032.73,4032.73,0.0
2026-07-15 03:40:00+00:00,4032.67,4032.87,4028.54,4029.53,0.0
2026-07-15 03:45:00+00:00,4029.53,4032.27,4029.38,4032.27,0.0
2026-07-15 03:50:00+00:00,4032.24,4033.61,4031.26,4031.26,0.0
2026-07-15 03:55:00+00:00,4031.26,4032.2,4031.03,4031.37,0.0
2026-07-15 04:00:00+00:00,4031.41,4033.33,4031.14,4031.47,0.0
2026-07-15 04:05:00+00:00,4031.47,4032.35,4030.2,4032.12,0.0
2026-07-15 04:10:00+00:00,4032.13,4033.24,4031.77,4031.77,0.0
2026-07-15 04:15:00+00:00,4031.75,4034.15,4031.14,4034.11,0.0
2026-07-15 04:20:00+00:00,4034.11,4034.11,4032.51,4033.19,0.0
2026-07-15 04:25:00+00:00,4033.2,4035.11,4033.08,4033.78,0.0
2026-07-15 04:30:00+00:00,4033.77,4035.17,4032.18,4032.23,0.0
2026-07-15 04:35:00+00:00,4031.77,4032.86,4030.5,4031.02,0.0
2026-07-15 04:40:00+00:00,4030.98,4032.07,4028.35,4030.25,0.0
2026-07-15 04:45:00+00:00,4030.31,4034.45,4030.31,4031.69,0.0
2026-07-15 04:50:00+00:00,4031.68,4034.47,4031.67,4032.94,0.0
2026-07-15 04:55:00+00:00,4032.93,4033.52,4031.97,4033.26,0.0
2026-07-15 05:00:00+00:00,4033.24,4036.13,4031.68,4031.91,0.0
2026-07-15 05:05:00+00:00,4032.03,4033.12,4029.43,4031.26,0.0
2026-07-15 05:10:00+00:00,4031.24,4031.63,4025.47,4026.24,0.0
2026-07-15 05:15:00+00:00,4026.23,4028.61,4025.84,4027.91,0.0
2026-07-15 05:20:00+00:00,4027.88,4028.72,4026.37,4027.5,0.0
2026-07-15 05:25:00+00:00,4027.54,4027.54,4024.96,4025.24,0.0
2026-07-15 05:30:00+00:00,4025.21,4029.21,4022.73,4028.15,0.0
2026-07-15 05:35:00+00:00,4028.2,4031.96,4027.26,4031.73,0.0
2026-07-15 05:40:00+00:00,4031.5,4036.64,4029.53,4029.63,0.0
2026-07-15 05:45:00+00:00,4029.75,4030.01,4027.52,4029.18,0.0
2026-07-15 05:50:00+00:00,4029.22,4030.64,4028.12,4030.59,0.0
2026-07-15 05:55:00+00:00,4030.58,4034.27,4028.32,4033.86,0.0
2026-07-15 06:00:00+00:00,4034.86,4035.28,4030.93,4031.31,0.0
2026-07-15 06:05:00+00:00,4031.31,4031.76,4027.95,4030.06,0.0
2026-07-15 06:10:00+00:00,4030.06,4030.26,4027.35,4027.35,0.0
2026-07-15 06:15:00+00:00,4027.69,4027.99,4023.94,4026.78,0.0
2026-07-15 06:20:00+00:00,4026.87,4027.29,4021.5,4026.6,0.0
2026-07-15 06:25:00+00:00,4026.56,4028.69,4025.72,4025.89,0.0
2026-07-15 06:30:00+00:00,4026.51,4028.25,4022.88,4028.19,0.0
2026-07-15 06:35:00+00:00,4028.18,4030.89,4027.26,4029.17,0.0
2026-07-15 06:40:00+00:00,4029.18,4033.2,4028.49,4032.65,0.0
2026-07-15 06:45:00+00:00,4032.67,4032.67,4029.8,4030.19,0.0
2026-07-15 06:50:00+00:00,4030.08,4033.79,4029.99,4032.39,0.0
2026-07-15 06:55:00+00:00,4032.45,4032.85,4030.8,4032.14,0.0
2026-07-15 07:00:00+00:00,4032.17,4034.34,4029.36,4032.85,0.0
2026-07-15 07:05:00+00:00,4032.87,4032.87,4029.35,4029.53,0.0
2026-07-15 07:10:00+00:00,4029.52,4031.13,4028.47,4029.48,0.0
2026-07-15 07:15:00+00:00,4029.48,4029.92,4028.18,4029.19,0.0
2026-07-15 07:20:00+00:00,4029.41,4029.88,4025.58,4026.17,0.0
2026-07-15 07:25:00+00:00,4026.18,4026.36,4020.25,4024.67,0.0
2026-07-15 07:30:00+00:00,4024.4,4027.01,4022.16,4023.78,0.0
2026-07-15 07:35:00+00:00,4023.79,4023.8,4019.88,4020.85,0.0
2026-07-15 07:40:00+00:00,4020.56,4022.83,4019.86,4022.83,0.0
2026-07-15 07:45:00+00:00,4022.82,4026.46,4021.42,4024.94,0.0
2026-07-15 07:50:00+00:00,4024.84,4025.81,4022.6,4025.8,0.0
2026-07-15 07:55:00+00:00,4025.77,4026.87,4023.66,4024.48,0.0
2026-07-15 08:00:00+00:00,4024.5,4025.99,4020.58,4025.0,0.0
2026-07-15 08:05:00+00:00,4024.95,4025.56,4022.27,4022.53,0.0
2026-07-15 08:10:00+00:00,4022.53,4023.47,4017.54,4018.26,0.0
2026-07-15 08:15:00+00:00,4018.09,4025.33,4018.09,4024.24,0.0
2026-07-15 08:20:00+00:00,4024.25,4025.31,4023.0,4024.62,0.0
2026-07-15 08:25:00+00:00,4024.63,4026.83,4022.94,4026.45,0.0
2026-07-15 08:30:00+00:00,4026.59,4029.24,4025.94,4028.08,0.0
2026-07-15 08:35:00+00:00,4028.01,4028.32,4024.75,4026.56,0.0
2026-07-15 08:40:00+00:00,4026.56,4028.69,4026.56,4028.46,0.0
2026-07-15 08:45:00+00:00,4028.6,4030.23,4027.79,4029.81,0.0
2026-07-15 08:50:00+00:00,4029.76,4031.02,4029.02,4030.73,0.0
2026-07-15 08:55:00+00:00,4030.73,4033.25,4029.74,4031.24,0.0
2026-07-15 09:00:00+00:00,4031.24,4034.31,4031.1,4033.39,0.0
2026-07-15 09:05:00+00:00,4033.42,4034.09,4030.54,4032.58,0.0
2026-07-15 09:10:00+00:00,4032.58,4033.12,4029.74,4030.32,0.0
2026-07-15 09:15:00+00:00,4030.41,4031.41,4029.07,4031.41,0.0
2026-07-15 09:20:00+00:00,4031.3,4033.03,4029.55,4029.9,0.0
2026-07-15 09:25:00+00:00,4029.92,4029.92,4027.12,4027.48,0.0
2026-07-15 09:30:00+00:00,4027.5,4029.59,4026.63,4026.82,0.0
2026-07-15 09:35:00+00:00,4026.79,4027.66,4025.65,4026.42,0.0
2026-07-15 09:40:00+00:00,4026.41,4028.08,4026.41,4027.49,0.0
2026-07-15 09:45:00+00:00,4027.43,4028.56,4026.48,4028.56,0.0
2026-07-15 09:50:00+00:00,4028.56,4028.56,4027.11,4028.53,0.0
2026-07-15 09:55:00+00:00,4028.63,4030.45,4026.35,4030.32,0.0
2026-07-15 10:00:00+00:00,4030.35,4031.59,4028.88,4030.49,0.0
2026-07-15 10:05:00+00:00,4030.48,4033.04,4028.87,4030.59,0.0
2026-07-15 10:10:00+00:00,4030.61,4035.93,4029.79,4033.82,0.0
2026-07-15 10:15:00+00:00,4033.83,4034.01,4031.82,4032.48,0.0
2026-07-15 10:20:00+00:00,4032.37,4035.62,4029.18,4029.5,0.0
2026-07-15 10:25:00+00:00,4029.45,4030.09,4026.78,4028.97,0.0
2026-07-15 10:30:00+00:00,4028.94,4031.2,4028.49,4030.46,0.0
2026-07-15 10:35:00+00:00,4030.45,4034.18,4030.25,4033.76,0.0
2026-07-15 10:40:00+00:00,4033.77,4033.81,4030.37,4031.27,0.0
2026-07-15 10:45:00+00:00,4031.25,4031.31,4027.29,4028.57,0.0
2026-07-15 10:50:00+00:00,4028.58,4028.94,4027.75,4028.45,0.0
2026-07-15 10:55:00+00:00,4029.04,4029.06,4027.22,4028.4,0.0
2026-07-15 11:00:00+00:00,4028.2,4031.59,4027.96,4029.05,0.0
2026-07-15 11:05:00+00:00,4029.09,4031.8,4028.67,4031.28,0.0
2026-07-15 11:10:00+00:00,4031.36,4032.95,4030.38,4030.42,0.0
2026-07-15 11:15:00+00:00,4030.43,4030.65,4027.79,4029.09,0.0
2026-07-15 11:20:00+00:00,4029.43,4030.55,4028.61,4030.19,0.0
2026-07-15 11:25:00+00:00,4030.16,4031.34,4028.97,4030.85,0.0
2026-07-15 11:30:00+00:00,4030.8,4033.71,4029.44,4033.32,0.0
2026-07-15 11:35:00+00:00,4033.36,4035.47,4032.1,4035.47,0.0
2026-07-15 11:40:00+00:00,4035.48,4039.47,4035.4,4037.58,0.0
2026-07-15 11:45:00+00:00,4037.59,4038.84,4035.69,4036.45,0.0
2026-07-15 11:50:00+00:00,4036.53,4040.24,4035.79,4036.5,0.0
2026-07-15 11:55:00+00:00,4036.42,4039.29,4036.02,4038.38,0.0
2026-07-15 12:00:00+00:00,4038.44,4042.5,4038.32,4041.56,0.0
2026-07-15 12:05:00+00:00,4041.08,4041.08,4037.33,4037.5,0.0
2026-07-15 12:10:00+00:00,4037.44,4039.12,4036.02,4037.95,0.0
2026-07-15 12:15:00+00:00,4037.98,4040.62,4037.98,4039.38,0.0
2026-07-15 12:20:00+00:00,4039.36,4040.8,4038.28,4039.46,0.0
2026-07-15 12:25:00+00:00,4039.39,4040.08,4037.67,4039.79,0.0
2026-07-15 12:30:00+00:00,4039.79,4054.36,4039.55,4054.24,0.0
2026-07-15 12:35:00+00:00,4054.37,4066.12,4053.97,4063.75,0.0
2026-07-15 12:40:00+00:00,4063.71,4063.83,4057.44,4063.27,0.0
2026-07-15 12:45:00+00:00,4063.15,4065.2,4061.09,4064.77,0.0
2026-07-15 12:50:00+00:00,4064.43,4066.5,4062.25,4063.57,0.0
2026-07-15 12:55:00+00:00,4063.56,4071.46,4061.75,4067.58,0.0
2026-07-15 13:00:00+00:00,4067.89,4072.65,4064.81,4072.3,0.0
2026-07-15 13:05:00+00:00,4072.3,4074.0,4070.37,4070.73,0.0
2026-07-15 13:10:00+00:00,4069.65,4069.87,4061.92,4061.92,0.0
2026-07-15 13:15:00+00:00,4061.76,4066.58,4061.28,4065.91,0.0
2026-07-15 13:20:00+00:00,4065.89,4065.89,4061.23,4061.92,0.0
2026-07-15 13:25:00+00:00,4061.91,4061.94,4054.34,4055.96,0.0
2026-07-15 13:30:00+00:00,4055.93,4061.33,4055.76,4060.31,0.0
2026-07-15 13:35:00+00:00,4060.25,4062.49,4057.49,4061.48,0.0
2026-07-15 13:40:00+00:00,4061.29,4062.96,4058.38,4061.28,0.0
2026-07-15 13:45:00+00:00,4061.27,4061.92,4055.3,4056.56,0.0
2026-07-15 13:50:00+00:00,4056.68,4060.26,4055.25,4058.92,0.0
2026-07-15 13:55:00+00:00,4059.22,4066.19,4057.78,4061.27,0.0
2026-07-15 14:00:00+00:00,4061.73,4065.39,4060.17,4063.38,0.0
2026-07-15 14:05:00+00:00,4063.32,4065.36,4062.38,4063.03,0.0
2026-07-15 14:10:00+00:00,4063.02,4065.6,4062.42,4064.18,0.0
2026-07-15 14:15:00+00:00,4064.31,4065.93,4060.84,4062.84,0.0
2026-07-15 14:20:00+00:00,4062.94,4063.13,4056.06,4057.69,0.0
2026-07-15 14:25:00+00:00,4057.8,4059.75,4055.65,4058.25,0.0
2026-07-15 14:30:00+00:00,4058.42,4063.0,4057.84,4062.17,0.0
2026-07-15 14:35:00+00:00,4062.17,4064.01,4061.19,4062.34,0.0
2026-07-15 14:40:00+00:00,4062.17,4062.97,4057.15,4057.33,0.0
2026-07-15 14:45:00+00:00,4057.36,4060.47,4053.44,4059.79,0.0
2026-07-15 14:50:00+00:00,4059.96,4060.11,4054.8,4056.04,0.0
2026-07-15 14:55:00+00:00,4056.17,4060.96,4055.93,4060.37,0.0
2026-07-15 15:00:00+00:00,4060.45,4062.8,4058.32,4059.22,0.0
2026-07-15 15:05:00+00:00,4059.19,4059.32,4054.45,4054.68,0.0
2026-07-15 15:10:00+00:00,4054.66,4054.87,4043.37,4044.19,0.0
2026-07-15 15:15:00+00:00,4044.16,4046.93,4043.5,4046.32,0.0
2026-07-15 15:20:00+00:00,4046.24,4046.26,4039.89,4044.81,0.0
2026-07-15 15:25:00+00:00,4045.03,4049.79,4044.45,4049.08,0.0
2026-07-15 15:30:00+00:00,4049.07,4049.65,4044.91,4048.32,0.0
2026-07-15 15:35:00+00:00,4048.49,4049.19,4046.97,4048.72,0.0
2026-07-15 15:40:00+00:00,4048.77,4050.54,4048.54,4049.75,0.0
2026-07-15 15:45:00+00:00,4049.71,4050.8,4048.25,4049.88,0.0
2026-07-15 15:50:00+00:00,4049.75,4050.66,4047.0,4050.65,0.0
2026-07-15 15:55:00+00:00,4050.6,4050.6,4046.48,4047.02,0.0
2026-07-15 16:00:00+00:00,4047.01,4047.85,4042.81,4043.47,0.0
2026-07-15 16:05:00+00:00,4043.47,4044.5,4041.78,4041.78,0.0
2026-07-15 16:10:00+00:00,4042.09,4042.46,4037.44,4038.16,0.0
2026-07-15 16:15:00+00:00,4038.42,4040.69,4033.17,4033.78,0.0
2026-07-15 16:20:00+00:00,4033.97,4037.82,4033.25,4035.8,0.0
2026-07-15 16:25:00+00:00,4035.78,4037.86,4033.3,4034.75,0.0
2026-07-15 16:30:00+00:00,4034.88,4036.98,4031.58,4031.58,0.0
2026-07-15 16:35:00+00:00,4031.06,4031.43,4027.38,4030.48,0.0
2026-07-15 16:40:00+00:00,4030.47,4031.8,4027.07,4028.94,0.0
2026-07-15 16:45:00+00:00,4028.84,4036.85,4027.88,4035.83,0.0
2026-07-15 16:50:00+00:00,4035.71,4038.04,4033.91,4034.28,0.0
2026-07-15 16:55:00+00:00,4034.26,4034.26,4029.59,4033.96,0.0
2026-07-15 17:00:00+00:00,4033.8,4038.85,4033.14,4038.06,0.0
2026-07-15 17:05:00+00:00,4037.96,4039.11,4036.79,4036.84,0.0
2026-07-15 17:10:00+00:00,4036.83,4038.95,4036.09,4036.41,0.0
2026-07-15 17:15:00+00:00,4036.04,4036.88,4033.38,4035.74,0.0
2026-07-15 17:20:00+00:00,4035.87,4039.06,4035.75,4037.71,0.0
2026-07-15 17:25:00+00:00,4037.87,4048.01,4037.87,4047.65,0.0
2026-07-15 17:30:00+00:00,4047.61,4055.45,4047.24,4054.7,0.0
2026-07-15 17:35:00+00:00,4054.9,4060.01,4053.73,4057.27,0.0
2026-07-15 17:40:00+00:00,4057.08,4063.1,4056.88,4062.21,0.0
2026-07-15 17:45:00+00:00,4062.44,4066.13,4061.59,4065.16,0.0
2026-07-15 17:50:00+00:00,4065.15,4065.15,4062.27,4063.21,0.0
2026-07-15 17:55:00+00:00,4063.32,4063.95,4060.44,4062.36,0.0
2026-07-15 18:00:00+00:00,4062.36,4068.77,4061.87,4067.9,0.0
2026-07-15 18:05:00+00:00,4068.07,4070.09,4066.16,4067.25,0.0
2026-07-15 18:10:00+00:00,4067.19,4068.36,4065.72,4068.02,0.0
2026-07-15 18:15:00+00:00,4067.99,4070.18,4066.87,4070.09,0.0
2026-07-15 18:20:00+00:00,4069.87,4071.84,4068.91,4071.1,0.0
2026-07-15 18:25:00+00:00,4070.91,4074.82,4069.66,4074.33,0.0
2026-07-15 18:30:00+00:00,4074.27,4080.16,4072.66,4072.82,0.0
2026-07-15 18:35:00+00:00,4072.84,4073.47,4070.74,4070.83,0.0
2026-07-15 18:40:00+00:00,4070.95,4071.14,4067.83,4068.06,0.0
2026-07-15 18:45:00+00:00,4067.73,4068.62,4064.66,4064.78,0.0
2026-07-15 18:50:00+00:00,4064.71,4064.77,4062.67,4063.43,0.0
2026-07-15 18:55:00+00:00,4063.36,4064.76,4058.14,4059.17,0.0
2026-07-15 19:00:00+00:00,4059.23,4062.99,4057.41,4061.07,0.0
2026-07-15 19:05:00+00:00,4061.08,4061.5,4058.87,4060.73,0.0
2026-07-15 19:10:00+00:00,4060.74,4062.31,4059.52,4061.04,0.0
2026-07-15 19:15:00+00:00,4061.04,4061.43,4056.84,4056.87,0.0
2026-07-15 19:20:00+00:00,4056.88,4056.88,4053.03,4054.94,0.0
2026-07-15 19:25:00+00:00,4054.75,4057.99,4054.71,4056.09,0.0
2026-07-15 19:30:00+00:00,4056.15,4057.61,4049.0,4049.77,0.0
2026-07-15 19:35:00+00:00,4049.76,4052.1,4048.11,4050.46,0.0
2026-07-15 19:40:00+00:00,4050.66,4053.07,4050.3,4051.33,0.0
2026-07-15 19:45:00+00:00,4051.29,4053.4,4050.81,4052.17,0.0
2026-07-15 19:50:00+00:00,4052.18,4054.65,4051.38,4053.57,0.0
2026-07-15 19:55:00+00:00,4053.49,4056.85,4052.71,4056.85,0.0
2026-07-15 20:00:00+00:00,4057.05,4058.47,4055.3,4058.16,0.0
2026-07-15 20:05:00+00:00,4058.15,4058.15,4056.56,4056.99,0.0
2026-07-15 20:10:00+00:00,4057.01,4057.81,4056.65,4057.55,0.0
2026-07-15 20:15:00+00:00,4057.55,4060.16,4057.45,4059.42,0.0
2026-07-15 20:20:00+00:00,4059.41,4061.96,4059.32,4060.45,0.0
2026-07-15 20:25:00+00:00,4060.46,4062.21,4060.19,4061.46,0.0
2026-07-15 20:30:00+00:00,4061.48,4061.6,4060.55,4060.67,0.0
2026-07-15 20:35:00+00:00,4060.66,4063.2,4060.66,4063.04,0.0
2026-07-15 20:40:00+00:00,4063.07,4063.07,4061.0,4061.83,0.0
2026-07-15 20:45:00+00:00,4061.83,4062.1,4061.14,4061.5,0.0
2026-07-15 20:50:00+00:00,4061.51,4063.0,4060.73,4061.11,0.0
2026-07-15 20:55:00+00:00,4061.14,4061.42,4060.07,4060.55,0.0
2026-07-15 22:00:00+00:00,4065.14,4066.27,4060.74,4061.06,0.0
2026-07-15 22:05:00+00:00,4061.06,4064.36,4061.06,4063.49,0.0
2026-07-15 22:10:00+00:00,4063.52,4064.8,4063.25,4063.61,0.0
2026-07-15 22:15:00+00:00,4063.61,4064.19,4062.79,4063.55,0.0
2026-07-15 22:20:00+00:00,4063.56,4063.85,4062.26,4062.26,0.0
2026-07-15 22:25:00+00:00,4062.16,4062.57,4061.54,4062.31,0.0
2026-07-15 22:30:00+00:00,4062.32,4062.42,4060.56,4060.66,0.0
2026-07-15 22:35:00+00:00,4060.65,4061.38,4059.46,4059.5,0.0
2026-07-15 22:40:00+00:00,4059.95,4060.66,4059.42,4060.19,0.0
2026-07-15 22:45:00+00:00,4060.19,4061.03,4059.18,4059.75,0.0
2026-07-15 22:50:00+00:00,4059.74,4059.98,4058.34,4059.79,0.0
2026-07-15 22:55:00+00:00,4059.76,4061.53,4059.39,4059.75,0.0
2026-07-15 23:00:00+00:00,4059.74,4061.76,4059.02,4059.86,0.0
2026-07-15 23:05:00+00:00,4059.9,4062.11,4059.52,4061.45,0.0
2026-07-15 23:10:00+00:00,4061.46,4061.6,4059.26,4060.27,0.0
2026-07-15 23:15:00+00:00,4060.38,4060.48,4058.05,4059.14,0.0
2026-07-15 23:20:00+00:00,4059.14,4059.27,4057.24,4057.42,0.0
2026-07-15 23:25:00+00:00,4057.41,4059.41,4057.14,4057.87,0.0
2026-07-15 23:30:00+00:00,4057.85,4058.62,4056.25,4058.14,0.0
2026-07-15 23:35:00+00:00,4058.14,4059.39,4056.99,4057.2,0.0
2026-07-15 23:40:00+00:00,4057.23,4058.38,4055.82,4057.9,0.0
2026-07-15 23:45:00+00:00,4057.94,4059.63,4056.38,4058.58,0.0
2026-07-15 23:50:00+00:00,4058.57,4060.78,4056.88,4058.1,0.0
2026-07-15 23:55:00+00:00,4058.24,4059.47,4057.88,4057.96,0.0
2026-07-16 00:00:00+00:00,4058.0,4059.49,4056.48,4057.95,0.0
2026-07-16 00:05:00+00:00,4057.92,4058.26,4055.06,4055.51,0.0
2026-07-16 00:10:00+00:00,4055.51,4057.16,4055.03,4056.49,0.0
2026-07-16 00:15:00+00:00,4056.48,4057.43,4056.09,4056.9,0.0
2026-07-16 00:20:00+00:00,4056.86,4060.4,4055.19,4059.02,0.0
2026-07-16 00:25:00+00:00,4058.78,4060.31,4057.88,4058.49,0.0
2026-07-16 00:30:00+00:00,4058.48,4060.84,4058.35,4060.84,0.0
2026-07-16 00:35:00+00:00,4060.85,4061.08,4058.46,4058.48,0.0
2026-07-16 00:40:00+00:00,4058.49,4058.61,4054.36,4055.19,0.0
2026-07-16 00:45:00+00:00,4055.17,4059.88,4055.17,4059.34,0.0
2026-07-16 00:50:00+00:00,4059.34,4060.94,4053.4,4053.7,0.0
2026-07-16 00:55:00+00:00,4053.47,4053.47,4044.31,4044.67,0.0
2026-07-16 01:00:00+00:00,4044.7,4050.52,4041.25,4045.3,0.0
2026-07-16 01:05:00+00:00,4045.15,4046.67,4042.88,4045.78,0.0
2026-07-16 01:10:00+00:00,4045.86,4049.14,4042.82,4045.43,0.0
2026-07-16 01:15:00+00:00,4045.4,4045.46,4039.36,4040.88,0.0
2026-07-16 01:20:00+00:00,4040.92,4044.08,4035.87,4037.77,0.0
2026-07-16 01:25:00+00:00,4037.84,4039.03,4034.14,4036.61,0.0
2026-07-16 01:30:00+00:00,4037.1,4041.58,4036.99,4041.43,0.0
2026-07-16 01:35:00+00:00,4041.53,4044.97,4040.76,4044.63,0.0
2026-07-16 01:40:00+00:00,4044.63,4046.05,4041.37,4041.83,0.0
2026-07-16 01:45:00+00:00,4042.22,4043.94,4040.17,4041.73,0.0
2026-07-16 01:50:00+00:00,4041.5,4041.5,4037.45,4038.71,0.0
2026-07-16 01:55:00+00:00,4038.83,4041.01,4038.46,4039.1,0.0
2026-07-16 02:00:00+00:00,4039.15,4040.05,4036.49,4036.49,0.0
2026-07-16 02:05:00+00:00,4036.41,4036.8,4032.94,4033.18,0.0
2026-07-16 02:10:00+00:00,4033.14,4035.3,4031.4,4032.58,0.0
2026-07-16 02:15:00+00:00,4032.67,4033.28,4029.03,4033.19,0.0
2026-07-16 02:20:00+00:00,4033.19,4035.03,4031.7,4033.03,0.0
2026-07-16 02:25:00+00:00,4033.27,4035.0,4032.29,4034.71,0.0
2026-07-16 02:30:00+00:00,4034.8,4035.83,4030.7,4031.83,0.0
2026-07-16 02:35:00+00:00,4031.8,4033.01,4026.24,4027.38,0.0
2026-07-16 02:40:00+00:00,4027.4,4028.42,4024.71,4027.86,0.0
2026-07-16 02:45:00+00:00,4027.86,4030.27,4027.66,4029.54,0.0
2026-07-16 02:50:00+00:00,4029.57,4029.86,4025.16,4029.16,0.0
2026-07-16 02:55:00+00:00,4029.55,4032.55,4028.95,4031.85,0.0
2026-07-16 03:00:00+00:00,4031.54,4032.11,4030.36,4030.69,0.0
2026-07-16 03:05:00+00:00,4030.81,4033.06,4030.54,4032.72,0.0
2026-07-16 03:10:00+00:00,4032.72,4033.13,4029.49,4029.96,0.0
2026-07-16 03:15:00+00:00,4029.97,4031.63,4029.41,4030.04,0.0
2026-07-16 03:20:00+00:00,4030.05,4030.82,4027.91,4029.15,0.0
2026-07-16 03:25:00+00:00,4029.17,4034.09,4029.09,4033.96,0.0
2026-07-16 03:30:00+00:00,4034.03,4034.34,4032.75,4034.02,0.0
2026-07-16 03:35:00+00:00,4034.02,4035.01,4033.37,4033.52,0.0
2026-07-16 03:40:00+00:00,4033.38,4036.33,4033.38,4035.65,0.0
2026-07-16 03:45:00+00:00,4035.61,4035.7,4034.36,4034.98,0.0
2026-07-16 03:50:00+00:00,4034.98,4036.64,4034.87,4035.81,0.0
2026-07-16 03:55:00+00:00,4035.81,4036.96,4035.52,4036.37,0.0
2026-07-16 04:00:00+00:00,4036.36,4036.48,4033.74,4033.84,0.0
2026-07-16 04:05:00+00:00,4033.86,4034.2,4032.06,4032.06,0.0
2026-07-16 04:10:00+00:00,4032.14,4037.86,4032.09,4037.07,0.0
2026-07-16 04:15:00+00:00,4037.06,4037.06,4032.94,4033.43,0.0
2026-07-16 04:20:00+00:00,4033.41,4035.47,4033.01,4033.56,0.0
2026-07-16 04:25:00+00:00,4033.57,4034.07,4032.17,4034.07,0.0
2026-07-16 04:30:00+00:00,4034.08,4035.47,4032.21,4033.01,0.0
2026-07-16 04:35:00+00:00,4033.04,4034.11,4032.76,4033.64,0.0
2026-07-16 04:40:00+00:00,4033.64,4034.38,4032.71,4032.73,0.0
2026-07-16 04:45:00+00:00,4032.75,4035.35,4032.48,4034.56,0.0
2026-07-16 04:50:00+00:00,4034.57,4035.11,4034.31,4034.98,0.0
2026-07-16 04:55:00+00:00,4034.97,4034.97,4033.22,4033.27,0.0
2026-07-16 05:00:00+00:00,4033.27,4033.98,4031.05,4032.05,0.0
2026-07-16 05:05:00+00:00,4032.05,4032.48,4030.78,4031.53,0.0
2026-07-16 05:10:00+00:00,4031.52,4031.52,4029.62,4030.86,0.0
2026-07-16 05:15:00+00:00,4030.93,4033.02,4029.12,4029.53,0.0
2026-07-16 05:20:00+00:00,4029.48,4029.53,4027.38,4027.41,0.0
2026-07-16 05:25:00+00:00,4027.46,4029.45,4027.01,4027.37,0.0
2026-07-16 05:30:00+00:00,4027.8,4031.71,4026.56,4030.48,0.0
2026-07-16 05:35:00+00:00,4030.23,4030.98,4027.64,4029.73,0.0
2026-07-16 05:40:00+00:00,4029.7,4033.07,4027.09,4032.45,0.0
2026-07-16 05:45:00+00:00,4032.43,4032.74,4027.4,4027.53,0.0
2026-07-16 05:50:00+00:00,4027.66,4030.69,4025.7,4027.06,0.0
2026-07-16 05:55:00+00:00,4026.96,4029.17,4026.96,4027.39,0.0
2026-07-16 06:00:00+00:00,4027.43,4033.04,4027.25,4031.81,0.0
2026-07-16 06:05:00+00:00,4031.41,4036.28,4031.41,4034.91,0.0
2026-07-16 06:10:00+00:00,4035.01,4035.12,4031.1,4032.24,0.0
2026-07-16 06:15:00+00:00,4032.28,4032.78,4028.29,4029.28,0.0
2026-07-16 06:20:00+00:00,4029.51,4031.74,4028.18,4031.74,0.0
2026-07-16 06:25:00+00:00,4031.68,4032.09,4030.72,4030.72,0.0
2026-07-16 06:30:00+00:00,4030.52,4030.65,4026.84,4027.23,0.0
2026-07-16 06:35:00+00:00,4026.99,4026.99,4023.43,4026.81,0.0
2026-07-16 06:40:00+00:00,4026.75,4027.16,4025.14,4026.98,0.0
2026-07-16 06:45:00+00:00,4027.07,4029.02,4026.57,4028.41,0.0
2026-07-16 06:50:00+00:00,4028.35,4030.23,4027.96,4030.22,0.0
2026-07-16 06:55:00+00:00,4030.24,4031.48,4030.24,4030.77,0.0
2026-07-16 07:00:00+00:00,4030.72,4030.72,4027.55,4029.45,0.0
2026-07-16 07:05:00+00:00,4029.43,4029.88,4028.19,4029.36,0.0
2026-07-16 07:10:00+00:00,4029.38,4029.86,4025.83,4026.45,0.0
2026-07-16 07:15:00+00:00,4026.43,4026.48,4023.94,4024.85,0.0
2026-07-16 07:20:00+00:00,4024.86,4027.03,4024.83,4025.41,0.0
2026-07-16 07:25:00+00:00,4025.4,4026.81,4024.3,4024.6,0.0
2026-07-16 07:30:00+00:00,4024.63,4025.41,4023.21,4024.16,0.0
2026-07-16 07:35:00+00:00,4024.17,4025.81,4023.64,4025.36,0.0
2026-07-16 07:40:00+00:00,4025.36,4028.41,4025.36,4026.24,0.0
2026-07-16 07:45:00+00:00,4026.21,4031.88,4026.07,4030.69,0.0
2026-07-16 07:50:00+00:00,4030.76,4030.99,4026.78,4028.39,0.0
2026-07-16 07:55:00+00:00,4028.39,4031.25,4028.25,4030.87,0.0
2026-07-16 08:00:00+00:00,4030.84,4034.15,4029.76,4030.09,0.0
2026-07-16 08:05:00+00:00,4030.09,4030.94,4028.45,4028.5,0.0
2026-07-16 08:10:00+00:00,4028.47,4029.26,4025.66,4025.96,0.0
2026-07-16 08:15:00+00:00,4025.99,4029.42,4025.46,4029.4,0.0
2026-07-16 08:20:00+00:00,4029.41,4032.13,4029.28,4031.76,0.0
2026-07-16 08:25:00+00:00,4031.75,4033.79,4031.42,4032.34,0.0
2026-07-16 08:30:00+00:00,4032.41,4035.06,4032.28,4032.43,0.0
2026-07-16 08:35:00+00:00,4032.45,4035.65,4032.45,4033.58,0.0
2026-07-16 08:40:00+00:00,4033.58,4034.37,4032.17,4033.69,0.0
2026-07-16 08:45:00+00:00,4033.7,4036.6,4033.7,4035.66,0.0
2026-07-16 08:50:00+00:00,4035.65,4035.89,4033.37,4033.5,0.0
2026-07-16 08:55:00+00:00,4033.47,4035.81,4033.24,4035.39,0.0
2026-07-16 09:00:00+00:00,4035.38,4037.34,4035.38,4035.64,0.0
2026-07-16 09:05:00+00:00,4035.64,4036.83,4035.52,4036.49,0.0
2026-07-16 09:10:00+00:00,4036.49,4037.51,4035.89,4036.97,0.0
2026-07-16 09:15:00+00:00,4036.98,4037.56,4036.1,4036.23,0.0
2026-07-16 09:20:00+00:00,4036.31,4036.35,4032.59,4032.82,0.0
2026-07-16 09:25:00+00:00,4032.82,4033.99,4031.16,4033.29,0.0
2026-07-16 09:30:00+00:00,4033.26,4034.22,4030.59,4032.0,0.0
2026-07-16 09:35:00+00:00,4031.96,4034.72,4031.54,4033.37,0.0
2026-07-16 09:40:00+00:00,4033.36,4035.07,4033.02,4034.36,0.0
2026-07-16 09:45:00+00:00,4034.37,4034.51,4031.78,4032.48,0.0
2026-07-16 09:50:00+00:00,4032.47,4036.32,4032.29,4035.87,0.0
2026-07-16 09:55:00+00:00,4035.85,4036.22,4031.85,4031.9,0.0
2026-07-16 10:00:00+00:00,4031.81,4032.3,4029.98,4031.13,0.0
2026-07-16 10:05:00+00:00,4031.16,4032.7,4030.54,4032.52,0.0
2026-07-16 10:10:00+00:00,4032.52,4032.83,4029.81,4031.8,0.0
2026-07-16 10:15:00+00:00,4031.9,4033.11,4031.82,4032.66,0.0
2026-07-16 10:20:00+00:00,4032.64,4034.66,4031.8,4034.61,0.0
2026-07-16 10:25:00+00:00,4034.66,4034.69,4031.9,4033.4,0.0
2026-07-16 10:30:00+00:00,4033.38,4033.92,4031.8,4033.77,0.0
2026-07-16 10:35:00+00:00,4033.83,4034.26,4031.8,4031.8,0.0
2026-07-16 10:40:00+00:00,4031.95,4034.66,4031.9,4033.22,0.0
2026-07-16 10:45:00+00:00,4033.21,4033.32,4030.83,4031.02,0.0
2026-07-16 10:50:00+00:00,4031.03,4032.17,4030.45,4031.61,0.0
2026-07-16 10:55:00+00:00,4031.58,4031.92,4028.78,4029.66,0.0
2026-07-16 11:00:00+00:00,4029.64,4030.29,4028.04,4028.75,0.0
2026-07-16 11:05:00+00:00,4028.69,4029.61,4027.96,4029.49,0.0
2026-07-16 11:10:00+00:00,4029.54,4029.89,4026.65,4028.26,0.0
2026-07-16 11:15:00+00:00,4028.15,4028.15,4025.33,4026.49,0.0
2026-07-16 11:20:00+00:00,4026.46,4027.24,4024.99,4025.11,0.0
2026-07-16 11:25:00+00:00,4025.11,4027.64,4021.54,4024.51,0.0
2026-07-16 11:30:00+00:00,4024.53,4030.28,4023.78,4029.9,0.0
2026-07-16 11:35:00+00:00,4029.91,4032.31,4029.22,4030.95,0.0
2026-07-16 11:40:00+00:00,4030.9,4035.9,4030.52,4034.67,0.0
2026-07-16 11:45:00+00:00,4034.97,4042.22,4030.03,4030.58,0.0
2026-07-16 11:50:00+00:00,4031.91,4040.13,4030.28,4039.66,0.0
2026-07-16 11:55:00+00:00,4039.66,4041.53,4037.32,4038.43,0.0
2026-07-16 12:00:00+00:00,4038.53,4043.35,4036.41,4042.59,0.0
2026-07-16 12:05:00+00:00,4042.48,4043.41,4032.65,4033.45,0.0
2026-07-16 12:10:00+00:00,4033.43,4033.43,4028.0,4032.08,0.0
2026-07-16 12:15:00+00:00,4031.94,4032.29,4013.11,4028.74,0.0
2026-07-16 12:20:00+00:00,4028.89,4029.13,4020.65,4021.12,0.0
2026-07-16 12:25:00+00:00,4021.18,4025.61,4017.14,4025.3,0.0
2026-07-16 12:30:00+00:00,4025.13,4029.28,4020.47,4022.9,0.0
2026-07-16 12:35:00+00:00,4022.85,4023.05,4015.05,4015.24,0.0
2026-07-16 12:40:00+00:00,4015.17,4015.29,4000.83,4002.89,0.0
2026-07-16 12:45:00+00:00,4002.89,4008.86,3999.62,3999.96,0.0
2026-07-16 12:50:00+00:00,3999.68,4002.37,3995.01,3996.21,0.0
2026-07-16 12:55:00+00:00,3996.21,3997.07,3990.75,3993.06,0.0
2026-07-16 13:00:00+00:00,3992.48,3996.85,3975.69,3978.33,0.0
2026-07-16 13:05:00+00:00,3978.32,3986.34,3974.55,3983.77,0.0
2026-07-16 13:10:00+00:00,3984.05,3993.46,3982.47,3992.49,0.0
2026-07-16 13:15:00+00:00,3992.44,3995.82,3991.48,3995.09,0.0
2026-07-16 13:20:00+00:00,3995.34,3999.57,3991.46,3999.19,0.0
2026-07-16 13:25:00+00:00,3999.15,4006.19,3998.37,4005.94,0.0
2026-07-16 13:30:00+00:00,4005.66,4008.52,3993.66,3993.89,0.0
2026-07-16 13:35:00+00:00,3993.4,3994.01,3982.12,3983.31,0.0
2026-07-16 13:40:00+00:00,3983.6,3989.23,3983.6,3986.8,0.0
2026-07-16 13:45:00+00:00,3986.52,3993.24,3986.5,3992.2,0.0
2026-07-16 13:50:00+00:00,3992.05,3997.1,3992.05,3994.28,0.0
2026-07-16 13:55:00+00:00,3994.32,3994.32,3988.21,3990.43,0.0
2026-07-16 14:00:00+00:00,3990.33,3997.36,3989.83,3996.93,0.0
2026-07-16 14:05:00+00:00,3997.03,3997.03,3991.31,3993.24,0.0
2026-07-16 14:10:00+00:00,3992.84,3994.01,3987.43,3989.21,0.0
2026-07-16 14:15:00+00:00,3989.19,3997.33,3988.0,3995.69,0.0
2026-07-16 14:20:00+00:00,3995.81,3996.18,3990.81,3992.33,0.0
2026-07-16 14:25:00+00:00,3992.34,4000.6,3991.9,3999.44,0.0
2026-07-16 14:30:00+00:00,3999.41,4004.47,3995.73,4002.61,0.0
2026-07-16 14:35:00+00:00,4002.72,4003.84,3999.11,3999.83,0.0
2026-07-16 14:40:00+00:00,3999.84,4004.74,3999.84,4004.6,0.0
2026-07-16 14:45:00+00:00,4004.83,4006.55,3999.37,3999.37,0.0
2026-07-16 14:50:00+00:00,3999.42,4000.5,3995.14,3995.54,0.0
2026-07-16 14:55:00+00:00,3995.48,3999.19,3992.63,3997.92,0.0
2026-07-16 15:00:00+00:00,3997.96,3998.68,3992.67,3993.28,0.0
2026-07-16 15:05:00+00:00,3993.16,3995.84,3990.47,3995.38,0.0
2026-07-16 15:10:00+00:00,3995.32,3995.32,3989.58,3992.97,0.0
2026-07-16 15:15:00+00:00,3992.94,3999.13,3992.94,3998.96,0.0
2026-07-16 15:20:00+00:00,3998.85,4009.21,3998.67,4008.1,0.0
2026-07-16 15:25:00+00:00,4007.84,4016.88,4007.28,4011.74,0.0
2026-07-16 15:30:00+00:00,4011.53,4014.95,4007.91,4014.27,0.0
2026-07-16 15:35:00+00:00,4014.48,4016.3,4010.99,4014.33,0.0
2026-07-16 15:40:00+00:00,4014.17,4014.28,4009.65,4010.77,0.0
2026-07-16 15:45:00+00:00,4010.52,4011.59,4008.5,4010.83,0.0
2026-07-16 15:50:00+00:00,4010.85,4013.15,4008.62,4009.15,0.0
2026-07-16 15:55:00+00:00,4009.15,4009.49,4005.72,4007.06,0.0
2026-07-16 16:00:00+00:00,4007.02,4007.67,3999.08,3999.41,0.0
2026-07-16 16:05:00+00:00,3999.75,4001.11,3997.58,3998.57,0.0
2026-07-16 16:10:00+00:00,3998.65,3998.65,3990.38,3990.38,0.0
2026-07-16 16:15:00+00:00,3989.96,3991.66,3985.72,3987.08,0.0
2026-07-16 16:20:00+00:00,3987.16,3989.37,3982.84,3986.86,0.0
2026-07-16 16:25:00+00:00,3986.87,3988.0,3984.83,3987.57,0.0
2026-07-16 16:30:00+00:00,3987.61,3989.99,3987.09,3989.35,0.0
2026-07-16 16:35:00+00:00,3989.33,3992.0,3989.21,3991.26,0.0
2026-07-16 16:40:00+00:00,3991.24,3992.63,3988.42,3992.33,0.0
2026-07-16 16:45:00+00:00,3992.14,3992.8,3989.47,3992.27,0.0
2026-07-16 16:50:00+00:00,3992.22,3995.78,3991.35,3994.71,0.0
2026-07-16 16:55:00+00:00,3994.67,3996.97,3992.01,3992.13,0.0
2026-07-16 17:00:00+00:00,3992.1,3992.87,3990.23,3991.29,0.0
2026-07-16 17:05:00+00:00,3991.29,3991.57,3987.6,3988.11,0.0
2026-07-16 17:10:00+00:00,3987.94,3988.63,3984.9,3985.76,0.0
2026-07-16 17:15:00+00:00,3985.84,3988.16,3985.41,3987.8,0.0
2026-07-16 17:20:00+00:00,3987.85,3988.77,3985.85,3986.52,0.0
2026-07-16 17:25:00+00:00,3986.5,3988.52,3982.97,3987.82,0.0
2026-07-16 17:30:00+00:00,3987.71,3988.71,3983.28,3984.39,0.0
2026-07-16 17:35:00+00:00,3984.46,3985.71,3981.62,3982.4,0.0
2026-07-16 17:40:00+00:00,3982.56,3983.22,3980.42,3981.71,0.0
2026-07-16 17:45:00+00:00,3981.69,3986.29,3981.26,3985.0,0.0
2026-07-16 17:50:00+00:00,3985.01,3987.59,3984.52,3986.68,0.0
2026-07-16 17:55:00+00:00,3986.71,3986.71,3983.83,3984.75,0.0
2026-07-16 18:00:00+00:00,3984.69,3987.01,3984.0,3985.58,0.0
2026-07-16 18:05:00+00:00,3985.6,3988.2,3983.74,3987.42,0.0
2026-07-16 18:10:00+00:00,3987.3,3989.41,3985.45,3985.45,0.0
2026-07-16 18:15:00+00:00,3985.36,3988.66,3984.48,3988.22,0.0
2026-07-16 18:20:00+00:00,3988.21,3990.46,3986.97,3986.98,0.0
2026-07-16 18:25:00+00:00,3986.94,3987.69,3985.65,3986.48,0.0
2026-07-16 18:30:00+00:00,3986.47,3986.47,3979.27,3979.4,0.0
2026-07-16 18:35:00+00:00,3979.34,3979.53,3976.67,3978.52,0.0
2026-07-16 18:40:00+00:00,3978.58,3983.66,3977.86,3983.2,0.0
2026-07-16 18:45:00+00:00,3983.16,3984.97,3982.25,3983.13,0.0
2026-07-16 18:50:00+00:00,3983.08,3984.04,3980.56,3981.32,0.0
2026-07-16 18:55:00+00:00,3981.28,3982.77,3979.66,3980.48,0.0
2026-07-16 19:00:00+00:00,3980.43,3985.61,3979.32,3985.11,0.0
2026-07-16 19:05:00+00:00,3985.2,3986.15,3982.12,3982.79,0.0
2026-07-16 19:10:00+00:00,3982.8,3982.8,3979.11,3980.58,0.0
2026-07-16 19:15:00+00:00,3980.54,3982.75,3980.08,3982.71,0.0
2026-07-16 19:20:00+00:00,3982.75,3984.11,3980.53,3981.34,0.0
2026-07-16 19:25:00+00:00,3981.27,3981.94,3978.71,3978.98,0.0
2026-07-16 19:30:00+00:00,3978.96,3979.57,3974.86,3975.29,0.0
2026-07-16 19:35:00+00:00,3975.09,3975.41,3969.75,3975.18,0.0
2026-07-16 19:40:00+00:00,3975.26,3977.54,3975.24,3975.85,0.0
2026-07-16 19:45:00+00:00,3975.85,3976.88,3973.23,3975.08,0.0
2026-07-16 19:50:00+00:00,3975.1,3982.5,3974.08,3981.47,0.0
2026-07-16 19:55:00+00:00,3981.51,3981.86,3976.56,3979.92,0.0
2026-07-16 20:00:00+00:00,3980.02,3980.16,3977.13,3978.13,0.0
2026-07-16 20:05:00+00:00,3978.1,3978.1,3975.47,3976.4,0.0
2026-07-16 20:10:00+00:00,3976.4,3976.8,3974.75,3975.19,0.0
2026-07-16 20:15:00+00:00,3975.19,3975.43,3972.66,3972.95,0.0
2026-07-16 20:20:00+00:00,3972.81,3973.28,3972.02,3972.69,0.0
2026-07-16 20:25:00+00:00,3972.75,3975.4,3972.24,3974.9,0.0
2026-07-16 20:30:00+00:00,3974.91,3975.38,3973.63,3975.03,0.0
2026-07-16 20:35:00+00:00,3974.99,3976.44,3974.99,3975.21,0.0
2026-07-16 20:40:00+00:00,3975.26,3975.67,3974.67,3974.82,0.0
2026-07-16 20:45:00+00:00,3974.68,3976.42,3974.67,3974.86,0.0
2026-07-16 20:50:00+00:00,3974.83,3975.86,3974.49,3975.86,0.0
2026-07-16 20:55:00+00:00,3975.86,3976.83,3974.96,3976.51,0.0
2026-07-16 22:00:00+00:00,3978.28,3980.42,3976.55,3979.02,0.0
2026-07-16 22:05:00+00:00,3978.78,3978.78,3976.68,3977.98,0.0
2026-07-16 22:10:00+00:00,3978.06,3978.21,3976.15,3976.32,0.0
2026-07-16 22:15:00+00:00,3976.36,3977.56,3975.73,3975.84,0.0
2026-07-16 22:20:00+00:00,3975.92,3976.21,3974.85,3975.2,0.0
2026-07-16 22:25:00+00:00,3975.2,3976.11,3974.95,3975.97,0.0
2026-07-16 22:30:00+00:00,3976.58,3976.98,3974.69,3976.19,0.0
2026-07-16 22:35:00+00:00,3976.12,3977.06,3975.55,3975.98,0.0
2026-07-16 22:40:00+00:00,3975.98,3976.42,3974.09,3974.12,0.0
2026-07-16 22:45:00+00:00,3973.66,3974.55,3973.32,3973.67,0.0
2026-07-16 22:50:00+00:00,3973.68,3975.53,3973.68,3975.35,0.0
2026-07-16 22:55:00+00:00,3975.35,3978.54,3975.35,3978.44,0.0
2026-07-16 23:00:00+00:00,3978.41,3978.85,3975.75,3978.44,0.0
2026-07-16 23:05:00+00:00,3978.45,3979.45,3978.09,3978.7,0.0
2026-07-16 23:10:00+00:00,3978.7,3980.39,3978.2,3980.23,0.0
2026-07-16 23:15:00+00:00,3980.21,3980.62,3979.08,3979.21,0.0
2026-07-16 23:20:00+00:00,3979.22,3979.23,3977.9,3978.54,0.0
2026-07-16 23:25:00+00:00,3978.52,3980.72,3978.5,3978.51,0.0
2026-07-16 23:30:00+00:00,3978.6,3978.85,3975.72,3977.38,0.0
2026-07-16 23:35:00+00:00,3977.33,3981.05,3977.33,3979.71,0.0
2026-07-16 23:40:00+00:00,3979.7,3981.8,3979.7,3981.56,0.0
2026-07-16 23:45:00+00:00,3981.55,3981.66,3976.78,3978.38,0.0
2026-07-16 23:50:00+00:00,3978.51,3980.88,3978.51,3980.45,0.0
2026-07-16 23:55:00+00:00,3980.44,3986.54,3980.39,3986.14,0.0
2026-07-17 00:00:00+00:00,3986.15,3986.7,3983.58,3985.0,0.0
2026-07-17 00:05:00+00:00,3985.09,3987.44,3983.72,3986.1,0.0
2026-07-17 00:10:00+00:00,3986.11,3987.05,3983.24,3983.35,0.0
2026-07-17 00:15:00+00:00,3983.81,3991.08,3983.81,3988.22,0.0
2026-07-17 00:20:00+00:00,3988.22,3990.47,3986.9,3986.94,0.0
2026-07-17 00:25:00+00:00,3986.85,3986.85,3984.38,3984.84,0.0
2026-07-17 00:30:00+00:00,3984.99,3985.11,3980.97,3981.72,0.0
2026-07-17 00:35:00+00:00,3981.59,3984.76,3981.24,3981.53,0.0
2026-07-17 00:40:00+00:00,3981.5,3982.66,3980.84,3982.18,0.0
2026-07-17 00:45:00+00:00,3982.19,3987.56,3981.87,3986.5,0.0
2026-07-17 00:50:00+00:00,3986.56,3988.36,3986.02,3987.16,0.0
2026-07-17 00:55:00+00:00,3987.17,3992.02,3986.01,3991.95,0.0
2026-07-17 01:00:00+00:00,3991.95,3992.11,3987.49,3989.01,0.0
2026-07-17 01:05:00+00:00,3988.67,3994.92,3988.64,3990.46,0.0
2026-07-17 01:10:00+00:00,3990.72,3993.47,3988.82,3991.99,0.0
2026-07-17 01:15:00+00:00,3992.17,3996.06,3991.31,3994.03,0.0
2026-07-17 01:20:00+00:00,3993.76,3995.42,3989.36,3990.65,0.0
2026-07-17 01:25:00+00:00,3990.73,3992.14,3988.24,3991.23,0.0
2026-07-17 01:30:00+00:00,3991.22,3993.0,3989.15,3992.8,0.0
2026-07-17 01:35:00+00:00,3992.63,3995.42,3991.26,3992.71,0.0
2026-07-17 01:40:00+00:00,3992.39,3994.69,3990.26,3991.54,0.0
2026-07-17 01:45:00+00:00,3991.53,3992.67,3983.92,3984.03,0.0
2026-07-17 01:50:00+00:00,3984.12,3985.08,3979.96,3980.23,0.0
2026-07-17 01:55:00+00:00,3980.11,3983.51,3979.39,3983.38,0.0
2026-07-17 02:00:00+00:00,3983.35,3987.33,3981.82,3983.33,0.0
2026-07-17 02:05:00+00:00,3983.27,3983.35,3980.25,3980.29,0.0
2026-07-17 02:10:00+00:00,3980.29,3982.08,3980.11,3981.09,0.0
2026-07-17 02:15:00+00:00,3981.01,3984.29,3980.52,3983.41,0.0
2026-07-17 02:20:00+00:00,3983.31,3983.93,3981.17,3983.77,0.0
2026-07-17 02:25:00+00:00,3983.85,3984.48,3980.95,3983.3,0.0
2026-07-17 02:30:00+00:00,3983.26,3984.24,3976.27,3977.51,0.0
2026-07-17 02:35:00+00:00,3977.71,3978.98,3971.08,3973.41,0.0
2026-07-17 02:40:00+00:00,3973.56,3976.81,3972.77,3975.48,0.0
2026-07-17 02:45:00+00:00,3975.08,3979.47,3974.68,3977.66,0.0
2026-07-17 02:50:00+00:00,3977.64,3979.04,3975.22,3978.51,0.0
2026-07-17 02:55:00+00:00,3978.2,3980.1,3977.24,3979.11,0.0
2026-07-17 03:00:00+00:00,3979.32,3989.71,3979.01,3989.23,0.0
2026-07-17 03:05:00+00:00,3989.07,3992.48,3988.18,3990.61,0.0
2026-07-17 03:10:00+00:00,3990.38,3990.6,3987.82,3988.83,0.0
2026-07-17 03:15:00+00:00,3988.82,4002.73,3988.82,4002.73,0.0
2026-07-17 03:20:00+00:00,4002.72,4008.07,4002.72,4003.17,0.0
2026-07-17 03:25:00+00:00,4003.19,4003.82,3998.82,4001.31,0.0
2026-07-17 03:30:00+00:00,4001.17,4001.36,3996.06,3997.6,0.0
2026-07-17 03:35:00+00:00,3998.15,4000.45,3997.11,3999.22,0.0
2026-07-17 03:40:00+00:00,3999.21,4000.15,3996.43,3997.58,0.0
2026-07-17 03:45:00+00:00,3997.58,3998.64,3994.64,3995.06,0.0
2026-07-17 03:50:00+00:00,3995.09,3995.96,3992.97,3993.44,0.0
2026-07-17 03:55:00+00:00,3993.48,3993.48,3990.91,3991.47,0.0
2026-07-17 04:00:00+00:00,3991.52,3991.74,3988.8,3989.68,0.0
2026-07-17 04:05:00+00:00,3989.66,3990.54,3987.86,3987.86,0.0
2026-07-17 04:10:00+00:00,3987.84,3989.68,3987.61,3988.94,0.0
2026-07-17 04:15:00+00:00,3988.93,3990.09,3986.8,3988.92,0.0
2026-07-17 04:20:00+00:00,3988.95,3990.31,3986.1,3986.96,0.0
2026-07-17 04:25:00+00:00,3986.85,3987.17,3985.37,3986.36,0.0
2026-07-17 04:30:00+00:00,3986.39,3988.21,3984.03,3985.06,0.0
2026-07-17 04:35:00+00:00,3985.08,3986.37,3981.17,3983.63,0.0
2026-07-17 04:40:00+00:00,3983.63,3983.84,3980.36,3982.05,0.0
2026-07-17 04:45:00+00:00,3982.05,3984.69,3981.83,3981.91,0.0
2026-07-17 04:50:00+00:00,3981.9,3982.56,3980.46,3981.19,0.0
2026-07-17 04:55:00+00:00,3981.19,3982.05,3981.19,3981.83,0.0
2026-07-17 05:00:00+00:00,3981.84,3982.85,3980.1,3982.8,0.0
2026-07-17 05:05:00+00:00,3982.8,3982.8,3977.34,3978.3,0.0
2026-07-17 05:10:00+00:00,3978.28,3981.16,3978.23,3979.75,0.0
2026-07-17 05:15:00+00:00,3979.74,3980.39,3976.36,3976.43,0.0
2026-07-17 05:20:00+00:00,3976.11,3980.13,3975.45,3979.24,0.0
2026-07-17 05:25:00+00:00,3979.29,3981.48,3978.24,3980.15,0.0
2026-07-17 05:30:00+00:00,3979.95,3986.3,3979.2,3982.96,0.0
2026-07-17 05:35:00+00:00,3982.74,3985.97,3981.69,3985.97,0.0
2026-07-17 05:40:00+00:00,3985.95,3990.44,3984.82,3986.82,0.0
2026-07-17 05:45:00+00:00,3986.83,3989.23,3982.1,3988.11,0.0
2026-07-17 05:50:00+00:00,3988.13,3991.5,3987.39,3990.0,0.0
2026-07-17 05:55:00+00:00,3990.01,3990.01,3984.77,3985.16,0.0
2026-07-17 06:00:00+00:00,3985.16,3992.17,3985.16,3991.97,0.0
2026-07-17 06:05:00+00:00,3992.15,3993.01,3988.17,3988.76,0.0
2026-07-17 06:10:00+00:00,3988.77,4000.88,3988.77,3999.78,0.0
2026-07-17 06:15:00+00:00,3999.8,4002.53,3998.08,4002.28,0.0
2026-07-17 06:20:00+00:00,4002.34,4005.77,4002.0,4003.74,0.0
2026-07-17 06:25:00+00:00,4003.39,4005.22,4001.18,4004.47,0.0
2026-07-17 06:30:00+00:00,4003.98,4007.16,4003.9,4004.94,0.0
2026-07-17 06:35:00+00:00,4004.85,4004.96,3998.76,3999.65,0.0
2026-07-17 06:40:00+00:00,3999.77,4000.07,3995.89,3996.32,0.0
2026-07-17 06:45:00+00:00,3996.33,4000.04,3996.16,3998.87,0.0
2026-07-17 06:50:00+00:00,3997.98,3999.46,3996.72,3997.44,0.0
2026-07-17 06:55:00+00:00,3997.41,4001.59,3997.41,3999.39,0.0
2026-07-17 07:00:00+00:00,3999.42,4002.43,3996.99,4001.13,0.0
2026-07-17 07:05:00+00:00,4000.99,4001.71,3994.7,3995.17,0.0
2026-07-17 07:10:00+00:00,3995.17,3996.9,3993.52,3996.71,0.0
2026-07-17 07:15:00+00:00,3996.62,3999.22,3996.04,3997.27,0.0
2026-07-17 07:20:00+00:00,3997.21,3997.54,3994.2,3997.14,0.0
2026-07-17 07:25:00+00:00,3997.25,3998.18,3995.76,3996.3,0.0
2026-07-17 07:30:00+00:00,3996.46,3998.23,3995.34,3996.49,0.0
2026-07-17 07:35:00+00:00,3996.38,3996.97,3994.32,3996.97,0.0
2026-07-17 07:40:00+00:00,3996.9,3998.68,3994.34,3998.68,0.0
2026-07-17 07:45:00+00:00,3998.69,3998.72,3995.75,3996.12,0.0
2026-07-17 07:50:00+00:00,3996.44,3997.19,3994.58,3994.98,0.0
2026-07-17 07:55:00+00:00,3994.98,3995.8,3992.85,3993.01,0.0
2026-07-17 08:00:00+00:00,3992.88,3999.86,3992.59,3999.3,0.0
2026-07-17 08:05:00+00:00,3999.25,3999.25,3996.61,3997.58,0.0
2026-07-17 08:10:00+00:00,3997.58,3997.58,3991.6,3993.29,0.0
2026-07-17 08:15:00+00:00,3993.3,3994.72,3989.62,3990.12,0.0
2026-07-17 08:20:00+00:00,3990.21,3993.06,3990.21,3992.54,0.0
2026-07-17 08:25:00+00:00,3992.47,3995.02,3988.59,3992.51,0.0
2026-07-17 08:30:00+00:00,3992.47,3993.42,3989.96,3991.46,0.0
2026-07-17 08:35:00+00:00,3991.41,3992.06,3988.14,3988.97,0.0
2026-07-17 08:40:00+00:00,3989.16,3993.33,3989.08,3993.33,0.0
2026-07-17 08:45:00+00:00,3993.39,3999.42,3991.82,3998.5,0.0
2026-07-17 08:50:00+00:00,3998.59,3998.59,3994.07,3995.09,0.0
2026-07-17 08:55:00+00:00,3995.07,3998.12,3993.84,3994.26,0.0
2026-07-17 09:00:00+00:00,3994.25,3995.43,3992.95,3993.86,0.0
2026-07-17 09:05:00+00:00,3993.89,3997.69,3993.88,3995.97,0.0
2026-07-17 09:10:00+00:00,3995.95,3998.49,3995.35,3998.05,0.0
2026-07-17 09:15:00+00:00,3998.01,3998.39,3995.94,3996.2,0.0
2026-07-17 09:20:00+00:00,3996.16,4001.85,3995.76,4001.81,0.0
2026-07-17 09:25:00+00:00,4002.04,4002.49,3998.29,3999.08,0.0
2026-07-17 09:30:00+00:00,3999.09,3999.64,3995.42,3995.66,0.0
2026-07-17 09:35:00+00:00,3995.66,3997.94,3995.34,3997.55,0.0
2026-07-17 09:40:00+00:00,3997.56,3999.17,3995.54,3995.77,0.0
2026-07-17 09:45:00+00:00,3995.81,3996.86,3994.84,3995.66,0.0
2026-07-17 09:50:00+00:00,3995.64,3998.67,3995.05,3997.87,0.0
2026-07-17 09:55:00+00:00,3997.89,3998.19,3996.44,3998.07,0.0
2026-07-17 10:00:00+00:00,3998.1,3998.57,3995.59,3996.2,0.0
2026-07-17 10:05:00+00:00,3996.19,3997.19,3995.04,3996.7,0.0
2026-07-17 10:10:00+00:00,3996.7,3998.41,3995.84,3997.38,0.0
2026-07-17 10:15:00+00:00,3997.38,3998.01,3994.73,3994.82,0.0
2026-07-17 10:20:00+00:00,3994.84,3999.18,3994.68,3995.85,0.0
2026-07-17 10:25:00+00:00,3995.39,3997.06,3995.09,3996.28,0.0
2026-07-17 10:30:00+00:00,3996.28,3997.61,3995.25,3996.88,0.0
2026-07-17 10:35:00+00:00,3996.83,3996.83,3994.26,3995.98,0.0
2026-07-17 10:40:00+00:00,3996.07,3996.79,3994.12,3996.55,0.0
2026-07-17 10:45:00+00:00,3996.45,3997.32,3995.36,3995.77,0.0
2026-07-17 10:50:00+00:00,3995.81,3995.89,3991.38,3993.53,0.0
2026-07-17 10:55:00+00:00,3993.53,3993.97,3990.72,3990.95,0.0
2026-07-17 11:00:00+00:00,3990.94,3994.36,3990.94,3992.6,0.0
2026-07-17 11:05:00+00:00,3992.56,3992.93,3990.8,3991.66,0.0
2026-07-17 11:10:00+00:00,3991.5,3993.11,3991.18,3991.8,0.0
2026-07-17 11:15:00+00:00,3991.77,3993.79,3990.11,3993.17,0.0
2026-07-17 11:20:00+00:00,3993.31,3996.06,3992.59,3993.54,0.0
2026-07-17 11:25:00+00:00,3993.72,3995.74,3993.21,3995.59,0.0
2026-07-17 11:30:00+00:00,3995.73,3996.45,3991.84,3992.83,0.0
2026-07-17 11:35:00+00:00,3993.09,3993.99,3991.56,3993.17,0.0
2026-07-17 11:40:00+00:00,3993.52,3994.82,3991.93,3992.3,0.0
2026-07-17 11:45:00+00:00,3992.13,3995.9,3991.61,3993.72,0.0
2026-07-17 11:50:00+00:00,3993.8,3998.87,3993.35,3998.86,0.0
2026-07-17 11:55:00+00:00,3998.8,3998.81,3993.68,3994.21,0.0
2026-07-17 12:00:00+00:00,3994.13,3995.61,3990.26,3990.36,0.0
2026-07-17 12:05:00+00:00,3990.45,3991.72,3988.81,3991.0,0.0
2026-07-17 12:10:00+00:00,3991.0,3993.8,3989.84,3990.06,0.0
2026-07-17 12:15:00+00:00,3990.05,3992.33,3989.07,3991.88,0.0
2026-07-17 12:20:00+00:00,3991.91,3991.91,3984.49,3985.77,0.0
2026-07-17 12:25:00+00:00,3985.79,3987.89,3984.6,3987.56,0.0
2026-07-17 12:30:00+00:00,3987.48,3988.42,3981.88,3981.88,0.0
2026-07-17 12:35:00+00:00,3981.89,3983.19,3977.84,3977.85,0.0
2026-07-17 12:40:00+00:00,3977.92,3978.48,3966.01,3969.54,0.0
2026-07-17 12:45:00+00:00,3969.73,3973.18,3965.59,3967.33,0.0
2026-07-17 12:50:00+00:00,3967.28,3970.99,3964.36,3968.55,0.0
2026-07-17 12:55:00+00:00,3969.03,3972.64,3964.96,3966.3,0.0
2026-07-17 13:00:00+00:00,3966.26,3975.76,3959.92,3973.82,0.0
2026-07-17 13:05:00+00:00,3974.14,3974.48,3969.28,3969.48,0.0
2026-07-17 13:10:00+00:00,3969.5,3971.56,3966.27,3970.12,0.0
2026-07-17 13:15:00+00:00,3970.13,3972.44,3967.7,3971.2,0.0
2026-07-17 13:20:00+00:00,3970.96,3974.99,3967.33,3969.52,0.0
2026-07-17 13:25:00+00:00,3969.64,3973.53,3967.93,3968.12,0.0
2026-07-17 13:30:00+00:00,3968.49,3972.41,3964.12,3966.34,0.0
2026-07-17 13:35:00+00:00,3966.12,4003.11,3966.12,3992.43,0.0
2026-07-17 13:40:00+00:00,3993.77,3993.77,3982.53,3985.12,0.0
2026-07-17 13:45:00+00:00,3985.2,3990.78,3981.54,3990.01,0.0
2026-07-17 13:50:00+00:00,3989.95,3994.21,3988.35,3989.2,0.0
2026-07-17 13:55:00+00:00,3989.17,3997.43,3988.12,3997.43,0.0
2026-07-17 14:00:00+00:00,3997.28,3999.73,3990.45,3993.96,0.0
2026-07-17 14:05:00+00:00,3994.29,4000.59,3994.29,3996.54,0.0
2026-07-17 14:10:00+00:00,3996.6,3999.7,3994.08,3995.21,0.0
2026-07-17 14:15:00+00:00,3994.7,4000.37,3993.89,3997.13,0.0
2026-07-17 14:20:00+00:00,3997.27,4003.85,3996.17,4002.67,0.0
2026-07-17 14:25:00+00:00,4002.78,4003.96,3998.06,3998.74,0.0
2026-07-17 14:30:00+00:00,3998.62,3998.69,3992.28,3994.67,0.0
2026-07-17 14:35:00+00:00,3994.65,3999.58,3994.53,3997.61,0.0
2026-07-17 14:40:00+00:00,3997.51,3998.71,3995.23,3997.79,0.0
2026-07-17 14:45:00+00:00,3997.8,4000.32,3994.89,3995.74,0.0
2026-07-17 14:50:00+00:00,3995.75,3998.89,3993.44,3994.1,0.0
2026-07-17 14:55:00+00:00,3994.27,4001.41,3993.09,4001.36,0.0
2026-07-17 15:00:00+00:00,4001.21,4013.31,3997.96,4012.46,0.0
2026-07-17 15:05:00+00:00,4012.44,4014.05,4003.27,4008.09,0.0
2026-07-17 15:10:00+00:00,4008.44,4013.2,4003.31,4006.06,0.0
2026-07-17 15:15:00+00:00,4006.11,4008.4,4004.76,4005.73,0.0
2026-07-17 15:20:00+00:00,4005.71,4012.5,4005.04,4008.74,0.0
2026-07-17 15:25:00+00:00,4008.56,4013.13,4006.38,4012.75,0.0
2026-07-17 15:30:00+00:00,4013.46,4016.03,4009.66,4010.98,0.0
2026-07-17 15:35:00+00:00,4011.09,4016.23,4010.4,4014.41,0.0
2026-07-17 15:40:00+00:00,4014.31,4015.77,4011.96,4015.58,0.0
2026-07-17 15:45:00+00:00,4015.43,4018.16,4013.85,4016.65,0.0
2026-07-17 15:50:00+00:00,4016.55,4020.97,4016.55,4020.16,0.0
2026-07-17 15:55:00+00:00,4020.34,4020.99,4017.44,4019.04,0.0
2026-07-17 16:00:00+00:00,4019.23,4019.28,4011.47,4016.91,0.0
2026-07-17 16:05:00+00:00,4017.18,4019.06,4014.65,4017.81,0.0
2026-07-17 16:10:00+00:00,4017.85,4020.45,4017.85,4018.11,0.0
2026-07-17 16:15:00+00:00,4018.08,4021.55,4018.06,4021.17,0.0
2026-07-17 16:20:00+00:00,4021.28,4023.73,4018.19,4023.68,0.0
2026-07-17 16:25:00+00:00,4023.68,4023.68,4017.03,4019.01,0.0
2026-07-17 16:30:00+00:00,4018.76,4019.32,4015.46,4016.28,0.0
2026-07-17 16:35:00+00:00,4016.26,4016.91,4013.45,4014.06,0.0
2026-07-17 16:40:00+00:00,4013.86,4017.82,4012.92,4017.58,0.0
2026-07-17 16:45:00+00:00,4017.5,4019.99,4016.52,4019.97,0.0
2026-07-17 16:50:00+00:00,4020.04,4020.4,4015.73,4016.13,0.0
2026-07-17 16:55:00+00:00,4016.07,4016.31,4014.68,4014.9,0.0
2026-07-17 17:00:00+00:00,4015.07,4019.12,4015.07,4017.13,0.0
2026-07-17 17:05:00+00:00,4017.22,4018.47,4016.5,4017.79,0.0
2026-07-17 17:10:00+00:00,4017.71,4018.27,4013.43,4013.47,0.0
2026-07-17 17:15:00+00:00,4013.47,4015.38,4013.01,4013.28,0.0
2026-07-17 17:20:00+00:00,4013.13,4015.6,4012.62,4014.64,0.0
2026-07-17 17:25:00+00:00,4014.71,4015.88,4013.53,4013.6,0.0
2026-07-17 17:30:00+00:00,4013.95,4014.51,4011.54,4012.51,0.0
2026-07-17 17:35:00+00:00,4012.5,4013.03,4010.42,4012.51,0.0
2026-07-17 17:40:00+00:00,4012.51,4012.52,4009.9,4011.04,0.0
2026-07-17 17:45:00+00:00,4011.04,4013.06,4010.49,4012.97,0.0
2026-07-17 17:50:00+00:00,4012.97,4013.27,4008.67,4009.52,0.0
2026-07-17 17:55:00+00:00,4009.49,4010.47,4008.63,4010.09,0.0
2026-07-17 18:00:00+00:00,4010.3,4011.22,4007.83,4010.07,0.0
2026-07-17 18:05:00+00:00,4010.06,4012.5,4009.47,4012.06,0.0
2026-07-17 18:10:00+00:00,4012.13,4012.96,4010.07,4010.5,0.0
2026-07-17 18:15:00+00:00,4010.49,4013.15,4009.12,4012.28,0.0
2026-07-17 18:20:00+00:00,4012.24,4013.32,4010.66,4012.06,0.0
2026-07-17 18:25:00+00:00,4012.18,4016.11,4011.67,4015.52,0.0
2026-07-17 18:30:00+00:00,4015.44,4016.13,4011.47,4013.33,0.0
2026-07-17 18:35:00+00:00,4013.14,4013.25,4011.42,4011.45,0.0
2026-07-17 18:40:00+00:00,4011.48,4011.86,4007.37,4008.45,0.0
2026-07-17 18:45:00+00:00,4008.3,4009.04,4006.72,4007.73,0.0
2026-07-17 18:50:00+00:00,4007.74,4010.11,4007.26,4010.11,0.0
2026-07-17 18:55:00+00:00,4010.46,4012.32,4010.09,4011.5,0.0
2026-07-17 19:00:00+00:00,4011.39,4011.46,4007.69,4008.22,0.0
2026-07-17 19:05:00+00:00,4008.2,4008.42,4005.08,4005.5,0.0
2026-07-17 19:10:00+00:00,4005.51,4006.26,4004.52,4006.14,0.0
2026-07-17 19:15:00+00:00,4006.04,4006.82,4004.84,4006.4,0.0
2026-07-17 19:20:00+00:00,4006.4,4006.4,4002.47,4002.71,0.0
2026-07-17 19:25:00+00:00,4002.77,4005.61,4002.74,4005.49,0.0
2026-07-17 19:30:00+00:00,4005.46,4007.44,4005.12,4006.47,0.0
2026-07-17 19:35:00+00:00,4006.47,4008.92,4005.95,4006.71,0.0
2026-07-17 19:40:00+00:00,4006.75,4010.12,4006.17,4010.12,0.0
2026-07-17 19:45:00+00:00,4010.01,4011.37,4009.44,4010.56,0.0
2026-07-17 19:50:00+00:00,4010.62,4015.87,4010.57,4015.57,0.0
2026-07-17 19:55:00+00:00,4015.64,4016.56,4014.86,4015.02,0.0
2026-07-17 20:00:00+00:00,4015.4,4015.71,4012.69,4014.32,0.0
2026-07-17 20:05:00+00:00,4014.08,4014.08,4012.51,4013.61,0.0
2026-07-17 20:10:00+00:00,4013.61,4013.73,4012.22,4012.22,0.0
2026-07-17 20:15:00+00:00,4012.23,4012.64,4009.24,4009.4,0.0
2026-07-17 20:20:00+00:00,4009.41,4010.73,4009.0,4010.36,0.0
2026-07-17 20:25:00+00:00,4010.36,4011.42,4009.19,4010.97,0.0
2026-07-17 20:30:00+00:00,4010.97,4011.02,4008.78,4009.57,0.0
2026-07-17 20:35:00+00:00,4009.42,4010.97,4009.31,4010.83,0.0
2026-07-17 20:40:00+00:00,4010.83,4013.74,4010.54,4013.62,0.0
2026-07-17 20:45:00+00:00,4013.45,4017.25,4013.38,4015.9,0.0
2026-07-17 20:50:00+00:00,4016.03,4018.52,4015.51,4016.51,0.0
2026-07-17 20:55:00+00:00,4016.53,4016.53,4016.53,4016.53,0.0
2026-07-20 00:00:00+00:00,3995.57,3995.57,3982.83,3987.39,0.0
2026-07-20 00:05:00+00:00,3987.32,3991.73,3986.57,3988.7,0.0
2026-07-20 00:10:00+00:00,3988.6,3998.91,3987.76,3996.04,0.0
2026-07-20 00:15:00+00:00,3996.2,4000.28,3994.01,3999.82,0.0
2026-07-20 00:20:00+00:00,4000.03,4005.5,3999.1,4002.73,0.0
2026-07-20 00:25:00+00:00,4002.73,4005.23,4001.29,4004.17,0.0
2026-07-20 00:30:00+00:00,4004.01,4004.06,3998.82,4002.43,0.0
2026-07-20 00:35:00+00:00,4002.34,4007.07,4000.26,4000.26,0.0
2026-07-20 00:40:00+00:00,4000.1,4003.65,3998.66,3998.85,0.0
2026-07-20 00:45:00+00:00,3998.85,4002.99,3998.85,3999.78,0.0
2026-07-20 00:50:00+00:00,3999.78,4002.38,3998.63,4001.99,0.0
2026-07-20 00:55:00+00:00,4001.97,4010.25,4000.52,4008.65,0.0
2026-07-20 01:00:00+00:00,4008.68,4016.1,4006.19,4013.9,0.0
2026-07-20 01:05:00+00:00,4013.88,4016.84,4010.48,4016.81,0.0
2026-07-20 01:10:00+00:00,4016.69,4020.52,4009.36,4009.91,0.0
2026-07-20 01:15:00+00:00,4010.21,4010.31,4003.9,4004.52,0.0
2026-07-20 01:20:00+00:00,4004.51,4005.04,4000.05,4000.87,0.0
2026-07-20 01:25:00+00:00,4000.94,4004.51,3999.98,4003.23,0.0
2026-07-20 01:30:00+00:00,4003.15,4005.7,4002.56,4004.34,0.0
2026-07-20 01:35:00+00:00,4004.27,4004.46,4000.63,4001.97,0.0
2026-07-20 01:40:00+00:00,4002.1,4002.89,3995.91,3997.28,0.0
2026-07-20 01:45:00+00:00,3997.2,4004.39,3997.11,4003.97,0.0
2026-07-20 01:50:00+00:00,4004.07,4004.07,3997.93,3998.63,0.0
2026-07-20 01:55:00+00:00,3998.63,4004.08,3998.27,4002.27,0.0
2026-07-20 02:00:00+00:00,4002.25,4009.66,4001.45,4008.32,0.0
2026-07-20 02:05:00+00:00,4008.38,4008.79,4004.89,4007.52,0.0
2026-07-20 02:10:00+00:00,4007.52,4007.71,4005.09,4006.26,0.0
2026-07-20 02:15:00+00:00,4006.31,4006.67,4004.14,4004.65,0.0
2026-07-20 02:20:00+00:00,4004.64,4008.14,4004.64,4007.53,0.0
2026-07-20 02:25:00+00:00,4007.51,4008.87,4006.31,4007.21,0.0
2026-07-20 02:30:00+00:00,4006.98,4012.87,4006.33,4010.58,0.0
2026-07-20 02:35:00+00:00,4010.57,4014.21,4010.55,4013.12,0.0
2026-07-20 02:40:00+00:00,4013.24,4016.18,4009.64,4014.76,0.0
2026-07-20 02:45:00+00:00,4014.85,4028.74,4014.1,4025.05,0.0
2026-07-20 02:50:00+00:00,4025.1,4026.69,4021.05,4023.0,0.0
2026-07-20 02:55:00+00:00,4023.07,4023.96,4021.37,4021.99,0.0
2026-07-20 03:00:00+00:00,4021.94,4022.77,4020.22,4021.19,0.0
2026-07-20 03:05:00+00:00,4021.2,4021.92,4018.72,4020.58,0.0
2026-07-20 03:10:00+00:00,4020.56,4024.41,4020.3,4024.27,0.0
2026-07-20 03:15:00+00:00,4024.26,4026.21,4023.52,4025.64,0.0
2026-07-20 03:20:00+00:00,4025.45,4026.74,4024.44,4025.69,0.0
2026-07-20 03:25:00+00:00,4025.62,4025.75,4021.91,4022.35,0.0
2026-07-20 03:30:00+00:00,4022.23,4024.83,4019.05,4020.05,0.0
2026-07-20 03:35:00+00:00,4020.14,4025.61,4018.84,4024.92,0.0
2026-07-20 03:40:00+00:00,4024.91,4027.95,4024.61,4027.11,0.0
2026-07-20 03:45:00+00:00,4027.2,4027.84,4026.3,4026.3,0.0
2026-07-20 03:50:00+00:00,4026.05,4027.43,4024.62,4024.73,0.0
2026-07-20 03:55:00+00:00,4024.74,4024.79,4022.87,4024.16,0.0
2026-07-20 04:00:00+00:00,4024.18,4026.79,4024.13,4026.04,0.0
2026-07-20 04:05:00+00:00,4026.03,4026.55,4024.15,4024.28,0.0
2026-07-20 04:10:00+00:00,4024.28,4024.91,4021.5,4021.51,0.0
2026-07-20 04:15:00+00:00,4021.53,4023.62,4021.53,4023.37,0.0
2026-07-20 04:20:00+00:00,4023.38,4024.34,4021.68,4021.68,0.0
2026-07-20 04:25:00+00:00,4021.5,4025.53,4021.5,4025.45,0.0
2026-07-20 04:30:00+00:00,4025.45,4025.45,4022.25,4023.76,0.0
2026-07-20 04:35:00+00:00,4023.78,4024.48,4022.55,4023.44,0.0
2026-07-20 04:40:00+00:00,4023.43,4023.79,4022.61,4023.12,0.0
2026-07-20 04:45:00+00:00,4023.08,4023.09,4019.66,4020.09,0.0
2026-07-20 04:50:00+00:00,4020.11,4022.16,4019.55,4021.4,0.0
2026-07-20 04:55:00+00:00,4021.41,4021.93,4018.6,4018.95,0.0
2026-07-20 05:00:00+00:00,4018.95,4021.2,4017.13,4017.63,0.0
2026-07-20 05:05:00+00:00,4017.88,4019.37,4015.67,4016.04,0.0
2026-07-20 05:10:00+00:00,4016.02,4016.05,4012.11,4014.39,0.0
2026-07-20 05:15:00+00:00,4014.12,4014.94,4012.93,4013.6,0.0
2026-07-20 05:20:00+00:00,4013.6,4013.6,4011.45,4012.18,0.0
2026-07-20 05:25:00+00:00,4012.16,4013.22,4010.25,4010.96,0.0
2026-07-20 05:30:00+00:00,4010.94,4014.43,4010.29,4010.99,0.0
2026-07-20 05:35:00+00:00,4011.03,4011.06,4008.16,4010.26,0.0
2026-07-20 05:40:00+00:00,4010.26,4012.61,4009.53,4010.32,0.0
2026-07-20 05:45:00+00:00,4010.06,4010.48,4005.85,4005.85,0.0
2026-07-20 05:50:00+00:00,4005.84,4009.03,4005.58,4007.63,0.0
2026-07-20 05:55:00+00:00,4007.53,4010.91,4007.45,4008.79,0.0
2026-07-20 06:00:00+00:00,4008.81,4011.7,4008.81,4010.57,0.0
2026-07-20 06:05:00+00:00,4010.47,4011.83,4007.09,4009.7,0.0
2026-07-20 06:10:00+00:00,4009.71,4010.15,4006.9,4007.72,0.0
2026-07-20 06:15:00+00:00,4007.56,4009.55,4006.69,4008.94,0.0
2026-07-20 06:20:00+00:00,4009.02,4009.61,4006.99,4008.45,0.0
2026-07-20 06:25:00+00:00,4008.45,4008.63,4004.15,4005.01,0.0
2026-07-20 06:30:00+00:00,4004.99,4005.71,4003.15,4004.88,0.0
2026-07-20 06:35:00+00:00,4004.89,4005.12,4003.54,4004.82,0.0
2026-07-20 06:40:00+00:00,4004.78,4006.39,4004.1,4004.98,0.0
2026-07-20 06:45:00+00:00,4004.93,4007.58,4004.93,4006.43,0.0
2026-07-20 06:50:00+00:00,4006.35,4007.56,4003.51,4005.31,0.0
2026-07-20 06:55:00+00:00,4005.4,4005.84,4003.44,4003.95,0.0
2026-07-20 07:00:00+00:00,4003.95,4006.58,4002.67,4005.14,0.0
2026-07-20 07:05:00+00:00,4005.27,4006.92,4005.05,4005.6,0.0
2026-07-20 07:10:00+00:00,4005.6,4005.81,4003.27,4004.42,0.0
2026-07-20 07:15:00+00:00,4004.35,4004.63,4002.45,4003.91,0.0
2026-07-20 07:20:00+00:00,4003.91,4008.72,4003.28,4008.5,0.0
2026-07-20 07:25:00+00:00,4008.66,4008.66,4003.99,4006.82,0.0
2026-07-20 07:30:00+00:00,4006.81,4013.47,4006.69,4013.21,0.0
2026-07-20 07:35:00+00:00,4013.07,4017.85,4013.07,4016.58,0.0
2026-07-20 07:40:00+00:00,4016.58,4021.09,4016.26,4021.09,0.0
2026-07-20 07:45:00+00:00,4021.09,4021.86,4016.65,4018.01,0.0
2026-07-20 07:50:00+00:00,4018.01,4018.69,4015.92,4017.41,0.0
2026-07-20 07:55:00+00:00,4017.41,4019.12,4016.88,4017.02,0.0
2026-07-20 08:00:00+00:00,4017.26,4025.55,4017.26,4023.25,0.0
2026-07-20 08:05:00+00:00,4023.36,4023.36,4018.76,4020.03,0.0
2026-07-20 08:10:00+00:00,4020.01,4024.68,4019.38,4024.12,0.0
2026-07-20 08:15:00+00:00,4024.13,4027.9,4023.77,4025.26,0.0
2026-07-20 08:20:00+00:00,4025.3,4029.73,4023.29,4029.43,0.0
2026-07-20 08:25:00+00:00,4029.41,4029.58,4021.93,4022.05,0.0
2026-07-20 08:30:00+00:00,4022.0,4022.08,4019.06,4021.85,0.0
2026-07-20 08:35:00+00:00,4021.92,4024.48,4020.48,4024.26,0.0
2026-07-20 08:40:00+00:00,4024.23,4024.98,4021.69,4021.91,0.0
2026-07-20 08:45:00+00:00,4021.92,4022.83,4020.35,4022.04,0.0
2026-07-20 08:50:00+00:00,4022.03,4022.32,4017.69,4018.95,0.0
2026-07-20 08:55:00+00:00,4019.0,4020.63,4018.81,4019.28,0.0
2026-07-20 09:00:00+00:00,4019.13,4020.68,4018.41,4018.68,0.0
2026-07-20 09:05:00+00:00,4018.6,4019.8,4015.58,4018.1,0.0
2026-07-20 09:10:00+00:00,4018.11,4021.14,4018.11,4019.61,0.0
2026-07-20 09:15:00+00:00,4019.58,4022.17,4019.58,4019.97,0.0
2026-07-20 09:20:00+00:00,4019.83,4020.83,4019.27,4019.74,0.0
2026-07-20 09:25:00+00:00,4019.85,4019.9,4015.75,4016.53,0.0
2026-07-20 09:30:00+00:00,4016.49,4018.76,4015.03,4018.19,0.0
2026-07-20 09:35:00+00:00,4018.29,4020.53,4018.23,4019.85,0.0
2026-07-20 09:40:00+00:00,4020.07,4020.98,4019.09,4019.28,0.0
2026-07-20 09:45:00+00:00,4019.28,4023.33,4017.75,4022.87,0.0
2026-07-20 09:50:00+00:00,4022.88,4022.99,4019.1,4020.48,0.0
2026-07-20 09:55:00+00:00,4020.47,4021.24,4018.99,4021.24,0.0
2026-07-20 10:00:00+00:00,4021.47,4021.47,4018.42,4020.73,0.0
2026-07-20 10:05:00+00:00,4020.46,4021.68,4019.86,4020.56,0.0
2026-07-20 10:10:00+00:00,4020.45,4021.82,4020.18,4020.84,0.0
2026-07-20 10:15:00+00:00,4020.86,4021.51,4018.92,4019.6,0.0
2026-07-20 10:20:00+00:00,4019.42,4023.07,4019.42,4021.61,0.0
2026-07-20 10:25:00+00:00,4021.65,4023.35,4021.22,4022.09,0.0
2026-07-20 10:30:00+00:00,4022.01,4024.25,4021.69,4022.92,0.0
2026-07-20 10:35:00+00:00,4022.91,4022.92,4021.32,4022.5,0.0
2026-07-20 10:40:00+00:00,4022.5,4023.15,4021.69,4022.34,0.0
2026-07-20 10:45:00+00:00,4022.26,4022.88,4021.15,4021.32,0.0
2026-07-20 10:50:00+00:00,4021.32,4025.65,4021.07,4024.63,0.0
2026-07-20 10:55:00+00:00,4024.71,4025.04,4022.74,4024.26,0.0
2026-07-20 11:00:00+00:00,4024.27,4027.26,4023.27,4024.45,0.0
2026-07-20 11:05:00+00:00,4024.47,4025.41,4022.75,4023.23,0.0
2026-07-20 11:10:00+00:00,4022.85,4022.97,4019.95,4022.12,0.0
2026-07-20 11:15:00+00:00,4022.19,4024.05,4021.69,4023.04,0.0
2026-07-20 11:20:00+00:00,4023.22,4023.22,4021.34,4021.65,0.0
2026-07-20 11:25:00+00:00,4021.66,4023.73,4020.08,4022.33,0.0
2026-07-20 11:30:00+00:00,4022.35,4040.42,4021.72,4036.97,0.0
2026-07-20 11:35:00+00:00,4036.98,4037.43,4029.76,4032.6,0.0
2026-07-20 11:40:00+00:00,4032.62,4033.31,4029.65,4032.55,0.0
2026-07-20 11:45:00+00:00,4032.51,4032.51,4026.8,4027.64,0.0
2026-07-20 11:50:00+00:00,4027.72,4028.58,4025.61,4027.88,0.0
2026-07-20 11:55:00+00:00,4027.85,4028.77,4025.26,4025.39,0.0
2026-07-20 12:00:00+00:00,4025.38,4025.38,4012.73,4014.2,0.0
2026-07-20 12:05:00+00:00,4014.52,4017.67,4013.06,4016.25,0.0
2026-07-20 12:10:00+00:00,4016.18,4016.94,4011.75,4012.94,0.0
2026-07-20 12:15:00+00:00,4012.87,4014.84,4010.18,4013.83,0.0
2026-07-20 12:20:00+00:00,4013.8,4013.8,4007.18,4007.87,0.0
2026-07-20 12:25:00+00:00,4008.0,4013.3,4007.22,4012.96,0.0
2026-07-20 12:30:00+00:00,4012.97,4014.16,4011.32,4012.82,0.0
2026-07-20 12:35:00+00:00,4012.9,4014.83,4011.93,4011.93,0.0
2026-07-20 12:40:00+00:00,4011.95,4011.95,4006.9,4010.15,0.0
2026-07-20 12:45:00+00:00,4010.06,4015.63,4009.15,4012.01,0.0
2026-07-20 12:50:00+00:00,4012.01,4012.17,4009.27,4009.4,0.0
2026-07-20 12:55:00+00:00,4009.44,4010.43,4008.2,4008.26,0.0
2026-07-20 13:00:00+00:00,4008.29,4013.93,4008.29,4012.6,0.0
2026-07-20 13:05:00+00:00,4012.59,4012.82,4008.51,4008.78,0.0
2026-07-20 13:10:00+00:00,4008.67,4011.16,4008.01,4008.77,0.0
2026-07-20 13:15:00+00:00,4008.83,4011.78,4007.21,4010.13,0.0
2026-07-20 13:20:00+00:00,4010.19,4012.65,4009.39,4012.07,0.0
2026-07-20 13:25:00+00:00,4011.97,4012.51,4008.05,4008.25,0.0
2026-07-20 13:30:00+00:00,4008.71,4015.39,4008.48,4014.27,0.0
2026-07-20 13:35:00+00:00,4014.08,4014.32,4008.91,4014.03,0.0
2026-07-20 13:40:00+00:00,4014.2,4017.43,4012.58,4012.95,0.0
2026-07-20 13:45:00+00:00,4013.1,4013.25,4009.48,4010.91,0.0
2026-07-20 13:50:00+00:00,4010.96,4013.39,4007.44,4010.22,0.0
2026-07-20 13:55:00+00:00,4010.21,4011.98,4005.99,4006.0,0.0
2026-07-20 14:00:00+00:00,4005.92,4007.9,4001.46,4004.15,0.0
2026-07-20 14:05:00+00:00,4004.06,4005.83,4000.85,4001.12,0.0
2026-07-20 14:10:00+00:00,4001.09,4002.02,3998.47,3998.47,0.0
2026-07-20 14:15:00+00:00,3998.86,4002.7,3998.55,4002.31,0.0
2026-07-20 14:20:00+00:00,4002.28,4003.03,3998.51,4002.99,0.0
2026-07-20 14:25:00+00:00,4002.85,4006.81,4002.8,4006.61,0.0
2026-07-20 14:30:00+00:00,4006.79,4009.79,4006.16,4009.79,0.0
2026-07-20 14:35:00+00:00,4009.71,4010.47,4007.2,4009.82,0.0
2026-07-20 14:40:00+00:00,4009.82,4010.92,4007.18,4007.52,0.0
2026-07-20 14:45:00+00:00,4007.48,4013.43,4007.12,4012.97,0.0
2026-07-20 14:50:00+00:00,4012.92,4013.27,4008.32,4008.32,0.0
2026-07-20 14:55:00+00:00,4008.26,4008.26,4005.23,4006.24,0.0
2026-07-20 15:00:00+00:00,4006.23,4010.86,4004.68,4009.42,0.0
2026-07-20 15:05:00+00:00,4009.37,4019.49,4006.96,4019.49,0.0
2026-07-20 15:10:00+00:00,4019.49,4019.49,4012.59,4014.49,0.0
2026-07-20 15:15:00+00:00,4014.41,4015.51,4011.46,4012.27,0.0
2026-07-20 15:20:00+00:00,4012.37,4014.99,4011.22,4014.92,0.0
2026-07-20 15:25:00+00:00,4014.98,4016.57,4014.86,4016.44,0.0
2026-07-20 15:30:00+00:00,4016.49,4016.6,4012.79,4013.71,0.0
2026-07-20 15:35:00+00:00,4013.34,4014.53,4010.42,4011.33,0.0
2026-07-20 15:40:00+00:00,4011.31,4013.02,4010.42,4013.02,0.0
2026-07-20 15:45:00+00:00,4013.04,4015.22,4012.11,4014.67,0.0
2026-07-20 15:50:00+00:00,4014.76,4016.26,4014.3,4014.43,0.0
2026-07-20 15:55:00+00:00,4014.43,4015.13,4011.88,4011.97,0.0
2026-07-20 16:00:00+00:00,4011.95,4015.99,4011.55,4015.57,0.0
2026-07-20 16:05:00+00:00,4015.53,4018.4,4015.21,4017.4,0.0
2026-07-20 16:10:00+00:00,4017.4,4018.28,4012.84,4013.66,0.0
2026-07-20 16:15:00+00:00,4013.74,4014.38,4012.19,4012.38,0.0
2026-07-20 16:20:00+00:00,4012.37,4012.79,4011.76,4012.01,0.0
2026-07-20 16:25:00+00:00,4012.09,4013.42,4010.9,4012.62,0.0
2026-07-20 16:30:00+00:00,4012.61,4012.78,4009.57,4009.57,0.0
2026-07-20 16:35:00+00:00,4009.54,4012.09,4009.47,4012.01,0.0
2026-07-20 16:40:00+00:00,4012.06,4012.45,4002.13,4009.8,0.0
2026-07-20 16:45:00+00:00,4009.74,4010.49,4007.38,4008.92,0.0
2026-07-20 16:50:00+00:00,4009.01,4009.05,4007.49,4008.33,0.0
2026-07-20 16:55:00+00:00,4008.37,4010.61,4007.95,4009.88,0.0
2026-07-20 17:00:00+00:00,4009.85,4012.35,4009.85,4011.26,0.0
2026-07-20 17:05:00+00:00,4011.22,4012.02,4010.26,4011.59,0.0
2026-07-20 17:10:00+00:00,4011.88,4012.11,4009.7,4010.32,0.0
2026-07-20 17:15:00+00:00,4010.22,4011.63,4008.99,4010.58,0.0
2026-07-20 17:20:00+00:00,4010.57,4012.95,4009.94,4011.49,0.0
2026-07-20 17:25:00+00:00,4011.48,4012.86,4011.0,4012.2,0.0
2026-07-20 17:30:00+00:00,4012.18,4012.96,4010.83,4012.21,0.0
2026-07-20 17:35:00+00:00,4012.21,4012.69,4010.04,4010.13,0.0
2026-07-20 17:40:00+00:00,4010.18,4010.58,4007.84,4008.1,0.0
2026-07-20 17:45:00+00:00,4008.13,4008.13,4005.75,4005.83,0.0
2026-07-20 17:50:00+00:00,4005.84,4005.96,4003.97,4004.7,0.0
2026-07-20 17:55:00+00:00,4004.79,4005.58,4003.83,4005.32,0.0
2026-07-20 18:00:00+00:00,4005.33,4008.97,4005.33,4007.4,0.0
2026-07-20 18:05:00+00:00,4007.5,4009.88,4007.27,4009.62,0.0
2026-07-20 18:10:00+00:00,4009.62,4010.85,4008.55,4008.86,0.0
2026-07-20 18:15:00+00:00,4008.86,4011.85,4007.47,4007.79,0.0
2026-07-20 18:20:00+00:00,4008.07,4008.35,4003.52,4005.08,0.0
2026-07-20 18:25:00+00:00,4005.11,4007.48,4004.41,4006.83,0.0
2026-07-20 18:30:00+00:00,4006.78,4007.11,4004.66,4005.06,0.0
2026-07-20 18:35:00+00:00,4005.05,4006.82,4005.05,4006.59,0.0
2026-07-20 18:40:00+00:00,4006.59,4007.58,4005.73,4006.7,0.0
2026-07-20 18:45:00+00:00,4006.55,4008.82,4005.54,4008.47,0.0
2026-07-20 18:50:00+00:00,4008.02,4008.78,4007.04,4007.68,0.0
2026-07-20 18:55:00+00:00,4007.66,4007.77,4006.02,4007.47,0.0
2026-07-20 19:00:00+00:00,4007.37,4008.11,4005.04,4005.87,0.0
2026-07-20 19:05:00+00:00,4005.85,4006.99,4004.81,4006.89,0.0
2026-07-20 19:10:00+00:00,4006.61,4007.5,4004.53,4004.77,0.0
2026-07-20 19:15:00+00:00,4004.76,4008.43,4004.47,4008.3,0.0
2026-07-20 19:20:00+00:00,4008.32,4010.28,4008.0,4008.0,0.0
2026-07-20 19:25:00+00:00,4008.02,4012.58,4006.97,4012.37,0.0
2026-07-20 19:30:00+00:00,4012.91,4017.63,4012.18,4013.9,0.0
2026-07-20 19:35:00+00:00,4013.92,4014.17,4009.93,4011.16,0.0
2026-07-20 19:40:00+00:00,4011.1,4011.1,4005.35,4005.87,0.0
2026-07-20 19:45:00+00:00,4005.87,4009.9,4005.78,4008.96,0.0
2026-07-20 19:50:00+00:00,4008.95,4009.87,4008.22,4009.7,0.0
2026-07-20 19:55:00+00:00,4009.69,4009.69,4006.0,4007.05,0.0
2026-07-20 20:00:00+00:00,4006.98,4009.24,4006.74,4008.49,0.0
2026-07-20 20:05:00+00:00,4008.5,4009.45,4005.94,4006.77,0.0
2026-07-20 20:10:00+00:00,4006.61,4008.28,4006.26,4007.82,0.0
2026-07-20 20:15:00+00:00,4007.82,4008.39,4007.23,4007.35,0.0
2026-07-20 20:20:00+00:00,4007.37,4009.02,4007.37,4008.46,0.0
2026-07-20 20:25:00+00:00,4008.42,4009.19,4008.16,4008.3,0.0
2026-07-20 20:30:00+00:00,4008.3,4009.32,4007.45,4009.23,0.0
2026-07-20 20:35:00+00:00,4009.21,4009.41,4008.16,4008.76,0.0
2026-07-20 20:40:00+00:00,4008.75,4009.48,4008.46,4008.95,0.0
2026-07-20 20:45:00+00:00,4008.82,4008.82,4007.97,4008.11,0.0
2026-07-20 20:50:00+00:00,4008.12,4008.67,4007.47,4008.18,0.0
2026-07-20 20:55:00+00:00,4008.3,4008.84,4007.37,4008.13,0.0
2026-07-20 22:00:00+00:00,4010.3,4010.62,4008.0,4008.0,0.0
2026-07-20 22:05:00+00:00,4008.05,4008.14,4006.0,4006.26,0.0
2026-07-20 22:10:00+00:00,4006.25,4007.88,4006.23,4007.22,0.0
2026-07-20 22:15:00+00:00,4007.16,4007.54,4006.31,4007.27,0.0
2026-07-20 22:20:00+00:00,4007.3,4008.35,4005.28,4008.16,0.0
2026-07-20 22:25:00+00:00,4008.25,4010.67,4007.96,4009.98,0.0
2026-07-20 22:30:00+00:00,4009.96,4009.96,4007.06,4007.89,0.0
2026-07-20 22:35:00+00:00,4008.26,4008.53,4005.82,4007.96,0.0
2026-07-20 22:40:00+00:00,4007.96,4007.96,4002.98,4004.22,0.0
2026-07-20 22:45:00+00:00,4004.29,4008.15,4002.44,4002.59,0.0
2026-07-20 22:50:00+00:00,4002.01,4003.07,4000.14,4000.84,0.0
2026-07-20 22:55:00+00:00,4000.99,4002.74,3999.95,4000.6,0.0
2026-07-20 23:00:00+00:00,4000.56,4005.31,4000.43,4004.43,0.0
2026-07-20 23:05:00+00:00,4004.48,4009.88,4004.38,4008.98,0.0
2026-07-20 23:10:00+00:00,4008.98,4008.98,4000.6,4003.2,0.0
2026-07-20 23:15:00+00:00,4003.25,4007.36,4003.25,4006.53,0.0
2026-07-20 23:20:00+00:00,4006.51,4006.81,4004.08,4004.88,0.0
2026-07-20 23:25:00+00:00,4004.88,4005.11,4003.57,4003.62,0.0
2026-07-20 23:30:00+00:00,4003.6,4007.8,4003.49,4006.2,0.0
2026-07-20 23:35:00+00:00,4006.23,4007.77,4004.85,4005.68,0.0
2026-07-20 23:40:00+00:00,4005.18,4008.65,4004.05,4007.94,0.0
2026-07-20 23:45:00+00:00,4007.73,4008.07,4004.6,4007.02,0.0
2026-07-20 23:50:00+00:00,4007.02,4008.22,4006.0,4007.9,0.0
2026-07-20 23:55:00+00:00,4007.9,4010.57,4007.45,4010.09,0.0
2026-07-21 00:00:00+00:00,4010.02,4010.02,4003.98,4005.32,0.0
2026-07-21 00:05:00+00:00,4005.21,4008.53,4004.8,4007.99,0.0
2026-07-21 00:10:00+00:00,4007.84,4012.68,4007.02,4010.89,0.0
2026-07-21 00:15:00+00:00,4010.68,4016.15,4008.09,4015.45,0.0
2026-07-21 00:20:00+00:00,4015.66,4017.65,4013.14,4017.35,0.0
2026-07-21 00:25:00+00:00,4017.37,4018.44,4014.58,4015.13,0.0
2026-07-21 00:30:00+00:00,4015.1,4017.91,4014.46,4017.43,0.0
2026-07-21 00:35:00+00:00,4017.43,4022.09,4016.78,4019.21,0.0
2026-07-21 00:40:00+00:00,4019.14,4023.77,4018.42,4022.49,0.0
2026-07-21 00:45:00+00:00,4022.52,4025.01,4022.16,4024.73,0.0
2026-07-21 00:50:00+00:00,4024.7,4027.09,4023.85,4024.9,0.0
2026-07-21 00:55:00+00:00,4024.83,4026.49,4023.25,4024.91,0.0
2026-07-21 01:00:00+00:00,4024.95,4025.37,4018.64,4023.76,0.0
2026-07-21 01:05:00+00:00,4023.77,4029.25,4023.77,4027.37,0.0
2026-07-21 01:10:00+00:00,4027.54,4029.85,4026.65,4029.06,0.0
2026-07-21 01:15:00+00:00,4029.12,4035.59,4027.24,4035.48,0.0
2026-07-21 01:20:00+00:00,4034.54,4034.54,4026.51,4028.24,0.0
2026-07-21 01:25:00+00:00,4028.19,4031.64,4027.87,4028.21,0.0
2026-07-21 01:30:00+00:00,4028.23,4030.83,4027.02,4030.3,0.0
2026-07-21 01:35:00+00:00,4030.29,4030.88,4023.39,4024.04,0.0
2026-07-21 01:40:00+00:00,4023.86,4026.4,4023.64,4024.96,0.0
2026-07-21 01:45:00+00:00,4024.57,4026.77,4022.8,4025.83,0.0
2026-07-21 01:50:00+00:00,4025.81,4028.34,4025.04,4028.22,0.0
2026-07-21 01:55:00+00:00,4028.21,4028.21,4021.56,4023.4,0.0
2026-07-21 02:00:00+00:00,4023.32,4024.38,4022.22,4022.91,0.0
2026-07-21 02:05:00+00:00,4022.85,4026.6,4022.61,4026.03,0.0
2026-07-21 02:10:00+00:00,4026.04,4026.72,4023.7,4024.54,0.0
2026-07-21 02:15:00+00:00,4024.54,4025.42,4022.18,4022.74,0.0
2026-07-21 02:20:00+00:00,4022.74,4028.7,4022.41,4028.18,0.0
2026-07-21 02:25:00+00:00,4028.19,4029.9,4025.7,4028.95,0.0
2026-07-21 02:30:00+00:00,4028.88,4032.54,4028.4,4030.65,0.0
2026-07-21 02:35:00+00:00,4030.58,4044.59,4030.18,4037.35,0.0
2026-07-21 02:40:00+00:00,4037.3,4040.2,4035.34,4035.55,0.0
2026-07-21 02:45:00+00:00,4035.69,4036.36,4034.19,4034.4,0.0
2026-07-21 02:50:00+00:00,4034.29,4035.04,4031.22,4033.41,0.0
2026-07-21 02:55:00+00:00,4033.41,4038.45,4033.09,4038.17,0.0
2026-07-21 03:00:00+00:00,4038.17,4042.14,4038.16,4040.66,0.0
2026-07-21 03:05:00+00:00,4040.73,4042.26,4038.37,4040.89,0.0
2026-07-21 03:10:00+00:00,4040.87,4041.49,4037.86,4037.86,0.0
2026-07-21 03:15:00+00:00,4038.09,4038.74,4036.91,4037.42,0.0
2026-07-21 03:20:00+00:00,4037.4,4041.94,4037.17,4041.82,0.0
2026-07-21 03:25:00+00:00,4041.89,4050.85,4041.56,4047.67,0.0
2026-07-21 03:30:00+00:00,4047.62,4049.62,4044.79,4045.11,0.0
2026-07-21 03:35:00+00:00,4044.87,4045.24,4043.03,4044.59,0.0
2026-07-21 03:40:00+00:00,4044.45,4044.45,4041.94,4041.97,0.0
2026-07-21 03:45:00+00:00,4041.95,4045.68,4041.95,4045.59,0.0
2026-07-21 03:50:00+00:00,4045.55,4046.94,4045.05,4045.7,0.0
2026-07-21 03:55:00+00:00,4045.7,4047.57,4045.4,4047.14,0.0
2026-07-21 04:00:00+00:00,4047.08,4050.24,4047.08,4048.06,0.0
2026-07-21 04:05:00+00:00,4048.05,4051.59,4047.28,4048.94,0.0
2026-07-21 04:10:00+00:00,4048.72,4048.72,4045.87,4046.11,0.0
2026-07-21 04:15:00+00:00,4046.09,4046.45,4043.98,4044.16,0.0
2026-07-21 04:20:00+00:00,4044.12,4046.91,4044.1,4045.05,0.0
2026-07-21 04:25:00+00:00,4045.05,4045.43,4043.84,4044.65,0.0
2026-07-21 04:30:00+00:00,4044.76,4046.0,4044.55,4045.79,0.0
2026-07-21 04:35:00+00:00,4045.64,4046.66,4045.33,4046.43,0.0
2026-07-21 04:40:00+00:00,4046.24,4047.63,4045.3,4047.09,0.0
2026-07-21 04:45:00+00:00,4047.1,4047.63,4045.94,4046.71,0.0
2026-07-21 04:50:00+00:00,4046.65,4047.52,4045.65,4047.44,0.0
2026-07-21 04:55:00+00:00,4047.43,4049.67,4046.9,4049.67,0.0
2026-07-21 05:00:00+00:00,4049.67,4050.4,4048.54,4048.71,0.0
2026-07-21 05:05:00+00:00,4048.62,4050.34,4046.5,4050.34,0.0
2026-07-21 05:10:00+00:00,4050.34,4051.75,4048.49,4051.51,0.0
2026-07-21 05:15:00+00:00,4051.53,4053.4,4049.1,4050.62,0.0
2026-07-21 05:20:00+00:00,4050.51,4051.38,4048.28,4051.25,0.0
2026-07-21 05:25:00+00:00,4051.18,4056.43,4051.17,4054.39,0.0
2026-07-21 05:30:00+00:00,4054.47,4060.37,4054.47,4059.81,0.0
2026-07-21 05:35:00+00:00,4059.77,4061.71,4059.07,4061.57,0.0
2026-07-21 05:40:00+00:00,4061.35,4066.44,4060.42,4065.98,0.0
2026-07-21 05:45:00+00:00,4065.81,4067.93,4064.07,4066.22,0.0
2026-07-21 05:50:00+00:00,4066.18,4066.69,4062.4,4062.96,0.0
2026-07-21 05:55:00+00:00,4063.08,4064.75,4061.45,4061.64,0.0
2026-07-21 06:00:00+00:00,4061.63,4066.58,4061.63,4065.46,0.0
2026-07-21 06:05:00+00:00,4065.45,4067.52,4064.19,4067.52,0.0
2026-07-21 06:10:00+00:00,4067.86,4072.45,4066.96,4071.66,0.0
2026-07-21 06:15:00+00:00,4071.56,4072.86,4068.64,4071.71,0.0
2026-07-21 06:20:00+00:00,4071.67,4074.29,4070.01,4073.69,0.0
2026-07-21 06:25:00+00:00,4073.72,4074.26,4071.31,4072.48,0.0
2026-07-21 06:30:00+00:00,4072.47,4074.65,4072.15,4072.67,0.0
2026-07-21 06:35:00+00:00,4072.72,4076.02,4072.64,4074.55,0.0
2026-07-21 06:40:00+00:00,4074.51,4080.74,4074.06,4077.08,0.0
2026-07-21 06:45:00+00:00,4077.14,4084.12,4077.14,4083.1,0.0
2026-07-21 06:50:00+00:00,4083.07,4083.35,4079.5,4080.23,0.0
2026-07-21 06:55:00+00:00,4080.26,4080.64,4078.66,4078.7,0.0
2026-07-21 07:00:00+00:00,4078.53,4079.36,4077.4,4077.8,0.0
2026-07-21 07:05:00+00:00,4077.59,4078.01,4074.82,4074.82,0.0
2026-07-21 07:10:00+00:00,4074.79,4075.4,4071.95,4072.23,0.0
2026-07-21 07:15:00+00:00,4072.26,4073.34,4071.2,4073.34,0.0
2026-07-21 07:20:00+00:00,4073.46,4073.46,4070.76,4071.03,0.0
2026-07-21 07:25:00+00:00,4070.77,4071.0,4068.47,4069.72,0.0
2026-07-21 07:30:00+00:00,4069.74,4073.76,4067.78,4073.41,0.0
2026-07-21 07:35:00+00:00,4073.45,4075.46,4072.8,4073.24,0.0
2026-07-21 07:40:00+00:00,4073.12,4073.94,4071.44,4071.55,0.0
2026-07-21 07:45:00+00:00,4071.6,4072.49,4070.44,4071.52,0.0
2026-07-21 07:50:00+00:00,4071.57,4072.16,4070.61,4070.68,0.0
2026-07-21 07:55:00+00:00,4070.62,4071.82,4070.02,4071.41,0.0
2026-07-21 08:00:00+00:00,4071.43,4072.41,4066.28,4066.33,0.0
2026-07-21 08:05:00+00:00,4066.4,4069.68,4065.81,4066.76,0.0
2026-07-21 08:10:00+00:00,4066.74,4068.5,4065.98,4068.09,0.0
2026-07-21 08:15:00+00:00,4068.09,4068.68,4066.23,4067.01,0.0
2026-07-21 08:20:00+00:00,4067.01,4067.04,4063.36,4063.77,0.0
2026-07-21 08:25:00+00:00,4063.82,4064.69,4063.16,4063.48,0.0
2026-07-21 08:30:00+00:00,4063.6,4065.13,4062.07,4062.77,0.0
2026-07-21 08:35:00+00:00,4062.75,4063.52,4061.07,4062.51,0.0
2026-07-21 08:40:00+00:00,4062.5,4064.05,4062.16,4062.32,0.0
2026-07-21 08:45:00+00:00,4062.3,4062.5,4059.36,4060.2,0.0
2026-07-21 08:50:00+00:00,4060.2,4063.53,4059.31,4061.31,0.0
2026-07-21 08:55:00+00:00,4061.29,4063.64,4060.4,4063.23,0.0
2026-07-21 09:00:00+00:00,4062.94,4066.72,4062.94,4066.48,0.0
2026-07-21 09:05:00+00:00,4066.23,4066.81,4063.95,4066.12,0.0
2026-07-21 09:10:00+00:00,4066.12,4066.37,4064.92,4065.24,0.0
2026-07-21 09:15:00+00:00,4065.25,4066.85,4064.97,4066.73,0.0
2026-07-21 09:20:00+00:00,4066.6,4068.19,4065.3,4067.2,0.0
2026-07-21 09:25:00+00:00,4067.21,4068.45,4062.83,4062.88,0.0
2026-07-21 09:30:00+00:00,4062.92,4065.57,4062.12,4063.19,0.0
2026-07-21 09:35:00+00:00,4063.19,4064.13,4061.94,4062.54,0.0
2026-07-21 09:40:00+00:00,4062.59,4062.94,4061.24,4062.59,0.0
2026-07-21 09:45:00+00:00,4062.55,4067.07,4062.31,4066.57,0.0
2026-07-21 09:50:00+00:00,4066.5,4069.63,4064.69,4069.09,0.0
2026-07-21 09:55:00+00:00,4069.18,4069.24,4065.9,4066.03,0.0
2026-07-21 10:00:00+00:00,4066.0,4068.02,4063.78,4064.08,0.0
2026-07-21 10:05:00+00:00,4064.09,4064.24,4061.74,4061.74,0.0
2026-07-21 10:10:00+00:00,4061.73,4068.36,4061.12,4066.33,0.0
2026-07-21 10:15:00+00:00,4066.39,4068.27,4065.18,4067.52,0.0
2026-07-21 10:20:00+00:00,4067.55,4068.73,4067.17,4067.53,0.0
2026-07-21 10:25:00+00:00,4067.54,4069.35,4066.41,4066.65,0.0
2026-07-21 10:30:00+00:00,4066.82,4068.47,4066.76,4068.42,0.0
2026-07-21 10:35:00+00:00,4068.33,4070.19,4068.15,4068.98,0.0
2026-07-21 10:40:00+00:00,4068.99,4068.99,4067.0,4067.2,0.0
2026-07-21 10:45:00+00:00,4067.2,4068.61,4063.07,4063.14,0.0
2026-07-21 10:50:00+00:00,4063.13,4066.38,4063.07,4064.92,0.0
2026-07-21 10:55:00+00:00,4064.94,4065.11,4062.73,4062.98,0.0
2026-07-21 11:00:00+00:00,4063.02,4063.72,4056.31,4056.7,0.0
2026-07-21 11:05:00+00:00,4056.84,4059.02,4055.69,4056.42,0.0
2026-07-21 11:10:00+00:00,4056.24,4059.14,4056.1,4058.65,0.0
2026-07-21 11:15:00+00:00,4058.65,4059.78,4058.24,4058.24,0.0
2026-07-21 11:20:00+00:00,4058.23,4059.5,4056.38,4059.5,0.0
2026-07-21 11:25:00+00:00,4059.49,4059.85,4057.37,4058.18,0.0
2026-07-21 11:30:00+00:00,4058.14,4059.73,4057.99,4058.94,0.0
2026-07-21 11:35:00+00:00,4058.97,4061.03,4058.83,4060.1,0.0
2026-07-21 11:40:00+00:00,4060.02,4060.09,4055.67,4056.19,0.0
2026-07-21 11:45:00+00:00,4056.15,4057.86,4054.54,4057.83,0.0
2026-07-21 11:50:00+00:00,4057.99,4058.53,4055.93,4056.45,0.0
2026-07-21 11:55:00+00:00,4056.58,4057.1,4055.17,4056.07,0.0
2026-07-21 12:00:00+00:00,4056.14,4058.86,4056.09,4058.47,0.0
2026-07-21 12:05:00+00:00,4058.43,4061.06,4058.3,4058.78,0.0
2026-07-21 12:10:00+00:00,4058.76,4059.56,4056.6,4059.5,0.0
2026-07-21 12:15:00+00:00,4059.49,4060.29,4056.24,4059.2,0.0
2026-07-21 12:20:00+00:00,4059.18,4065.51,4057.97,4065.19,0.0
2026-07-21 12:25:00+00:00,4065.23,4065.24,4060.88,4061.61,0.0
2026-07-21 12:30:00+00:00,4061.65,4063.79,4059.29,4059.62,0.0
2026-07-21 12:35:00+00:00,4059.54,4059.6,4053.94,4055.17,0.0
2026-07-21 12:40:00+00:00,4055.22,4056.16,4051.44,4054.05,0.0
2026-07-21 12:45:00+00:00,4054.08,4062.17,4053.77,4060.21,0.0
2026-07-21 12:50:00+00:00,4060.17,4060.19,4055.52,4055.77,0.0
2026-07-21 12:55:00+00:00,4055.78,4055.86,4052.97,4054.16,0.0
2026-07-21 13:00:00+00:00,4054.1,4060.47,4054.1,4057.0,0.0
2026-07-21 13:05:00+00:00,4057.06,4060.46,4057.06,4057.72,0.0
2026-07-21 13:10:00+00:00,4057.74,4060.44,4056.94,4059.95,0.0
2026-07-21 13:15:00+00:00,4059.89,4061.75,4054.96,4056.1,0.0
2026-07-21 13:20:00+00:00,4055.93,4057.43,4052.06,4052.68,0.0
2026-07-21 13:25:00+00:00,4052.69,4054.76,4050.52,4050.91,0.0
2026-07-21 13:30:00+00:00,4051.09,4057.41,4047.91,4056.08,0.0
2026-07-21 13:35:00+00:00,4056.08,4057.3,4051.26,4052.95,0.0
2026-07-21 13:40:00+00:00,4052.95,4053.77,4045.25,4046.31,0.0
2026-07-21 13:45:00+00:00,4046.61,4050.53,4044.87,4050.52,0.0
2026-07-21 13:50:00+00:00,4050.51,4052.78,4046.65,4052.36,0.0
2026-07-21 13:55:00+00:00,4052.35,4053.59,4050.04,4053.11,0.0
2026-07-21 14:00:00+00:00,4053.19,4056.69,4051.95,4056.57,0.0
2026-07-21 14:05:00+00:00,4056.52,4059.47,4054.79,4055.37,0.0
2026-07-21 14:10:00+00:00,4055.04,4066.0,4055.04,4066.0,0.0
2026-07-21 14:15:00+00:00,4066.03,4067.62,4061.22,4063.8,0.0
2026-07-21 14:20:00+00:00,4064.08,4065.19,4061.47,4064.98,0.0
2026-07-21 14:25:00+00:00,4064.95,4069.25,4064.31,4069.11,0.0
2026-07-21 14:30:00+00:00,4069.5,4073.76,4067.1,4067.11,0.0
2026-07-21 14:35:00+00:00,4066.9,4067.34,4062.46,4064.56,0.0
2026-07-21 14:40:00+00:00,4064.6,4068.0,4063.02,4067.74,0.0
2026-07-21 14:45:00+00:00,4067.6,4070.28,4066.43,4069.76,0.0
2026-07-21 14:50:00+00:00,4069.72,4070.76,4066.8,4069.13,0.0
2026-07-21 14:55:00+00:00,4069.2,4070.47,4067.59,4068.72,0.0
2026-07-21 15:00:00+00:00,4068.62,4071.06,4068.04,4068.44,0.0
2026-07-21 15:05:00+00:00,4068.41,4070.46,4065.94,4069.16,0.0
2026-07-21 15:10:00+00:00,4069.33,4073.86,4069.28,4073.58,0.0
2026-07-21 15:15:00+00:00,4073.39,4078.66,4073.38,4077.01,0.0
2026-07-21 15:20:00+00:00,4077.1,4079.02,4075.62,4078.34,0.0
2026-07-21 15:25:00+00:00,4078.29,4078.34,4075.89,4076.88,0.0
2026-07-21 15:30:00+00:00,4076.92,4082.6,4076.2,4081.24,0.0
2026-07-21 15:35:00+00:00,4081.25,4083.32,4078.93,4080.31,0.0
2026-07-21 15:40:00+00:00,4080.42,4080.9,4075.57,4075.6,0.0
2026-07-21 15:45:00+00:00,4075.87,4075.95,4072.44,4073.54,0.0
2026-07-21 15:50:00+00:00,4073.29,4078.22,4073.29,4076.65,0.0
2026-07-21 15:55:00+00:00,4076.78,4076.78,4073.97,4074.35,0.0
2026-07-21 16:00:00+00:00,4074.27,4077.88,4073.72,4077.88,0.0
2026-07-21 16:05:00+00:00,4077.96,4078.11,4076.63,4077.16,0.0
2026-07-21 16:10:00+00:00,4077.18,4079.23,4076.62,4078.5,0.0
2026-07-21 16:15:00+00:00,4078.52,4078.59,4076.88,4077.28,0.0
2026-07-21 16:20:00+00:00,4077.42,4078.21,4076.33,4077.85,0.0
2026-07-21 16:25:00+00:00,4078.05,4078.14,4074.13,4075.72,0.0
2026-07-21 16:30:00+00:00,4075.72,4076.39,4074.9,4075.89,0.0
2026-07-21 16:35:00+00:00,4075.88,4075.99,4071.37,4074.39,0.0
2026-07-21 16:40:00+00:00,4074.39,4075.18,4071.62,4072.12,0.0
2026-07-21 16:45:00+00:00,4072.07,4072.72,4070.01,4072.46,0.0
2026-07-21 16:50:00+00:00,4072.38,4073.43,4071.92,4072.95,0.0
2026-07-21 16:55:00+00:00,4072.94,4073.14,4071.16,4071.62,0.0
2026-07-21 17:00:00+00:00,4071.62,4072.26,4069.48,4070.45,0.0
2026-07-21 17:05:00+00:00,4070.38,4072.57,4069.97,4071.6,0.0
2026-07-21 17:10:00+00:00,4071.6,4072.41,4070.05,4070.64,0.0
2026-07-21 17:15:00+00:00,4070.58,4071.01,4069.14,4069.33,0.0
2026-07-21 17:20:00+00:00,4069.14,4071.92,4069.08,4071.45,0.0
2026-07-21 17:25:00+00:00,4071.45,4072.72,4071.02,4072.19,0.0
2026-07-21 17:30:00+00:00,4072.3,4072.3,4069.77,4070.43,0.0
2026-07-21 17:35:00+00:00,4070.4,4070.41,4069.17,4069.44,0.0
2026-07-21 17:40:00+00:00,4069.44,4069.58,4066.94,4068.3,0.0
2026-07-21 17:45:00+00:00,4068.2,4068.21,4066.9,4067.15,0.0
2026-07-21 17:50:00+00:00,4067.16,4068.11,4066.94,4067.91,0.0
2026-07-21 17:55:00+00:00,4067.94,4068.54,4066.96,4068.54,0.0
2026-07-21 18:00:00+00:00,4068.74,4069.63,4068.15,4068.18,0.0
2026-07-21 18:05:00+00:00,4067.97,4072.11,4067.88,4071.87,0.0
2026-07-21 18:10:00+00:00,4071.86,4072.35,4071.4,4071.8,0.0
2026-07-21 18:15:00+00:00,4071.57,4073.84,4071.3,4073.41,0.0
2026-07-21 18:20:00+00:00,4073.39,4081.62,4072.73,4081.57,0.0
2026-07-21 18:25:00+00:00,4081.35,4086.52,4081.35,4083.74,0.0
2026-07-21 18:30:00+00:00,4083.9,4085.71,4081.35,4084.64,0.0
2026-07-21 18:35:00+00:00,4084.63,4085.38,4081.73,4082.78,0.0
2026-07-21 18:40:00+00:00,4082.78,4083.88,4081.84,4082.59,0.0
2026-07-21 18:45:00+00:00,4082.43,4082.66,4080.45,4080.76,0.0
2026-07-21 18:50:00+00:00,4080.76,4081.51,4079.4,4081.12,0.0
2026-07-21 18:55:00+00:00,4081.12,4083.42,4081.12,4082.33,0.0
2026-07-21 19:00:00+00:00,4082.35,4085.3,4082.35,4084.61,0.0
2026-07-21 19:05:00+00:00,4084.47,4085.6,4081.47,4081.47,0.0
2026-07-21 19:10:00+00:00,4081.48,4081.83,4080.19,4080.94,0.0
2026-07-21 19:15:00+00:00,4080.92,4084.17,4080.92,4083.68,0.0
2026-07-21 19:20:00+00:00,4083.7,4084.64,4082.51,4083.85,0.0
2026-07-21 19:25:00+00:00,4083.89,4085.31,4083.74,4084.13,0.0
2026-07-21 19:30:00+00:00,4084.15,4085.14,4083.31,4083.59,0.0
2026-07-21 19:35:00+00:00,4083.61,4083.63,4082.05,4082.8,0.0
2026-07-21 19:40:00+00:00,4082.76,4084.52,4082.54,4083.44,0.0
2026-07-21 19:45:00+00:00,4083.45,4085.33,4082.97,4084.69,0.0
2026-07-21 19:50:00+00:00,4084.71,4085.29,4083.71,4084.21,0.0
2026-07-21 19:55:00+00:00,4084.27,4085.2,4083.66,4084.9,0.0
2026-07-21 20:00:00+00:00,4085.15,4086.26,4083.55,4084.69,0.0
2026-07-21 20:05:00+00:00,4084.69,4086.1,4084.1,4085.17,0.0
2026-07-21 20:10:00+00:00,4085.17,4085.24,4083.84,4084.45,0.0
2026-07-21 20:15:00+00:00,4084.47,4084.64,4083.15,4084.11,0.0
2026-07-21 20:20:00+00:00,4084.11,4084.11,4081.67,4083.07,0.0
2026-07-21 20:25:00+00:00,4083.07,4083.23,4082.44,4082.89,0.0
2026-07-21 20:30:00+00:00,4082.9,4085.41,4082.9,4083.26,0.0
2026-07-21 20:35:00+00:00,4083.27,4083.5,4082.07,4082.09,0.0
2026-07-21 20:40:00+00:00,4082.09,4082.16,4080.57,4081.13,0.0
2026-07-21 20:45:00+00:00,4081.11,4081.11,4078.2,4078.6,0.0
2026-07-21 20:50:00+00:00,4078.63,4079.05,4077.5,4077.64,0.0
2026-07-21 20:55:00+00:00,4077.77,4078.16,4076.75,4077.8,0.0
2026-07-21 22:00:00+00:00,4079.95,4081.03,4078.27,4078.63,0.0
2026-07-21 22:05:00+00:00,4078.66,4079.86,4077.18,4078.16,0.0
2026-07-21 22:10:00+00:00,4078.03,4079.29,4077.74,4079.12,0.0
2026-07-21 22:15:00+00:00,4079.11,4081.03,4078.35,4080.3,0.0
2026-07-21 22:20:00+00:00,4080.3,4082.26,4080.3,4080.84,0.0
2026-07-21 22:25:00+00:00,4080.84,4083.12,4080.81,4082.83,0.0
2026-07-21 22:30:00+00:00,4082.83,4085.09,4082.76,4084.02,0.0
2026-07-21 22:35:00+00:00,4084.0,4085.1,4083.0,4084.68,0.0
2026-07-21 22:40:00+00:00,4084.69,4085.08,4084.05,4084.14,0.0
2026-07-21 22:45:00+00:00,4084.14,4084.48,4081.43,4081.46,0.0
2026-07-21 22:50:00+00:00,4081.29,4082.13,4078.32,4079.77,0.0
2026-07-21 22:55:00+00:00,4079.8,4081.31,4079.74,4080.6,0.0
2026-07-21 23:00:00+00:00,4080.57,4081.47,4079.71,4080.67,0.0
2026-07-21 23:05:00+00:00,4080.69,4081.81,4080.36,4081.28,0.0
2026-07-21 23:10:00+00:00,4081.26,4082.03,4080.48,4081.45,0.0
2026-07-21 23:15:00+00:00,4081.45,4082.58,4081.15,4082.5,0.0
2026-07-21 23:20:00+00:00,4082.5,4082.51,4081.48,4082.23,0.0
2026-07-21 23:25:00+00:00,4082.26,4082.53,4081.24,4081.31,0.0
2026-07-21 23:30:00+00:00,4081.27,4081.77,4080.68,4080.76,0.0
2026-07-21 23:35:00+00:00,4080.75,4082.1,4080.57,4081.97,0.0
2026-07-21 23:40:00+00:00,4081.98,4082.35,4079.41,4080.53,0.0
2026-07-21 23:45:00+00:00,4080.53,4082.92,4079.73,4081.09,0.0
2026-07-21 23:50:00+00:00,4081.12,4081.45,4080.37,4080.53,0.0
2026-07-21 23:55:00+00:00,4080.52,4081.13,4079.36,4080.98,0.0
2026-07-22 00:00:00+00:00,4080.76,4082.75,4076.94,4082.6,0.0
2026-07-22 00:05:00+00:00,4082.74,4090.23,4081.46,4088.22,0.0
2026-07-22 00:10:00+00:00,4088.23,4092.81,4087.67,4092.23,0.0
2026-07-22 00:15:00+00:00,4092.36,4098.06,4092.36,4095.58,0.0
2026-07-22 00:20:00+00:00,4095.59,4097.72,4093.04,4097.23,0.0
2026-07-22 00:25:00+00:00,4097.24,4098.7,4096.87,4098.18,0.0
2026-07-22 00:30:00+00:00,4098.2,4101.45,4090.73,4091.63,0.0
2026-07-22 00:35:00+00:00,4091.58,4097.36,4089.86,4095.08,0.0
2026-07-22 00:40:00+00:00,4094.91,4095.33,4091.99,4092.86,0.0
2026-07-22 00:45:00+00:00,4092.85,4099.04,4091.73,4096.79,0.0
2026-07-22 00:50:00+00:00,4096.81,4097.3,4093.69,4094.03,0.0
2026-07-22 00:55:00+00:00,4094.13,4097.62,4093.3,4096.83,0.0
2026-07-22 01:00:00+00:00,4097.58,4113.67,4096.97,4110.68,0.0
2026-07-22 01:05:00+00:00,4110.84,4117.04,4110.45,4115.83,0.0
2026-07-22 01:10:00+00:00,4116.17,4121.29,4113.77,4121.29,0.0
2026-07-22 01:15:00+00:00,4121.42,4121.62,4112.12,4112.91,0.0
2026-07-22 01:20:00+00:00,4112.89,4115.8,4112.12,4112.55,0.0
2026-07-22 01:25:00+00:00,4112.51,4116.77,4112.35,4116.03,0.0
2026-07-22 01:30:00+00:00,4115.63,4117.16,4113.13,4116.88,0.0
2026-07-22 01:35:00+00:00,4116.85,4121.54,4114.96,4120.36,0.0
2026-07-22 01:40:00+00:00,4119.78,4122.85,4118.29,4121.8,0.0
2026-07-22 01:45:00+00:00,4121.78,4123.51,4119.03,4119.79,0.0
2026-07-22 01:50:00+00:00,4119.86,4121.13,4118.59,4119.64,0.0
2026-07-22 01:55:00+00:00,4119.64,4122.66,4117.58,4122.09,0.0
2026-07-22 02:00:00+00:00,4122.3,4122.83,4119.73,4122.0,0.0
2026-07-22 02:05:00+00:00,4121.96,4122.16,4119.18,4121.63,0.0
2026-07-22 02:10:00+00:00,4121.62,4123.17,4120.65,4122.07,0.0
2026-07-22 02:15:00+00:00,4122.04,4125.08,4120.06,4120.54,0.0
2026-07-22 02:20:00+00:00,4120.54,4125.52,4120.44,4124.75,0.0
2026-07-22 02:25:00+00:00,4124.83,4125.97,4124.06,4124.35,0.0
2026-07-22 02:30:00+00:00,4124.34,4130.47,4122.39,4130.47,0.0
2026-07-22 02:35:00+00:00,4130.39,4130.39,4124.7,4124.85,0.0
2026-07-22 02:40:00+00:00,4124.69,4129.31,4124.62,4128.4,0.0
2026-07-22 02:45:00+00:00,4128.33,4130.6,4127.65,4128.28,0.0
2026-07-22 02:50:00+00:00,4128.43,4129.22,4126.5,4128.69,0.0
2026-07-22 02:55:00+00:00,4128.43,4130.93,4126.91,4130.85,0.0
2026-07-22 03:00:00+00:00,4130.67,4133.56,4129.58,4133.48,0.0
2026-07-22 03:05:00+00:00,4133.53,4140.68,4132.64,4137.47,0.0
2026-07-22 03:10:00+00:00,4137.48,4138.45,4135.29,4137.36,0.0
2026-07-22 03:15:00+00:00,4137.38,4139.91,4136.9,4139.1,0.0
2026-07-22 03:20:00+00:00,4139.11,4141.67,4138.37,4138.93,0.0
2026-07-22 03:25:00+00:00,4139.01,4139.87,4137.25,4138.51,0.0
2026-07-22 03:30:00+00:00,4138.35,4138.4,4134.89,4135.15,0.0
2026-07-22 03:35:00+00:00,4135.23,4135.74,4132.8,4133.75,0.0
2026-07-22 03:40:00+00:00,4133.76,4134.37,4132.65,4133.62,0.0
2026-07-22 03:45:00+00:00,4133.62,4134.25,4132.38,4132.8,0.0
2026-07-22 03:50:00+00:00,4132.76,4132.81,4130.85,4131.22,0.0
2026-07-22 03:55:00+00:00,4131.21,4131.79,4130.21,4130.95,0.0
2026-07-22 04:00:00+00:00,4130.95,4131.23,4126.79,4128.4,0.0
2026-07-22 04:05:00+00:00,4128.42,4130.51,4127.83,4127.99,0.0
2026-07-22 04:10:00+00:00,4128.12,4128.47,4126.43,4126.87,0.0
2026-07-22 04:15:00+00:00,4127.01,4129.7,4127.01,4128.16,0.0
2026-07-22 04:20:00+00:00,4128.16,4129.49,4127.75,4128.85,0.0
2026-07-22 04:25:00+00:00,4128.85,4128.92,4127.68,4128.85,0.0
2026-07-22 04:30:00+00:00,4128.85,4129.07,4125.21,4126.64,0.0
2026-07-22 04:35:00+00:00,4126.77,4126.89,4124.96,4126.35,0.0
2026-07-22 04:40:00+00:00,4126.35,4127.71,4126.35,4127.47,0.0
2026-07-22 04:45:00+00:00,4127.43,4127.67,4125.63,4126.28,0.0
2026-07-22 04:50:00+00:00,4126.29,4127.01,4125.28,4126.0,0.0
2026-07-22 04:55:00+00:00,4126.0,4127.23,4125.66,4127.01,0.0
2026-07-22 05:00:00+00:00,4127.03,4129.06,4126.03,4128.67,0.0
2026-07-22 05:05:00+00:00,4128.45,4129.05,4126.66,4127.25,0.0
2026-07-22 05:10:00+00:00,4127.26,4129.95,4127.21,4128.5,0.0
2026-07-22 05:15:00+00:00,4128.57,4128.71,4123.48,4124.19,0.0
2026-07-22 05:20:00+00:00,4124.17,4124.81,4123.3,4124.44,0.0
2026-07-22 05:25:00+00:00,4124.48,4126.38,4123.62,4123.76,0.0
2026-07-22 05:30:00+00:00,4123.81,4128.74,4123.45,4127.56,0.0
2026-07-22 05:35:00+00:00,4127.66,4134.1,4127.4,4132.68,0.0
2026-07-22 05:40:00+00:00,4132.67,4133.29,4130.57,4132.48,0.0
2026-07-22 05:45:00+00:00,4132.57,4133.15,4130.41,4132.17,0.0
2026-07-22 05:50:00+00:00,4132.09,4132.93,4129.39,4129.66,0.0
2026-07-22 05:55:00+00:00,4129.68,4131.55,4128.2,4131.09,0.0
2026-07-22 06:00:00+00:00,4131.14,4135.2,4131.14,4134.33,0.0
2026-07-22 06:05:00+00:00,4134.32,4134.32,4130.66,4131.01,0.0
2026-07-22 06:10:00+00:00,4130.85,4132.39,4129.6,4129.9,0.0
2026-07-22 06:15:00+00:00,4129.93,4132.0,4129.41,4130.54,0.0
2026-07-22 06:20:00+00:00,4130.55,4130.78,4124.57,4125.3,0.0
2026-07-22 06:25:00+00:00,4125.3,4125.3,4114.43,4117.33,0.0
2026-07-22 06:30:00+00:00,4117.5,4119.39,4115.05,4119.39,0.0
2026-07-22 06:35:00+00:00,4119.41,4120.39,4116.9,4117.41,0.0
2026-07-22 06:40:00+00:00,4117.5,4120.29,4117.31,4119.06,0.0
2026-07-22 06:45:00+00:00,4119.02,4120.77,4117.26,4117.81,0.0
2026-07-22 06:50:00+00:00,4117.86,4117.86,4114.45,4116.59,0.0
2026-07-22 06:55:00+00:00,4116.53,4117.01,4113.53,4116.53,0.0
2026-07-22 07:00:00+00:00,4116.53,4116.93,4112.39,4112.76,0.0
2026-07-22 07:05:00+00:00,4112.77,4115.71,4112.58,4113.45,0.0
2026-07-22 07:10:00+00:00,4113.5,4116.46,4112.57,4116.46,0.0
2026-07-22 07:15:00+00:00,4116.47,4119.2,4116.08,4118.9,0.0
2026-07-22 07:20:00+00:00,4118.91,4122.64,4118.09,4118.1,0.0
2026-07-22 07:25:00+00:00,4118.02,4120.15,4117.88,4119.76,0.0
2026-07-22 07:30:00+00:00,4119.81,4122.9,4118.35,4119.03,0.0
2026-07-22 07:35:00+00:00,4118.41,4118.49,4115.34,4115.34,0.0
2026-07-22 07:40:00+00:00,4115.19,4115.34,4111.14,4112.45,0.0
2026-07-22 07:45:00+00:00,4112.47,4113.25,4109.99,4110.36,0.0
2026-07-22 07:50:00+00:00,4110.34,4114.12,4109.79,4114.08,0.0
2026-07-22 07:55:00+00:00,4114.18,4114.42,4109.46,4110.58,0.0
2026-07-22 08:00:00+00:00,4110.72,4115.13,4110.72,4115.0,0.0
2026-07-22 08:05:00+00:00,4115.03,4115.97,4113.71,4114.61,0.0
2026-07-22 08:10:00+00:00,4114.6,4115.79,4112.65,4114.76,0.0
2026-07-22 08:15:00+00:00,4114.76,4115.49,4113.58,4114.86,0.0
2026-07-22 08:20:00+00:00,4114.89,4117.91,4114.89,4116.88,0.0
2026-07-22 08:25:00+00:00,4116.95,4117.64,4115.6,4117.41,0.0
2026-07-22 08:30:00+00:00,4117.55,4119.22,4116.8,4117.89,0.0
2026-07-22 08:35:00+00:00,4117.96,4118.54,4116.75,4116.75,0.0
2026-07-22 08:40:00+00:00,4116.89,4117.44,4114.28,4114.52,0.0
2026-07-22 08:45:00+00:00,4114.61,4116.31,4113.46,4114.81,0.0
2026-07-22 08:50:00+00:00,4114.79,4117.88,4113.89,4117.78,0.0
2026-07-22 08:55:00+00:00,4117.75,4120.12,4117.69,4118.42,0.0
2026-07-22 09:00:00+00:00,4118.38,4120.5,4117.98,4119.61,0.0
2026-07-22 09:05:00+00:00,4119.84,4122.22,4118.13,4120.19,0.0
2026-07-22 09:10:00+00:00,4120.19,4122.25,4119.75,4121.74,0.0
2026-07-22 09:15:00+00:00,4121.76,4122.29,4120.09,4122.29,0.0
2026-07-22 09:20:00+00:00,4122.3,4122.39,4119.56,4120.69,0.0
2026-07-22 09:25:00+00:00,4120.79,4121.26,4118.2,4118.78,0.0
2026-07-22 09:30:00+00:00,4118.76,4121.7,4116.58,4117.41,0.0
2026-07-22 09:35:00+00:00,4117.44,4118.87,4114.56,4114.57,0.0
2026-07-22 09:40:00+00:00,4114.67,4118.86,4114.55,4116.13,0.0
2026-07-22 09:45:00+00:00,4116.1,4117.46,4115.93,4116.98,0.0
2026-07-22 09:50:00+00:00,4116.98,4117.63,4113.44,4115.09,0.0
2026-07-22 09:55:00+00:00,4115.22,4117.86,4114.28,4115.08,0.0
2026-07-22 10:00:00+00:00,4115.09,4119.91,4115.09,4116.49,0.0
2026-07-22 10:05:00+00:00,4116.4,4117.88,4116.1,4116.3,0.0
2026-07-22 10:10:00+00:00,4116.27,4118.05,4116.13,4117.71,0.0
2026-07-22 10:15:00+00:00,4117.56,4119.33,4116.6,4117.72,0.0
2026-07-22 10:20:00+00:00,4117.73,4121.72,4117.73,4121.54,0.0
2026-07-22 10:25:00+00:00,4121.51,4121.77,4119.22,4119.38,0.0
2026-07-22 10:30:00+00:00,4119.43,4120.0,4118.16,4118.96,0.0
2026-07-22 10:35:00+00:00,4118.92,4119.03,4116.85,4117.21,0.0
2026-07-22 10:40:00+00:00,4117.19,4117.83,4116.19,4117.17,0.0
2026-07-22 10:45:00+00:00,4117.18,4118.97,4116.44,4118.97,0.0
2026-07-22 10:50:00+00:00,4118.99,4120.28,4118.11,4118.32,0.0
2026-07-22 10:55:00+00:00,4118.27,4118.39,4116.31,4117.61,0.0
2026-07-22 11:00:00+00:00,4117.64,4118.16,4115.38,4117.14,0.0
2026-07-22 11:05:00+00:00,4117.15,4118.77,4116.21,4118.77,0.0
2026-07-22 11:10:00+00:00,4118.78,4120.95,4118.18,4119.24,0.0
2026-07-22 11:15:00+00:00,4119.23,4123.05,4118.74,4121.13,0.0
2026-07-22 11:20:00+00:00,4121.12,4122.64,4120.4,4120.58,0.0
2026-07-22 11:25:00+00:00,4120.58,4120.8,4117.7,4118.73,0.0
2026-07-22 11:30:00+00:00,4118.72,4120.59,4118.42,4119.95,0.0
2026-07-22 11:35:00+00:00,4119.94,4119.97,4117.43,4118.58,0.0
2026-07-22 11:40:00+00:00,4118.75,4119.27,4112.9,4115.72,0.0
2026-07-22 11:45:00+00:00,4115.29,4120.27,4115.06,4120.22,0.0
2026-07-22 11:50:00+00:00,4120.28,4121.41,4118.18,4119.81,0.0
2026-07-22 11:55:00+00:00,4119.84,4123.0,4119.65,4122.7,0.0
2026-07-22 12:00:00+00:00,4122.67,4126.5,4122.14,4125.53,0.0
2026-07-22 12:05:00+00:00,4125.38,4126.51,4123.69,4124.9,0.0
2026-07-22 12:10:00+00:00,4124.91,4127.32,4123.72,4126.83,0.0
2026-07-22 12:15:00+00:00,4127.11,4127.77,4125.1,4125.9,0.0
2026-07-22 12:20:00+00:00,4125.99,4130.16,4125.83,4129.6,0.0
2026-07-22 12:25:00+00:00,4129.63,4132.89,4128.66,4132.81,0.0
2026-07-22 12:30:00+00:00,4132.72,4134.31,4127.52,4127.52,0.0
2026-07-22 12:35:00+00:00,4127.72,4128.34,4124.89,4127.07,0.0
2026-07-22 12:40:00+00:00,4127.21,4128.57,4125.64,4127.45,0.0
2026-07-22 12:45:00+00:00,4127.43,4127.71,4118.96,4118.99,0.0
2026-07-22 12:50:00+00:00,4118.98,4119.73,4117.08,4118.13,0.0
2026-07-22 12:55:00+00:00,4118.16,4118.42,4108.78,4113.24,0.0
2026-07-22 13:00:00+00:00,4113.01,4120.5,4112.91,4119.37,0.0
2026-07-22 13:05:00+00:00,4119.41,4121.35,4117.66,4121.2,0.0
2026-07-22 13:10:00+00:00,4121.29,4125.91,4120.63,4125.91,0.0
2026-07-22 13:15:00+00:00,4125.81,4131.35,4125.19,4131.21,0.0
2026-07-22 13:20:00+00:00,4130.95,4133.85,4128.75,4133.65,0.0
2026-07-22 13:25:00+00:00,4133.67,4134.98,4131.39,4132.1,0.0
2026-07-22 13:30:00+00:00,4131.84,4146.57,4131.84,4142.13,0.0
2026-07-22 13:35:00+00:00,4142.26,4145.2,4138.9,4144.81,0.0
2026-07-22 13:40:00+00:00,4144.57,4145.9,4141.11,4142.8,0.0
2026-07-22 13:45:00+00:00,4142.79,4149.49,4142.75,4146.57,0.0
2026-07-22 13:50:00+00:00,4146.5,4148.2,4144.03,4145.62,0.0
2026-07-22 13:55:00+00:00,4145.64,4155.79,4144.85,4154.51,0.0
2026-07-22 14:00:00+00:00,4154.59,4163.36,4153.6,4157.04,0.0
2026-07-22 14:05:00+00:00,4156.81,4158.89,4153.57,4156.58,0.0
2026-07-22 14:10:00+00:00,4156.71,4159.01,4155.7,4156.66,0.0
2026-07-22 14:15:00+00:00,4156.64,4156.64,4149.09,4149.21,0.0
2026-07-22 14:20:00+00:00,4149.15,4152.64,4148.89,4149.86,0.0
2026-07-22 14:25:00+00:00,4149.87,4150.38,4144.89,4146.33,0.0
2026-07-22 14:30:00+00:00,4146.39,4152.64,4146.39,4150.62,0.0
2026-07-22 14:35:00+00:00,4150.64,4152.04,4149.01,4152.04,0.0
2026-07-22 14:40:00+00:00,4152.05,4152.9,4147.85,4150.97,0.0
2026-07-22 14:45:00+00:00,4150.95,4152.82,4145.77,4148.16,0.0
2026-07-22 14:50:00+00:00,4148.33,4148.9,4146.35,4147.85,0.0
2026-07-22 14:55:00+00:00,4147.83,4149.84,4144.21,4148.8,0.0
2026-07-22 15:00:00+00:00,4148.59,4155.06,4148.59,4154.74,0.0
2026-07-22 15:05:00+00:00,4154.73,4156.36,4153.91,4154.95,0.0
2026-07-22 15:10:00+00:00,4154.93,4158.55,4154.35,4157.56,0.0
2026-07-22 15:15:00+00:00,4157.59,4157.71,4153.44,4154.98,0.0
2026-07-22 15:20:00+00:00,4155.14,4161.33,4154.48,4159.82,0.0
2026-07-22 15:25:00+00:00,4159.91,4160.42,4156.66,4157.26,0.0
2026-07-22 15:30:00+00:00,4157.23,4158.84,4156.33,4156.97,0.0
2026-07-22 15:35:00+00:00,4156.83,4159.11,4155.81,4157.18,0.0
2026-07-22 15:40:00+00:00,4157.37,4160.88,4157.34,4160.1,0.0
2026-07-22 15:45:00+00:00,4160.01,4165.01,4158.71,4164.58,0.0
2026-07-22 15:50:00+00:00,4164.47,4166.04,4162.5,4162.82,0.0
2026-07-22 15:55:00+00:00,4162.6,4162.6,4158.61,4159.36,0.0
2026-07-22 16:00:00+00:00,4159.37,4159.37,4156.34,4156.97,0.0
2026-07-22 16:05:00+00:00,4156.95,4159.29,4156.49,4156.91,0.0
2026-07-22 16:10:00+00:00,4156.87,4156.9,4153.32,4154.39,0.0
2026-07-22 16:15:00+00:00,4154.57,4155.53,4151.37,4155.1,0.0
2026-07-22 16:20:00+00:00,4155.1,4155.56,4152.29,4152.3,0.0
2026-07-22 16:25:00+00:00,4152.57,4152.63,4148.01,4149.23,0.0
2026-07-22 16:30:00+00:00,4149.26,4150.64,4146.29,4146.45,0.0
2026-07-22 16:35:00+00:00,4146.44,4149.09,4144.63,4148.42,0.0
2026-07-22 16:40:00+00:00,4148.54,4151.39,4146.65,4147.14,0.0
2026-07-22 16:45:00+00:00,4147.16,4148.59,4145.94,4147.09,0.0
2026-07-22 16:50:00+00:00,4147.1,4147.36,4144.77,4146.76,0.0
2026-07-22 16:55:00+00:00,4146.79,4149.1,4146.06,4146.95,0.0
2026-07-22 17:00:00+00:00,4146.9,4147.95,4144.74,4147.12,0.0
2026-07-22 17:05:00+00:00,4147.15,4147.37,4143.31,4144.28,0.0
2026-07-22 17:10:00+00:00,4144.44,4145.96,4143.27,4145.4,0.0
2026-07-22 17:15:00+00:00,4145.47,4145.89,4142.92,4143.2,0.0
2026-07-22 17:20:00+00:00,4143.13,4145.69,4142.84,4143.64,0.0
2026-07-22 17:25:00+00:00,4143.67,4147.19,4143.37,4146.3,0.0
2026-07-22 17:30:00+00:00,4146.13,4147.53,4144.47,4144.88,0.0
2026-07-22 17:35:00+00:00,4144.9,4145.89,4139.05,4139.27,0.0
2026-07-22 17:40:00+00:00,4139.14,4141.29,4138.52,4140.66,0.0
2026-07-22 17:45:00+00:00,4140.65,4143.47,4140.63,4143.23,0.0
2026-07-22 17:50:00+00:00,4143.25,4143.75,4142.48,4142.87,0.0
2026-07-22 17:55:00+00:00,4142.76,4143.46,4141.23,4142.42,0.0
2026-07-22 18:00:00+00:00,4142.48,4142.75,4136.87,4137.79,0.0
2026-07-22 18:05:00+00:00,4137.76,4141.58,4137.56,4139.36,0.0
2026-07-22 18:10:00+00:00,4139.33,4140.6,4137.66,4138.09,0.0
2026-07-22 18:15:00+00:00,4138.15,4139.23,4136.84,4138.97,0.0
2026-07-22 18:20:00+00:00,4138.96,4139.7,4135.35,4136.85,0.0
2026-07-22 18:25:00+00:00,4136.8,4136.92,4134.91,4135.27,0.0
2026-07-22 18:30:00+00:00,4135.25,4135.65,4132.09,4132.57,0.0
2026-07-22 18:35:00+00:00,4132.83,4136.19,4132.8,4135.88,0.0
2026-07-22 18:40:00+00:00,4135.88,4136.3,4134.02,4135.93,0.0
2026-07-22 18:45:00+00:00,4135.94,4138.31,4135.5,4137.61,0.0
2026-07-22 18:50:00+00:00,4137.65,4138.85,4137.58,4137.62,0.0
2026-07-22 18:55:00+00:00,4137.62,4138.07,4135.98,4136.07,0.0
2026-07-22 19:00:00+00:00,4136.11,4136.11,4133.15,4135.09,0.0
2026-07-22 19:05:00+00:00,4135.05,4137.24,4135.05,4135.8,0.0
2026-07-22 19:10:00+00:00,4135.65,4135.92,4134.11,4134.14,0.0
2026-07-22 19:15:00+00:00,4134.13,4135.49,4133.37,4134.33,0.0
2026-07-22 19:20:00+00:00,4134.32,4135.05,4131.96,4134.31,0.0
2026-07-22 19:25:00+00:00,4134.34,4134.81,4132.76,4134.54,0.0
2026-07-22 19:30:00+00:00,4134.5,4136.27,4132.76,4135.84,0.0
2026-07-22 19:35:00+00:00,4135.75,4136.16,4133.81,4134.55,0.0
2026-07-22 19:40:00+00:00,4134.58,4135.96,4133.89,4134.0,0.0
2026-07-22 19:45:00+00:00,4134.0,4135.18,4133.32,4135.17,0.0
2026-07-22 19:50:00+00:00,4135.15,4135.34,4129.07,4130.73,0.0
2026-07-22 19:55:00+00:00,4130.63,4132.95,4130.38,4132.19,0.0
2026-07-22 20:00:00+00:00,4130.64,4135.19,4130.64,4131.0,0.0
2026-07-22 20:05:00+00:00,4131.04,4134.38,4130.59,4133.48,0.0
2026-07-22 20:10:00+00:00,4133.51,4135.52,4132.32,4135.52,0.0
2026-07-22 20:15:00+00:00,4134.61,4136.56,4134.08,4135.57,0.0
2026-07-22 20:20:00+00:00,4135.47,4136.75,4135.03,4136.75,0.0
2026-07-22 20:25:00+00:00,4136.73,4137.89,4136.33,4136.75,0.0
2026-07-22 20:30:00+00:00,4136.74,4137.72,4135.42,4135.43,0.0
2026-07-22 20:35:00+00:00,4135.43,4135.53,4134.01,4134.87,0.0
2026-07-22 20:40:00+00:00,4134.87,4135.34,4131.03,4131.03,0.0
2026-07-22 20:45:00+00:00,4131.05,4131.21,4128.5,4130.15,0.0
2026-07-22 20:50:00+00:00,4130.15,4130.18,4128.84,4129.46,0.0
2026-07-22 20:55:00+00:00,4129.43,4130.54,4129.17,4130.22,0.0
2026-07-22 22:00:00+00:00,4117.87,4138.83,4104.74,4119.48,0.0
2026-07-22 22:05:00+00:00,4121.15,4125.71,4120.58,4123.61,0.0
2026-07-22 22:10:00+00:00,4123.58,4123.86,4121.42,4123.86,0.0
2026-07-22 22:15:00+00:00,4123.92,4125.31,4120.96,4124.25,0.0
2026-07-22 22:20:00+00:00,4124.24,4126.11,4122.27,4123.03,0.0
2026-07-22 22:25:00+00:00,4123.14,4128.94,4122.87,4128.85,0.0
2026-07-22 22:30:00+00:00,4128.86,4129.86,4125.75,4125.75,0.0
2026-07-22 22:35:00+00:00,4125.77,4128.09,4124.36,4126.23,0.0
2026-07-22 22:40:00+00:00,4125.68,4126.23,4120.23,4121.72,0.0
2026-07-22 22:45:00+00:00,4121.73,4125.72,4120.92,4124.66,0.0
2026-07-22 22:50:00+00:00,4124.68,4126.03,4121.34,4123.7,0.0
2026-07-22 22:55:00+00:00,4123.57,4126.6,4121.07,4121.86,0.0
2026-07-22 23:00:00+00:00,4121.84,4122.89,4117.44,4118.56,0.0
2026-07-22 23:05:00+00:00,4118.72,4119.22,4116.88,4118.29,0.0
2026-07-22 23:10:00+00:00,4118.31,4124.8,4117.1,4123.9,0.0
2026-07-22 23:15:00+00:00,4123.94,4124.14,4120.19,4120.58,0.0
2026-07-22 23:20:00+00:00,4120.62,4122.16,4119.7,4120.72,0.0
2026-07-22 23:25:00+00:00,4120.72,4122.4,4119.31,4120.14,0.0
2026-07-22 23:30:00+00:00,4120.09,4122.58,4119.24,4120.77,0.0
2026-07-22 23:35:00+00:00,4120.68,4123.59,4120.04,4122.0,0.0
2026-07-22 23:40:00+00:00,4121.73,4124.67,4121.32,4123.7,0.0
2026-07-22 23:45:00+00:00,4123.79,4131.81,4123.25,4129.92,0.0
2026-07-22 23:50:00+00:00,4129.9,4131.71,4128.88,4131.55,0.0
2026-07-22 23:55:00+00:00,4131.44,4134.17,4130.9,4133.49,0.0
2026-07-23 00:00:00+00:00,4133.51,4134.39,4128.4,4130.6,0.0
2026-07-23 00:05:00+00:00,4130.79,4131.16,4127.73,4128.94,0.0
2026-07-23 00:10:00+00:00,4129.0,4129.0,4126.27,4126.98,0.0
2026-07-23 00:15:00+00:00,4126.91,4129.21,4126.91,4128.42,0.0
2026-07-23 00:20:00+00:00,4128.36,4133.03,4127.7,4133.0,0.0
2026-07-23 00:25:00+00:00,4132.97,4134.74,4129.01,4129.29,0.0
2026-07-23 00:30:00+00:00,4129.31,4131.72,4128.37,4130.28,0.0
2026-07-23 00:35:00+00:00,4130.29,4132.32,4128.11,4128.44,0.0
2026-07-23 00:40:00+00:00,4128.5,4129.1,4127.24,4128.1,0.0
2026-07-23 00:45:00+00:00,4128.06,4130.08,4127.07,4127.24,0.0
2026-07-23 00:50:00+00:00,4127.27,4129.53,4125.3,4129.16,0.0
2026-07-23 00:55:00+00:00,4129.15,4133.24,4127.72,4132.27,0.0
2026-07-23 01:00:00+00:00,4132.17,4139.06,4130.07,4133.5,0.0
2026-07-23 01:05:00+00:00,4133.11,4134.73,4130.86,4133.67,0.0
2026-07-23 01:10:00+00:00,4133.8,4137.18,4132.13,4134.77,0.0
2026-07-23 01:15:00+00:00,4134.56,4137.77,4133.81,4136.03,0.0
2026-07-23 01:20:00+00:00,4136.03,4139.97,4135.03,4137.79,0.0
2026-07-23 01:25:00+00:00,4137.84,4141.01,4136.98,4137.39,0.0
2026-07-23 01:30:00+00:00,4137.56,4139.0,4129.41,4133.4,0.0
2026-07-23 01:35:00+00:00,4133.41,4133.83,4123.05,4123.05,0.0
2026-07-23 01:40:00+00:00,4123.2,4127.51,4122.97,4123.12,0.0
2026-07-23 01:45:00+00:00,4121.91,4123.79,4118.55,4121.86,0.0
2026-07-23 01:50:00+00:00,4121.76,4122.54,4118.44,4118.5,0.0
2026-07-23 01:55:00+00:00,4119.01,4119.14,4114.53,4118.09,0.0
2026-07-23 02:00:00+00:00,4117.99,4119.0,4113.29,4113.95,0.0
2026-07-23 02:05:00+00:00,4113.95,4116.92,4112.44,4114.45,0.0
2026-07-23 02:10:00+00:00,4114.43,4118.61,4114.43,4117.83,0.0
2026-07-23 02:15:00+00:00,4117.82,4118.03,4113.5,4115.03,0.0
2026-07-23 02:20:00+00:00,4115.01,4117.09,4113.95,4116.43,0.0
2026-07-23 02:25:00+00:00,4116.42,4117.18,4114.33,4116.24,0.0
2026-07-23 02:30:00+00:00,4116.4,4119.35,4114.24,4116.76,0.0
2026-07-23 02:35:00+00:00,4116.75,4119.03,4115.03,4118.82,0.0
2026-07-23 02:40:00+00:00,4118.83,4122.39,4118.1,4122.29,0.0
2026-07-23 02:45:00+00:00,4122.31,4125.52,4122.31,4123.27,0.0
2026-07-23 02:50:00+00:00,4122.81,4128.43,4121.49,4125.4,0.0
2026-07-23 02:55:00+00:00,4125.51,4128.6,4125.25,4128.09,0.0
2026-07-23 03:00:00+00:00,4128.18,4129.03,4126.2,4126.55,0.0
2026-07-23 03:05:00+00:00,4126.38,4127.61,4124.68,4125.31,0.0
2026-07-23 03:10:00+00:00,4125.16,4127.24,4124.29,4127.24,0.0
2026-07-23 03:15:00+00:00,4127.26,4131.25,4126.86,4131.24,0.0
2026-07-23 03:20:00+00:00,4131.2,4132.99,4130.76,4132.67,0.0
2026-07-23 03:25:00+00:00,4132.75,4132.75,4129.81,4130.68,0.0
2026-07-23 03:30:00+00:00,4130.64,4130.64,4128.5,4130.3,0.0
2026-07-23 03:35:00+00:00,4130.4,4131.13,4128.74,4129.5,0.0
2026-07-23 03:40:00+00:00,4129.52,4130.33,4126.32,4128.93,0.0
2026-07-23 03:45:00+00:00,4128.87,4128.87,4125.25,4125.65,0.0
2026-07-23 03:50:00+00:00,4125.62,4126.21,4125.11,4126.01,0.0
2026-07-23 03:55:00+00:00,4125.9,4126.24,4124.26,4124.83,0.0
2026-07-23 04:00:00+00:00,4124.77,4125.16,4122.99,4123.73,0.0
2026-07-23 04:05:00+00:00,4123.79,4125.75,4122.68,4125.41,0.0
2026-07-23 04:10:00+00:00,4125.41,4127.71,4124.16,4127.7,0.0
2026-07-23 04:15:00+00:00,4127.79,4128.41,4125.27,4125.49,0.0
2026-07-23 04:20:00+00:00,4125.49,4129.38,4125.49,4128.18,0.0
2026-07-23 04:25:00+00:00,4128.2,4129.54,4127.43,4129.53,0.0
2026-07-23 04:30:00+00:00,4129.85,4130.36,4125.83,4127.05,0.0
2026-07-23 04:35:00+00:00,4127.05,4127.51,4125.94,4125.95,0.0
2026-07-23 04:40:00+00:00,4125.95,4125.98,4123.28,4123.34,0.0
2026-07-23 04:45:00+00:00,4123.32,4124.38,4121.7,4122.02,0.0
2026-07-23 04:50:00+00:00,4121.98,4122.82,4120.5,4120.78,0.0
2026-07-23 04:55:00+00:00,4120.83,4121.64,4120.18,4121.29,0.0
2026-07-23 05:00:00+00:00,4121.28,4122.69,4119.73,4120.23,0.0
2026-07-23 05:05:00+00:00,4120.47,4124.39,4120.47,4124.33,0.0
2026-07-23 05:10:00+00:00,4124.32,4125.1,4123.61,4124.67,0.0
2026-07-23 05:15:00+00:00,4124.53,4124.53,4121.4,4122.17,0.0
2026-07-23 05:20:00+00:00,4122.15,4122.85,4120.17,4121.67,0.0
2026-07-23 05:25:00+00:00,4121.56,4125.21,4121.47,4125.21,0.0
2026-07-23 05:30:00+00:00,4125.62,4128.53,4124.7,4127.84,0.0
2026-07-23 05:35:00+00:00,4127.63,4128.6,4126.37,4126.37,0.0
2026-07-23 05:40:00+00:00,4126.39,4127.87,4124.82,4127.8,0.0
2026-07-23 05:45:00+00:00,4127.8,4130.37,4126.28,4126.77,0.0
2026-07-23 05:50:00+00:00,4126.75,4127.4,4124.26,4125.36,0.0
2026-07-23 05:55:00+00:00,4125.37,4125.37,4120.88,4124.24,0.0
2026-07-23 06:00:00+00:00,4124.24,4128.26,4123.68,4124.13,0.0
2026-07-23 06:05:00+00:00,4124.11,4124.91,4121.36,4122.73,0.0
2026-07-23 06:10:00+00:00,4122.6,4124.41,4122.19,4123.29,0.0
2026-07-23 06:15:00+00:00,4123.29,4127.72,4122.6,4127.04,0.0
2026-07-23 06:20:00+00:00,4127.0,4127.32,4123.54,4124.95,0.0
2026-07-23 06:25:00+00:00,4124.95,4124.98,4121.45,4122.22,0.0
2026-07-23 06:30:00+00:00,4122.21,4123.13,4120.73,4122.56,0.0
2026-07-23 06:35:00+00:00,4122.56,4123.96,4120.97,4120.97,0.0
2026-07-23 06:40:00+00:00,4120.99,4121.5,4117.04,4119.92,0.0
2026-07-23 06:45:00+00:00,4120.15,4122.41,4119.54,4121.91,0.0
2026-07-23 06:50:00+00:00,4121.76,4122.11,4119.8,4120.38,0.0
2026-07-23 06:55:00+00:00,4120.37,4120.52,4118.04,4118.68,0.0
2026-07-23 07:00:00+00:00,4118.69,4119.48,4114.15,4115.24,0.0
2026-07-23 07:05:00+00:00,4115.33,4116.36,4109.9,4110.48,0.0
2026-07-23 07:10:00+00:00,4110.51,4110.51,4102.09,4107.25,0.0
2026-07-23 07:15:00+00:00,4106.79,4112.05,4106.79,4109.54,0.0
2026-07-23 07:20:00+00:00,4109.65,4109.71,4105.73,4105.9,0.0
2026-07-23 07:25:00+00:00,4105.88,4110.65,4105.88,4108.5,0.0
2026-07-23 07:30:00+00:00,4108.49,4108.81,4102.32,4105.4,0.0
2026-07-23 07:35:00+00:00,4105.38,4105.62,4099.51,4100.77,0.0
2026-07-23 07:40:00+00:00,4100.76,4101.89,4091.49,4095.59,0.0
2026-07-23 07:45:00+00:00,4095.64,4096.88,4091.52,4093.14,0.0
2026-07-23 07:50:00+00:00,4093.11,4095.2,4090.44,4093.98,0.0
2026-07-23 07:55:00+00:00,4093.73,4096.87,4092.46,4095.46,0.0
2026-07-23 08:00:00+00:00,4095.51,4097.26,4090.4,4092.7,0.0
2026-07-23 08:05:00+00:00,4092.55,4096.19,4092.55,4096.05,0.0
2026-07-23 08:10:00+00:00,4096.09,4097.7,4090.43,4091.51,0.0
2026-07-23 08:15:00+00:00,4091.53,4092.5,4089.83,4089.88,0.0
2026-07-23 08:20:00+00:00,4089.72,4091.58,4088.75,4090.58,0.0
2026-07-23 08:25:00+00:00,4090.72,4092.13,4089.15,4091.89,0.0
2026-07-23 08:30:00+00:00,4091.96,4093.44,4090.08,4092.77,0.0
2026-07-23 08:35:00+00:00,4092.78,4093.74,4091.02,4092.18,0.0
2026-07-23 08:40:00+00:00,4092.13,4092.68,4088.91,4092.68,0.0
2026-07-23 08:45:00+00:00,4092.48,4092.48,4087.18,4089.58,0.0
2026-07-23 08:50:00+00:00,4089.62,4092.81,4088.37,4092.72,0.0
2026-07-23 08:55:00+00:00,4092.96,4094.9,4092.79,4093.39,0.0
2026-07-23 09:00:00+00:00,4093.51,4099.44,4092.88,4099.39,0.0
2026-07-23 09:05:00+00:00,4099.27,4099.27,4096.85,4097.11,0.0
2026-07-23 09:10:00+00:00,4097.16,4098.71,4095.1,4095.21,0.0
2026-07-23 09:15:00+00:00,4095.01,4097.1,4094.28,4096.96,0.0
2026-07-23 09:20:00+00:00,4096.97,4096.97,4093.2,4093.35,0.0
2026-07-23 09:25:00+00:00,4093.51,4094.28,4089.54,4091.48,0.0
2026-07-23 09:30:00+00:00,4091.53,4092.34,4088.84,4092.18,0.0
2026-07-23 09:35:00+00:00,4092.15,4092.76,4090.81,4092.06,0.0
2026-07-23 09:40:00+00:00,4092.04,4092.83,4090.55,4091.95,0.0
2026-07-23 09:45:00+00:00,4091.95,4094.25,4091.75,4093.46,0.0
2026-07-23 09:50:00+00:00,4093.47,4093.96,4090.06,4092.98,0.0
2026-07-23 09:55:00+00:00,4092.96,4093.09,4088.59,4089.95,0.0
2026-07-23 10:00:00+00:00,4089.97,4091.66,4088.2,4090.76,0.0
2026-07-23 10:05:00+00:00,4090.76,4091.33,4088.11,4089.09,0.0
2026-07-23 10:10:00+00:00,4089.08,4091.45,4088.36,4090.94,0.0
2026-07-23 10:15:00+00:00,4090.95,4092.43,4088.84,4088.84,0.0
2026-07-23 10:20:00+00:00,4088.86,4089.21,4086.32,4087.45,0.0
2026-07-23 10:25:00+00:00,4087.73,4090.45,4087.49,4089.95,0.0
2026-07-23 10:30:00+00:00,4089.91,4092.79,4086.73,4087.24,0.0
2026-07-23 10:35:00+00:00,4087.35,4090.27,4086.88,4090.03,0.0
2026-07-23 10:40:00+00:00,4090.03,4090.03,4087.54,4089.49,0.0
2026-07-23 10:45:00+00:00,4089.49,4093.59,4087.4,4093.44,0.0
2026-07-23 10:50:00+00:00,4093.48,4094.32,4091.84,4094.15,0.0
2026-07-23 10:55:00+00:00,4094.07,4095.32,4092.19,4093.46,0.0
2026-07-23 11:00:00+00:00,4093.3,4093.85,4090.88,4091.77,0.0
2026-07-23 11:05:00+00:00,4092.09,4092.26,4088.56,4088.85,0.0
2026-07-23 11:10:00+00:00,4088.77,4089.56,4087.17,4087.75,0.0
2026-07-23 11:15:00+00:00,4087.83,4089.32,4084.61,4085.95,0.0
2026-07-23 11:20:00+00:00,4085.81,4086.84,4081.27,4084.21,0.0
2026-07-23 11:25:00+00:00,4084.12,4085.08,4081.79,4084.48,0.0
2026-07-23 11:30:00+00:00,4084.5,4084.5,4079.75,4080.9,0.0
2026-07-23 11:35:00+00:00,4080.9,4083.36,4079.48,4079.58,0.0
2026-07-23 11:40:00+00:00,4079.46,4079.62,4073.89,4078.85,0.0
2026-07-23 11:45:00+00:00,4078.81,4082.21,4078.07,4081.69,0.0
2026-07-23 11:50:00+00:00,4081.9,4088.76,4081.9,4084.73,0.0
2026-07-23 11:55:00+00:00,4084.69,4086.35,4083.18,4085.83,0.0
2026-07-23 12:00:00+00:00,4085.77,4085.77,4082.36,4083.44,0.0
2026-07-23 12:05:00+00:00,4083.44,4085.51,4082.31,4083.29,0.0
2026-07-23 12:10:00+00:00,4083.3,4085.43,4081.38,4081.55,0.0
2026-07-23 12:15:00+00:00,4081.58,4082.65,4073.7,4078.12,0.0
2026-07-23 12:20:00+00:00,4077.99,4078.38,4070.63,4072.02,0.0
2026-07-23 12:25:00+00:00,4071.84,4077.36,4071.33,4075.12,0.0
2026-07-23 12:30:00+00:00,4075.21,4075.21,4068.02,4075.1,0.0
2026-07-23 12:35:00+00:00,4074.91,4074.91,4064.75,4073.39,0.0
2026-07-23 12:40:00+00:00,4073.4,4073.4,4066.56,4068.95,0.0
2026-07-23 12:45:00+00:00,4069.11,4069.31,4063.15,4066.16,0.0
2026-07-23 12:50:00+00:00,4066.06,4068.14,4062.31,4064.17,0.0
2026-07-23 12:55:00+00:00,4064.17,4066.8,4061.18,4062.17,0.0
2026-07-23 13:00:00+00:00,4061.9,4063.41,4054.87,4056.5,0.0
2026-07-23 13:05:00+00:00,4055.8,4057.12,4044.97,4047.13,0.0
2026-07-23 13:10:00+00:00,4047.11,4047.4,4040.91,4041.4,0.0
2026-07-23 13:15:00+00:00,4041.0,4049.59,4040.97,4049.15,0.0
2026-07-23 13:20:00+00:00,4049.07,4054.23,4048.97,4051.79,0.0
2026-07-23 13:25:00+00:00,4051.72,4058.99,4051.72,4058.99,0.0
2026-07-23 13:30:00+00:00,4058.77,4067.08,4058.75,4063.55,0.0
2026-07-23 13:35:00+00:00,4063.45,4064.51,4055.64,4056.78,0.0
2026-07-23 13:40:00+00:00,4056.74,4062.17,4055.65,4056.59,0.0
2026-07-23 13:45:00+00:00,4056.32,4056.89,4050.1,4052.59,0.0
2026-07-23 13:50:00+00:00,4052.81,4058.96,4052.01,4056.37,0.0
2026-07-23 13:55:00+00:00,4056.37,4057.5,4043.02,4043.23,0.0
2026-07-23 14:00:00+00:00,4043.38,4050.7,4043.07,4043.91,0.0
2026-07-23 14:05:00+00:00,4044.01,4045.94,4040.37,4045.62,0.0
2026-07-23 14:10:00+00:00,4045.75,4051.23,4042.05,4048.38,0.0
2026-07-23 14:15:00+00:00,4048.08,4050.08,4042.68,4044.33,0.0
2026-07-23 14:20:00+00:00,4044.24,4052.38,4043.08,4052.38,0.0
2026-07-23 14:25:00+00:00,4052.3,4056.83,4051.4,4056.8,0.0
2026-07-23 14:30:00+00:00,4056.5,4057.9,4051.9,4054.74,0.0
2026-07-23 14:35:00+00:00,4054.62,4060.14,4051.95,4058.97,0.0
2026-07-23 14:40:00+00:00,4059.15,4059.88,4056.17,4057.23,0.0
2026-07-23 14:45:00+00:00,4057.18,4061.75,4056.2,4059.23,0.0
2026-07-23 14:50:00+00:00,4059.26,4060.39,4056.84,4057.04,0.0
2026-07-23 14:55:00+00:00,4057.04,4060.14,4056.78,4058.17,0.0
2026-07-23 15:00:00+00:00,4058.02,4059.43,4055.84,4056.58,0.0
2026-07-23 15:05:00+00:00,4056.83,4057.76,4051.84,4051.98,0.0
2026-07-23 15:10:00+00:00,4052.17,4054.05,4049.65,4051.57,0.0
2026-07-23 15:15:00+00:00,4051.53,4056.67,4050.5,4052.33,0.0
2026-07-23 15:20:00+00:00,4052.63,4053.47,4045.95,4050.31,0.0
2026-07-23 15:25:00+00:00,4050.19,4050.81,4046.64,4047.08,0.0
2026-07-23 15:30:00+00:00,4047.06,4047.06,4042.53,4045.65,0.0
2026-07-23 15:35:00+00:00,4046.0,4050.76,4045.99,4049.18,0.0
2026-07-23 15:40:00+00:00,4049.37,4053.19,4048.28,4048.33,0.0
2026-07-23 15:45:00+00:00,4048.23,4051.08,4047.45,4049.69,0.0
2026-07-23 15:50:00+00:00,4049.57,4050.89,4047.01,4050.23,0.0
2026-07-23 15:55:00+00:00,4050.38,4050.67,4046.91,4048.81,0.0
2026-07-23 16:00:00+00:00,4048.8,4050.8,4048.65,4048.66,0.0
2026-07-23 16:05:00+00:00,4048.61,4050.37,4047.51,4048.56,0.0
2026-07-23 16:10:00+00:00,4048.67,4050.92,4048.14,4050.44,0.0
2026-07-23 16:15:00+00:00,4050.27,4050.81,4045.95,4046.58,0.0
2026-07-23 16:20:00+00:00,4046.58,4051.43,4046.58,4048.6,0.0
2026-07-23 16:25:00+00:00,4048.71,4051.47,4048.53,4050.16,0.0
2026-07-23 16:30:00+00:00,4050.15,4050.71,4048.22,4048.27,0.0
2026-07-23 16:35:00+00:00,4048.32,4050.82,4047.21,4050.41,0.0
2026-07-23 16:40:00+00:00,4050.43,4050.96,4049.33,4049.89,0.0
2026-07-23 16:45:00+00:00,4049.94,4050.92,4048.89,4049.2,0.0
2026-07-23 16:50:00+00:00,4049.19,4049.78,4048.14,4049.12,0.0
2026-07-23 16:55:00+00:00,4049.17,4051.84,4049.17,4051.4,0.0
2026-07-23 17:00:00+00:00,4051.52,4054.64,4050.72,4051.7,0.0
2026-07-23 17:05:00+00:00,4051.67,4053.19,4047.03,4048.2,0.0
2026-07-23 17:10:00+00:00,4048.18,4049.51,4047.03,4047.4,0.0
2026-07-23 17:15:00+00:00,4047.36,4049.79,4046.33,4046.66,0.0
2026-07-23 17:20:00+00:00,4046.67,4050.59,4046.67,4048.74,0.0
2026-07-23 17:25:00+00:00,4048.88,4049.86,4046.83,4047.31,0.0
2026-07-23 17:30:00+00:00,4047.37,4049.25,4046.99,4047.73,0.0
2026-07-23 17:35:00+00:00,4047.64,4047.64,4044.44,4044.45,0.0
2026-07-23 17:40:00+00:00,4044.88,4045.55,4042.09,4042.99,0.0
2026-07-23 17:45:00+00:00,4043.02,4044.35,4042.35,4044.18,0.0
2026-07-23 17:50:00+00:00,4044.26,4044.34,4042.11,4043.37,0.0
2026-07-23 17:55:00+00:00,4043.15,4043.62,4041.74,4041.97,0.0
2026-07-23 18:00:00+00:00,4041.88,4043.39,4040.98,4041.87,0.0
2026-07-23 18:05:00+00:00,4041.82,4044.26,4040.91,4043.43,0.0
2026-07-23 18:10:00+00:00,4043.4,4044.19,4041.69,4041.94,0.0
2026-07-23 18:15:00+00:00,4042.01,4044.78,4041.07,4043.26,0.0
2026-07-23 18:20:00+00:00,4043.16,4043.68,4040.9,4041.98,0.0
2026-07-23 18:25:00+00:00,4042.04,4045.18,4041.34,4044.59,0.0
2026-07-23 18:30:00+00:00,4044.58,4048.08,4044.58,4045.31,0.0
2026-07-23 18:35:00+00:00,4045.54,4046.95,4044.54,4045.36,0.0
2026-07-23 18:40:00+00:00,4045.44,4046.8,4045.09,4046.61,0.0
2026-07-23 18:45:00+00:00,4046.61,4048.46,4046.61,4047.34,0.0
2026-07-23 18:50:00+00:00,4047.41,4047.49,4045.97,4046.37,0.0
2026-07-23 18:55:00+00:00,4046.31,4047.01,4044.76,4046.23,0.0
2026-07-23 19:00:00+00:00,4046.13,4048.55,4045.17,4045.29,0.0
2026-07-23 19:05:00+00:00,4045.29,4046.34,4043.73,4043.73,0.0
2026-07-23 19:10:00+00:00,4043.69,4044.53,4043.11,4043.35,0.0
2026-07-23 19:15:00+00:00,4043.33,4045.89,4043.23,4045.13,0.0
2026-07-23 19:20:00+00:00,4045.12,4048.47,4045.11,4048.11,0.0
2026-07-23 19:25:00+00:00,4048.16,4049.26,4047.22,4048.28,0.0
2026-07-23 19:30:00+00:00,4048.34,4050.94,4046.0,4047.49,0.0
2026-07-23 19:35:00+00:00,4047.5,4048.37,4046.97,4048.04,0.0
2026-07-23 19:40:00+00:00,4047.98,4048.28,4046.03,4046.22,0.0
2026-07-23 19:45:00+00:00,4045.97,4046.88,4045.08,4046.21,0.0
2026-07-23 19:50:00+00:00,4046.2,4050.51,4046.2,4050.44,0.0
2026-07-23 19:55:00+00:00,4050.47,4051.01,4049.74,4050.17,0.0
2026-07-23 20:00:00+00:00,4050.46,4051.13,4048.98,4049.34,0.0
2026-07-23 20:05:00+00:00,4049.11,4050.03,4048.45,4048.72,0.0
2026-07-23 20:10:00+00:00,4048.82,4050.11,4048.66,4049.62,0.0
2026-07-23 20:15:00+00:00,4049.62,4049.73,4048.15,4048.78,0.0
2026-07-23 20:20:00+00:00,4048.78,4049.18,4047.56,4049.09,0.0
2026-07-23 20:25:00+00:00,4049.08,4050.63,4048.96,4050.27,0.0
2026-07-23 20:30:00+00:00,4050.31,4050.56,4049.25,4050.07,0.0
2026-07-23 20:35:00+00:00,4050.06,4050.76,4050.01,4050.35,0.0
2026-07-23 20:40:00+00:00,4050.32,4050.32,4048.99,4050.0,0.0
2026-07-23 20:45:00+00:00,4050.0,4050.12,4049.05,4049.73,0.0
2026-07-23 20:50:00+00:00,4049.73,4049.73,4047.55,4048.31,0.0
2026-07-23 20:55:00+00:00,4048.32,4049.69,4048.32,4049.48,0.0
2026-07-23 22:00:00+00:00,4050.16,4050.59,4048.72,4049.02,0.0
2026-07-23 22:05:00+00:00,4049.02,4050.34,4048.78,4049.13,0.0
2026-07-23 22:10:00+00:00,4049.13,4049.58,4049.02,4049.06,0.0
2026-07-23 22:15:00+00:00,4049.06,4049.99,4049.06,4049.8,0.0
2026-07-23 22:20:00+00:00,4049.8,4050.32,4049.58,4050.16,0.0
2026-07-23 22:25:00+00:00,4050.15,4050.15,4049.45,4050.08,0.0
2026-07-23 22:30:00+00:00,4050.06,4050.49,4049.86,4050.3,0.0
2026-07-23 22:35:00+00:00,4050.3,4050.37,4049.7,4049.95,0.0
2026-07-23 22:40:00+00:00,4049.94,4050.3,4048.94,4049.5,0.0
2026-07-23 22:45:00+00:00,4049.5,4050.01,4048.67,4048.69,0.0
2026-07-23 22:50:00+00:00,4048.75,4050.43,4048.75,4049.99,0.0
2026-07-23 22:55:00+00:00,4049.99,4050.21,4048.72,4049.63,0.0
2026-07-23 23:00:00+00:00,4049.63,4049.93,4048.85,4048.9,0.0
2026-07-23 23:05:00+00:00,4048.92,4049.19,4047.85,4048.42,0.0
2026-07-23 23:10:00+00:00,4048.42,4048.68,4047.58,4048.6,0.0
2026-07-23 23:15:00+00:00,4048.59,4049.3,4047.4,4047.4,0.0
2026-07-23 23:20:00+00:00,4047.42,4049.36,4047.32,4049.28,0.0
2026-07-23 23:25:00+00:00,4049.36,4050.03,4048.98,4049.22,0.0
2026-07-23 23:30:00+00:00,4049.37,4050.54,4049.27,4050.5,0.0
2026-07-23 23:35:00+00:00,4050.54,4050.54,4048.49,4048.49,0.0
2026-07-23 23:40:00+00:00,4048.49,4048.6,4047.29,4048.32,0.0
2026-07-23 23:45:00+00:00,4048.32,4049.7,4047.23,4048.63,0.0
2026-07-23 23:50:00+00:00,4048.63,4049.61,4047.36,4047.7,0.0
2026-07-23 23:55:00+00:00,4047.7,4048.47,4046.81,4047.16,0.0
2026-07-24 00:00:00+00:00,4047.18,4050.1,4047.06,4047.25,0.0
2026-07-24 00:05:00+00:00,4047.29,4047.53,4045.09,4045.75,0.0
2026-07-24 00:10:00+00:00,4045.75,4046.61,4041.47,4041.47,0.0
2026-07-24 00:15:00+00:00,4041.66,4045.12,4041.43,4043.23,0.0
2026-07-24 00:20:00+00:00,4043.28,4048.03,4043.02,4046.2,0.0
2026-07-24 00:25:00+00:00,4046.2,4046.9,4044.19,4046.68,0.0
2026-07-24 00:30:00+00:00,4046.73,4047.36,4045.05,4046.28,0.0
2026-07-24 00:35:00+00:00,4046.26,4049.95,4045.5,4048.6,0.0
2026-07-24 00:40:00+00:00,4048.61,4050.26,4047.83,4049.42,0.0
2026-07-24 00:45:00+00:00,4049.43,4050.46,4049.02,4049.03,0.0
2026-07-24 00:50:00+00:00,4049.05,4049.94,4048.58,4048.97,0.0
2026-07-24 00:55:00+00:00,4049.13,4050.57,4048.93,4049.83,0.0
2026-07-24 01:00:00+00:00,4049.92,4050.25,4040.75,4044.34,0.0
2026-07-24 01:05:00+00:00,4044.1,4044.97,4042.09,4043.09,0.0
2026-07-24 01:10:00+00:00,4043.19,4044.76,4040.9,4042.5,0.0
2026-07-24 01:15:00+00:00,4042.56,4045.94,4041.61,4044.92,0.0
2026-07-24 01:20:00+00:00,4044.93,4045.38,4042.28,4045.12,0.0
2026-07-24 01:25:00+00:00,4045.06,4045.83,4042.94,4042.99,0.0
2026-07-24 01:30:00+00:00,4042.87,4045.18,4041.85,4044.08,0.0
2026-07-24 01:35:00+00:00,4043.98,4045.14,4042.25,4043.63,0.0
2026-07-24 01:40:00+00:00,4043.62,4050.28,4043.6,4050.01,0.0
2026-07-24 01:45:00+00:00,4050.02,4050.16,4048.03,4048.03,0.0
2026-07-24 01:50:00+00:00,4048.0,4048.0,4045.2,4046.25,0.0
2026-07-24 01:55:00+00:00,4046.19,4046.46,4041.61,4043.78,0.0
2026-07-24 02:00:00+00:00,4043.73,4045.29,4042.56,4042.59,0.0
2026-07-24 02:05:00+00:00,4042.69,4044.73,4041.2,4044.64,0.0
2026-07-24 02:10:00+00:00,4044.89,4045.98,4044.08,4045.8,0.0
2026-07-24 02:15:00+00:00,4045.8,4045.96,4044.97,4045.06,0.0
2026-07-24 02:20:00+00:00,4045.06,4046.41,4042.87,4046.41,0.0
2026-07-24 02:25:00+00:00,4046.42,4048.18,4045.88,4046.65,0.0
2026-07-24 02:30:00+00:00,4046.54,4048.17,4043.88,4044.23,0.0
2026-07-24 02:35:00+00:00,4044.32,4044.85,4041.59,4042.54,0.0
2026-07-24 02:40:00+00:00,4042.54,4043.92,4041.61,4041.84,0.0
2026-07-24 02:45:00+00:00,4041.79,4041.84,4026.67,4026.89,0.0
2026-07-24 02:50:00+00:00,4026.55,4030.39,4025.68,4025.69,0.0
2026-07-24 02:55:00+00:00,4025.77,4027.49,4023.26,4024.78,0.0
2026-07-24 03:00:00+00:00,4024.61,4027.4,4023.32,4026.8,0.0
2026-07-24 03:05:00+00:00,4026.8,4028.92,4026.65,4026.96,0.0
2026-07-24 03:10:00+00:00,4026.98,4032.31,4026.31,4032.1,0.0
2026-07-24 03:15:00+00:00,4031.94,4033.59,4029.2,4029.23,0.0
2026-07-24 03:20:00+00:00,4029.3,4031.8,4028.38,4030.39,0.0
2026-07-24 03:25:00+00:00,4030.4,4030.93,4028.68,4030.37,0.0
2026-07-24 03:30:00+00:00,4030.45,4033.17,4030.45,4031.98,0.0
2026-07-24 03:35:00+00:00,4032.11,4033.0,4031.17,4031.54,0.0
2026-07-24 03:40:00+00:00,4031.57,4032.87,4031.01,4031.84,0.0
2026-07-24 03:45:00+00:00,4031.71,4032.13,4030.01,4031.63,0.0
2026-07-24 03:50:00+00:00,4031.63,4032.2,4029.96,4029.96,0.0
2026-07-24 03:55:00+00:00,4029.96,4029.96,4028.55,4029.45,0.0
2026-07-24 04:00:00+00:00,4029.45,4029.75,4028.05,4029.55,0.0
2026-07-24 04:05:00+00:00,4029.48,4030.35,4028.42,4029.43,0.0
2026-07-24 04:10:00+00:00,4029.43,4029.44,4027.27,4028.33,0.0
2026-07-24 04:15:00+00:00,4028.3,4028.93,4027.8,4028.64,0.0
2026-07-24 04:20:00+00:00,4028.64,4030.14,4028.05,4029.51,0.0
2026-07-24 04:25:00+00:00,4029.51,4030.42,4029.51,4029.85,0.0
2026-07-24 04:30:00+00:00,4029.87,4030.36,4028.8,4029.15,0.0
2026-07-24 04:35:00+00:00,4029.04,4029.85,4027.26,4027.28,0.0
2026-07-24 04:40:00+00:00,4027.37,4027.68,4026.15,4026.97,0.0
2026-07-24 04:45:00+00:00,4026.98,4027.33,4025.7,4027.06,0.0
2026-07-24 04:50:00+00:00,4027.03,4027.33,4026.11,4027.14,0.0
2026-07-24 04:55:00+00:00,4027.01,4028.86,4026.8,4027.16,0.0
2026-07-24 05:00:00+00:00,4027.16,4028.66,4025.38,4028.66,0.0
2026-07-24 05:05:00+00:00,4028.75,4030.0,4027.86,4029.04,0.0
2026-07-24 05:10:00+00:00,4029.09,4032.21,4027.54,4027.73,0.0
2026-07-24 05:15:00+00:00,4027.71,4027.77,4022.58,4024.47,0.0
2026-07-24 05:20:00+00:00,4024.5,4029.77,4024.34,4027.55,0.0
2026-07-24 05:25:00+00:00,4027.55,4027.78,4025.63,4026.29,0.0
2026-07-24 05:30:00+00:00,4026.3,4031.59,4025.8,4031.38,0.0
2026-07-24 05:35:00+00:00,4031.39,4031.39,4025.15,4026.3,0.0
2026-07-24 05:40:00+00:00,4026.24,4028.39,4024.26,4024.88,0.0
2026-07-24 05:45:00+00:00,4024.89,4029.04,4024.71,4028.22,0.0
2026-07-24 05:50:00+00:00,4028.21,4029.34,4023.1,4023.73,0.0
2026-07-24 05:55:00+00:00,4023.72,4024.0,4022.17,4023.17,0.0
2026-07-24 06:00:00+00:00,4023.13,4025.82,4023.13,4025.13,0.0
2026-07-24 06:05:00+00:00,4025.28,4027.39,4024.69,4027.19,0.0
2026-07-24 06:10:00+00:00,4027.34,4031.38,4026.68,4030.94,0.0
2026-07-24 06:15:00+00:00,4031.01,4034.12,4029.49,4034.12,0.0
2026-07-24 06:20:00+00:00,4034.13,4036.97,4033.71,4036.36,0.0
2026-07-24 06:25:00+00:00,4036.34,4039.05,4035.37,4036.66,0.0
2026-07-24 06:30:00+00:00,4036.69,4036.69,4033.4,4034.5,0.0
2026-07-24 06:35:00+00:00,4034.69,4037.23,4034.6,4035.53,0.0
2026-07-24 06:40:00+00:00,4035.58,4036.86,4033.69,4033.94,0.0
2026-07-24 06:45:00+00:00,4033.98,4036.99,4033.94,4034.16,0.0
2026-07-24 06:50:00+00:00,4034.11,4035.64,4031.84,4035.51,0.0
2026-07-24 06:55:00+00:00,4035.4,4038.53,4035.15,4035.94,0.0
2026-07-24 07:00:00+00:00,4035.82,4040.21,4035.3,4038.52,0.0
2026-07-24 07:05:00+00:00,4038.5,4045.8,4038.46,4045.79,0.0
2026-07-24 07:10:00+00:00,4045.79,4047.46,4045.09,4045.78,0.0
2026-07-24 07:15:00+00:00,4045.54,4047.51,4044.17,4047.45,0.0
2026-07-24 07:20:00+00:00,4047.43,4049.03,4046.11,4048.35,0.0
2026-07-24 07:25:00+00:00,4048.26,4050.79,4047.83,4048.94,0.0
2026-07-24 07:30:00+00:00,4048.93,4053.46,4048.04,4053.46,0.0
2026-07-24 07:35:00+00:00,4053.64,4053.64,4046.75,4046.93,0.0
2026-07-24 07:40:00+00:00,4046.93,4048.58,4045.99,4048.5,0.0
2026-07-24 07:45:00+00:00,4048.51,4048.51,4046.23,4047.41,0.0
2026-07-24 07:50:00+00:00,4047.4,4048.61,4047.03,4047.89,0.0
2026-07-24 07:55:00+00:00,4047.92,4049.72,4047.76,4048.4,0.0
2026-07-24 08:00:00+00:00,4048.43,4049.18,4046.76,4047.42,0.0
2026-07-24 08:05:00+00:00,4047.53,4047.89,4045.4,4047.5,0.0
2026-07-24 08:10:00+00:00,4047.55,4047.78,4045.84,4046.95,0.0
2026-07-24 08:15:00+00:00,4046.96,4047.87,4045.29,4046.88,0.0
2026-07-24 08:20:00+00:00,4046.81,4048.14,4046.33,4046.74,0.0
2026-07-24 08:25:00+00:00,4046.94,4052.47,4046.36,4052.47,0.0
2026-07-24 08:30:00+00:00,4052.53,4052.53,4050.13,4050.15,0.0
2026-07-24 08:35:00+00:00,4050.06,4053.08,4048.95,4052.93,0.0
2026-07-24 08:40:00+00:00,4052.79,4055.5,4052.77,4054.87,0.0
2026-07-24 08:45:00+00:00,4054.85,4054.99,4052.46,4054.86,0.0
2026-07-24 08:50:00+00:00,4054.86,4057.18,4054.43,4056.53,0.0
2026-07-24 08:55:00+00:00,4056.39,4058.72,4056.29,4057.62,0.0
2026-07-24 09:00:00+00:00,4057.68,4060.68,4056.07,4056.76,0.0
2026-07-24 09:05:00+00:00,4056.74,4057.6,4055.26,4057.6,0.0
2026-07-24 09:10:00+00:00,4057.64,4057.99,4053.37,4054.31,0.0
2026-07-24 09:15:00+00:00,4054.25,4056.63,4053.43,4055.23,0.0
2026-07-24 09:20:00+00:00,4055.12,4055.13,4053.46,4054.93,0.0
2026-07-24 09:25:00+00:00,4054.81,4056.08,4052.61,4052.97,0.0
2026-07-24 09:30:00+00:00,4053.08,4054.62,4051.97,4053.88,0.0
2026-07-24 09:35:00+00:00,4053.92,4055.16,4053.66,4055.01,0.0
2026-07-24 09:40:00+00:00,4055.03,4056.23,4054.2,4055.75,0.0
2026-07-24 09:45:00+00:00,4055.75,4056.21,4055.26,4055.33,0.0
2026-07-24 09:50:00+00:00,4055.35,4058.47,4054.79,4058.31,0.0
2026-07-24 09:55:00+00:00,4058.29,4059.93,4058.29,4059.72,0.0
2026-07-24 10:00:00+00:00,4059.9,4061.56,4058.71,4059.95,0.0
2026-07-24 10:05:00+00:00,4059.95,4060.48,4058.87,4060.36,0.0
2026-07-24 10:10:00+00:00,4060.36,4060.52,4058.04,4058.25,0.0
2026-07-24 10:15:00+00:00,4058.23,4061.96,4057.64,4059.62,0.0
2026-07-24 10:20:00+00:00,4059.69,4061.28,4059.33,4060.42,0.0
2026-07-24 10:25:00+00:00,4060.42,4063.74,4059.92,4062.12,0.0
2026-07-24 10:30:00+00:00,4062.11,4063.95,4061.54,4061.63,0.0
2026-07-24 10:35:00+00:00,4061.66,4061.73,4060.19,4060.2,0.0
2026-07-24 10:40:00+00:00,4060.18,4060.22,4058.29,4058.45,0.0
2026-07-24 10:45:00+00:00,4058.36,4059.21,4057.87,4059.0,0.0
2026-07-24 10:50:00+00:00,4058.95,4059.52,4057.35,4057.89,0.0
2026-07-24 10:55:00+00:00,4057.92,4060.33,4057.54,4060.21,0.0
2026-07-24 11:00:00+00:00,4060.13,4062.81,4058.63,4062.35,0.0
2026-07-24 11:05:00+00:00,4062.36,4063.47,4060.71,4061.18,0.0
2026-07-24 11:10:00+00:00,4061.18,4061.37,4060.45,4061.02,0.0
2026-07-24 11:15:00+00:00,4061.33,4061.84,4060.2,4061.37,0.0
2026-07-24 11:20:00+00:00,4061.36,4062.04,4060.37,4061.6,0.0
2026-07-24 11:25:00+00:00,4061.59,4061.76,4059.29,4059.3,0.0
2026-07-24 11:30:00+00:00,4059.29,4060.47,4058.22,4059.98,0.0
2026-07-24 11:35:00+00:00,4059.96,4059.98,4057.0,4057.28,0.0
2026-07-24 11:40:00+00:00,4057.3,4057.98,4055.38,4055.38,0.0
2026-07-24 11:45:00+00:00,4055.38,4056.84,4053.96,4055.28,0.0
2026-07-24 11:50:00+00:00,4055.33,4055.34,4052.69,4052.92,0.0
2026-07-24 11:55:00+00:00,4052.79,4061.22,4051.6,4057.96,0.0
2026-07-24 12:00:00+00:00,4057.89,4058.24,4052.57,4054.14,0.0
2026-07-24 12:05:00+00:00,4054.23,4058.44,4052.88,4056.93,0.0
2026-07-24 12:10:00+00:00,4056.94,4057.41,4055.7,4056.59,0.0
2026-07-24 12:15:00+00:00,4056.68,4057.74,4055.97,4056.89,0.0
2026-07-24 12:20:00+00:00,4056.92,4058.47,4055.02,4058.47,0.0
2026-07-24 12:25:00+00:00,4058.5,4060.11,4056.72,4059.67,0.0
2026-07-24 12:30:00+00:00,4059.67,4059.67,4056.49,4057.75,0.0
2026-07-24 12:35:00+00:00,4057.28,4058.29,4055.33,4055.83,0.0
2026-07-24 12:40:00+00:00,4055.82,4056.72,4052.14,4055.35,0.0
2026-07-24 12:45:00+00:00,4055.23,4056.33,4051.84,4054.05,0.0
2026-07-24 12:50:00+00:00,4054.12,4055.82,4054.02,4055.15,0.0
2026-07-24 12:55:00+00:00,4055.24,4056.14,4051.91,4056.14,0.0
2026-07-24 13:00:00+00:00,4056.15,4058.3,4051.71,4052.31,0.0
2026-07-24 13:05:00+00:00,4052.31,4053.08,4046.15,4046.65,0.0
2026-07-24 13:10:00+00:00,4046.7,4049.72,4045.05,4048.24,0.0
2026-07-24 13:15:00+00:00,4048.27,4048.55,4045.05,4046.0,0.0
2026-07-24 13:20:00+00:00,4046.34,4049.39,4045.84,4047.02,0.0
2026-07-24 13:25:00+00:00,4047.08,4048.64,4045.98,4046.57,0.0
2026-07-24 13:30:00+00:00,4046.51,4050.41,4045.12,4049.85,0.0
2026-07-24 13:35:00+00:00,4049.5,4056.72,4049.5,4056.47,0.0
2026-07-24 13:40:00+00:00,4056.28,4056.69,4051.51,4052.45,0.0
2026-07-24 13:45:00+00:00,4052.31,4060.93,4049.05,4058.59,0.0
2026-07-24 13:50:00+00:00,4058.44,4061.05,4056.09,4059.9,0.0
2026-07-24 13:55:00+00:00,4059.79,4068.69,4057.18,4067.42,0.0
2026-07-24 14:00:00+00:00,4067.65,4069.9,4063.11,4063.19,0.0
2026-07-24 14:05:00+00:00,4062.78,4064.71,4057.57,4062.41,0.0
2026-07-24 14:10:00+00:00,4062.46,4063.71,4058.95,4058.97,0.0
2026-07-24 14:15:00+00:00,4058.92,4060.33,4056.18,4058.2,0.0
2026-07-24 14:20:00+00:00,4058.16,4064.9,4057.09,4064.6,0.0
2026-07-24 14:25:00+00:00,4064.82,4069.26,4064.73,4066.17,0.0
2026-07-24 14:30:00+00:00,4066.11,4068.03,4064.95,4065.17,0.0
2026-07-24 14:35:00+00:00,4064.71,4066.65,4060.09,4060.8,0.0
2026-07-24 14:40:00+00:00,4060.68,4062.48,4059.45,4060.44,0.0
2026-07-24 14:45:00+00:00,4060.44,4063.59,4058.7,4063.24,0.0
2026-07-24 14:50:00+00:00,4063.2,4064.8,4061.3,4061.78,0.0
2026-07-24 14:55:00+00:00,4061.74,4066.48,4061.58,4063.39,0.0
2026-07-24 15:00:00+00:00,4063.41,4067.13,4062.27,4064.0,0.0
2026-07-24 15:05:00+00:00,4064.02,4064.74,4062.0,4063.49,0.0
2026-07-24 15:10:00+00:00,4063.35,4076.45,4063.29,4075.06,0.0
2026-07-24 15:15:00+00:00,4074.79,4081.36,4072.24,4076.76,0.0
2026-07-24 15:20:00+00:00,4077.12,4082.1,4073.15,4074.28,0.0
2026-07-24 15:25:00+00:00,4074.09,4077.22,4072.68,4075.24,0.0
2026-07-24 15:30:00+00:00,4075.15,4076.89,4074.18,4074.3,0.0
2026-07-24 15:35:00+00:00,4074.24,4078.81,4073.63,4078.01,0.0
2026-07-24 15:40:00+00:00,4077.99,4079.66,4072.04,4072.17,0.0
2026-07-24 15:45:00+00:00,4072.14,4073.59,4071.22,4073.14,0.0
2026-07-24 15:50:00+00:00,4073.06,4076.18,4072.95,4075.43,0.0
2026-07-24 15:55:00+00:00,4075.35,4077.87,4075.14,4077.27,0.0
2026-07-24 16:00:00+00:00,4077.42,4077.46,4075.16,4076.78,0.0
2026-07-24 16:05:00+00:00,4076.68,4077.57,4075.19,4076.23,0.0
2026-07-24 16:10:00+00:00,4076.22,4077.04,4074.59,4075.02,0.0
2026-07-24 16:15:00+00:00,4074.95,4075.96,4074.03,4074.85,0.0
2026-07-24 16:20:00+00:00,4074.85,4077.76,4073.91,4077.38,0.0
2026-07-24 16:25:00+00:00,4077.38,4078.22,4073.71,4073.95,0.0
2026-07-24 16:30:00+00:00,4073.84,4073.99,4070.58,4072.48,0.0
2026-07-24 16:35:00+00:00,4072.49,4072.49,4067.65,4068.12,0.0
2026-07-24 16:40:00+00:00,4068.12,4068.79,4066.84,4067.8,0.0
2026-07-24 16:45:00+00:00,4067.76,4067.76,4064.45,4065.24,0.0
2026-07-24 16:50:00+00:00,4065.35,4066.07,4064.28,4065.88,0.0
2026-07-24 16:55:00+00:00,4065.86,4067.76,4065.55,4067.12,0.0
2026-07-24 17:00:00+00:00,4067.13,4068.39,4066.83,4068.0,0.0
2026-07-24 17:05:00+00:00,4068.0,4068.07,4064.26,4065.72,0.0
2026-07-24 17:10:00+00:00,4065.83,4066.25,4063.07,4064.29,0.0
2026-07-24 17:15:00+00:00,4064.29,4066.86,4063.75,4066.86,0.0
2026-07-24 17:20:00+00:00,4066.79,4068.79,4065.47,4068.61,0.0
2026-07-24 17:25:00+00:00,4068.84,4069.89,4067.35,4068.67,0.0
2026-07-24 17:30:00+00:00,4068.43,4069.82,4067.64,4068.45,0.0
2026-07-24 17:35:00+00:00,4068.48,4068.94,4067.69,4068.0,0.0
2026-07-24 17:40:00+00:00,4068.11,4068.96,4066.28,4066.62,0.0
2026-07-24 17:45:00+00:00,4066.62,4067.25,4064.9,4066.2,0.0
2026-07-24 17:50:00+00:00,4066.15,4066.97,4063.14,4063.53,0.0
2026-07-24 17:55:00+00:00,4063.54,4065.27,4063.43,4063.46,0.0
2026-07-24 18:00:00+00:00,4063.47,4064.17,4061.4,4063.06,0.0
2026-07-24 18:05:00+00:00,4063.01,4064.55,4062.9,4063.02,0.0
2026-07-24 18:10:00+00:00,4063.2,4063.58,4061.51,4061.74,0.0
2026-07-24 18:15:00+00:00,4061.74,4063.04,4060.25,4060.33,0.0
2026-07-24 18:20:00+00:00,4060.32,4060.77,4056.81,4057.67,0.0
2026-07-24 18:25:00+00:00,4057.62,4058.48,4055.18,4055.57,0.0
2026-07-24 18:30:00+00:00,4055.34,4056.24,4052.6,4054.27,0.0
2026-07-24 18:35:00+00:00,4054.37,4057.09,4053.46,4055.81,0.0
2026-07-24 18:40:00+00:00,4055.78,4055.78,4051.35,4052.2,0.0
2026-07-24 18:45:00+00:00,4052.19,4055.25,4051.9,4053.61,0.0
2026-07-24 18:50:00+00:00,4053.62,4055.97,4053.11,4054.44,0.0
2026-07-24 18:55:00+00:00,4054.44,4055.37,4054.12,4054.47,0.0
2026-07-24 19:00:00+00:00,4054.5,4056.47,4052.51,4054.86,0.0
2026-07-24 19:05:00+00:00,4054.8,4054.94,4052.67,4053.04,0.0
2026-07-24 19:10:00+00:00,4053.02,4054.88,4052.31,4052.4,0.0
2026-07-24 19:15:00+00:00,4052.44,4052.48,4049.84,4050.61,0.0
2026-07-24 19:20:00+00:00,4050.83,4051.31,4049.69,4049.78,0.0
2026-07-24 19:25:00+00:00,4049.74,4051.95,4049.37,4051.63,0.0
2026-07-24 19:30:00+00:00,4051.6,4054.49,4051.48,4054.2,0.0
2026-07-24 19:35:00+00:00,4054.19,4056.5,4053.79,4055.57,0.0
2026-07-24 19:40:00+00:00,4055.57,4058.01,4055.46,4056.9,0.0
2026-07-24 19:45:00+00:00,4057.01,4057.48,4055.01,4055.28,0.0
2026-07-24 19:50:00+00:00,4055.28,4055.74,4053.86,4055.49,0.0
2026-07-24 19:55:00+00:00,4055.48,4055.48,4052.9,4054.07,0.0
2026-07-24 20:00:00+00:00,4053.8,4055.31,4053.33,4054.43,0.0
2026-07-24 20:05:00+00:00,4054.22,4054.33,4053.01,4053.08,0.0
2026-07-24 20:10:00+00:00,4053.04,4053.54,4052.39,4052.67,0.0
2026-07-24 20:15:00+00:00,4052.67,4053.39,4052.24,4052.67,0.0
2026-07-24 20:20:00+00:00,4052.7,4053.56,4052.26,4053.56,0.0
2026-07-24 20:25:00+00:00,4053.56,4054.79,4053.17,4053.76,0.0
2026-07-24 20:30:00+00:00,4053.77,4054.08,4051.82,4052.31,0.0
2026-07-24 20:35:00+00:00,4052.41,4054.55,4052.41,4054.5,0.0
2026-07-24 20:40:00+00:00,4054.44,4056.1,4053.89,4055.62,0.0
2026-07-24 20:45:00+00:00,4055.62,4056.23,4054.25,4054.61,0.0
2026-07-24 20:50:00+00:00,4054.52,4054.67,4053.29,4053.58,0.0
2026-07-24 20:55:00+00:00,4053.39,4053.39,4053.39,4053.39,0.0
